"Brand_Reg","Model_No","SoldIn","screensize","Screen_Tech","Avg_mode_power","Star Rating Index","Submit_ID","Screensize_inches"
"KOGAN","*24*","Australia,Fiji,New Zealand",59.824,"LCD",22,5.121511445327967,170148,24
"KOGAN","*32*","Australia,Fiji,New Zealand",80.039,"LCD",35.2,5.016705353735284,170150,32
"KOGAN","*60*","Australia,Fiji,New Zealand",152.663,"LCD",110.3,5.030432129486525,155515,60
"SAMSUNG","**32F6000F*","Australia,Fiji,New Zealand",80.008,"LCD (LED)",36,4.91366815087741,165781,31
"FPD","****24*****","Australia,Fiji,New Zealand",59.824,"LCD (LED)",26.06,4.025359920995686,180855,24
"FPD","****32**********","Australia",80.039,"LCD (LED)",31.68,5.051045905816841,173787,32
"FPD","****40*****","Australia,Fiji,New Zealand",100.332,"LCD (LED)",50.94,4.526400619045754,180857,40
"FPD","****43*****","Australia,Fiji,New Zealand",107.986,"LCD (LED)",75.42,3.542223664976664,180871,43
"CAIXUN","*****32*****","Australia,Fiji,New Zealand",80.039,"LCD (LED)",25.92,5.799687998815937,143036,32
"CAIXUN","*****40*****","Australia,Fiji,New Zealand",100.332,"LCD (LED)",34.52,6.025786528657009,143170,40
"KOGAN","*********32*********","Australia,Fiji,New Zealand",79.967,"LCD (LED)",36.3,4.3445623134294555,178829,31
"KOGAN","*********40*********","Australia,Fiji,New Zealand",100.305,"LCD (LED)",45.18,4.544406853380655,178958,39
"KOGAN","*********43*********","Australia,Fiji,New Zealand",107.95,"LCD (LED)",44.82,3.553267260591146,180958,42
"KOGAN","*********50*********","Australia,Fiji,New Zealand",125.725,"LCD (LED)",105,3.054983381188823,181824,49
"KOGAN","*********55*********","Australia,Fiji,New Zealand",138.798,"LCD (LED)",123.84,3.5221653033837876,181842,55
"KOGAN","*********65*********","Australia,Fiji,New Zealand",163.878,"LCD (LED)",151.62,3.6205371729918245,181843,65
"KOGAN","*********75*********","Australia,Fiji,New Zealand",189.306,"LCD (LED)",130.8,5.5485690204715645,178959,75
"KOGAN","*********85*********","Australia,Fiji,New Zealand",214.783,"LCD (LED)",216.3,4.552077515720736,180946,85
"KOGAN","**********24**********","Australia,Fiji,New Zealand",59.816,"LCD (LED)",23.98,4.516360257282469,164908,24
"KOGAN","**********32**********","Australia,Fiji,New Zealand",80.029,"LCD (LED)",31.84,5.016703576803088,164909,32
"KOGAN","**********70**********","Australia,Fiji,New Zealand",176.538,"LCD (LED)",138.82,5.005691320259438,163478,70
"KOGAN","**********85**********","Australia,Fiji,New Zealand",215.329,"LCD (LED)",280.55,3.5055839279471974,162831,85
"KOGAN","**********86**********","Australia,Fiji,New Zealand",217.518,"LCD (LED)",298.5,3.5018497413173733,164586,86
"KOGAN","**********100**********","Australia,Fiji,New Zealand",253.136,"LCD (LED)",379.07,3.5008157002390408,162834,100
"SHARP","2T-C32EG1X","Australia,Fiji,New Zealand",80.043,"LCD (LED)",29.15,5.800164961009463,150943,32
"SHARP","2T-C42EG1X","Australia,Fiji,New Zealand",105.415,"LCD (LED)",53,5.198720591823303,150945,42
"SHARP","4T-C50DK1X","Australia,Fiji,New Zealand",125.727,"LCD (LED)",84.4,4.5974627946475835,150946,49
"SHARP","4T-C60DL1X","Australia,Fiji,New Zealand",152.663,"LCD (LED)",137,4.050393944753631,151145,60
"SHARP","4T-C70DL1X","Australia,Fiji,New Zealand",176.563,"LCD (LED)",123.94,5.7179341816321125,150947,70
"JVC","19"" smart","Australia",47.013,"LCD",19.4,4.333587410734022,163671,19
"PHILIPS","19HFL5214W/12","Australia,Fiji,New Zealand",47.013,"LCD (LED)",15.12,5.065515602883841,142849,19
"WINTAL","19LED19HD","Australia",47.013,"LCD (LED)",19.4,4.395401082028128,161837,19
"LPT","24DN4","Australia,Fiji,New Zealand",60.106,"LCD",24.4,4.777678717114031,179718,24
"PHILIPS","24HFL3011T/12","Australia,Fiji,New Zealand",59.687,"LCD (LED)",17.38,6.206406424105242,140130,23
"PHILIPS","24HFL4025/97","Australia,Fiji,New Zealand",59.827,"LCD (LED)",10,4.758996661557138,175310,24
"PHILIPS","24HFL4518/97","Australia,Fiji,New Zealand",59.774,"LCD (LED)",16.9,5.9446797967165725,165026,24
"SKYWORTH","24LP60G","Australia,Fiji,New Zealand",60.469,"LCD (LED)",16.33,5.583285571635198,167238,24
"ENGLAON","24in Smart TV","Australia,New Zealand",59.81,"LCD (LED)",20.3,5.399112734703527,155058,24
"ENGLAON","27in Smart TV","Australia,New Zealand",68.568,"LCD (LED)",42.76,3.1109409488656943,157544,27
"HISENSE","32A4HAU","Australia,New Zealand",80.04,"LCD (LED)",25.32,6.051110422730285,148089,32
"HISENSE","32A4KAU","Australia",80.04,"LCD (LED)",22.8,6.552094678514144,155359,32
"HISENSE","32A4N","Australia,New Zealand",80.039,"LCD (LED)",22.07,6.7490607593293985,167833,32
"HISENSE","32A4NAU","Australia,New Zealand",80.04,"LCD (LED)",22.8,6.552094678514144,162651,32
"HISENSE","32A4NNZ","Australia,New Zealand",80.04,"LCD (LED)",22.8,6.552094678514144,162651,32
"HISENSE","32A4QAU","Australia,New Zealand",80.039,"LCD (LED)",22.07,6.7490607593293985,167833,32
"HISENSE","32A4QNZ","Australia,New Zealand",80.039,"LCD (LED)",22.07,6.7490607593293985,167833,32
"HISENSE","32A4S","Australia,New Zealand",80.039,"LCD (LED)",22.07,6.7490607593293985,177731,32
"HISENSE","32A4SAU","Australia,New Zealand",80.039,"LCD (LED)",22.07,6.7490607593293985,177731,32
"HISENSE","32A4SNZ","Australia,New Zealand",80.039,"LCD (LED)",22.07,6.7490607593293985,177731,32
"WALTON","32D120G","Australia,Fiji,New Zealand",80.039,"LCD (LED)",29.57,5.600491790512466,146754,32
"WALTON","32D120GAU","Australia,Fiji,New Zealand",80.039,"LCD (LED)",29.57,5.600491790512466,146754,32
"WALTON","32D120G_AU","Australia,Fiji,New Zealand",80.039,"LCD (LED)",29.57,5.600491790512466,146754,32
"LPT","32DN4","Australia,Fiji,New Zealand",80.131,"LCD",35,5.060105230766275,179730,32
"SKYWORTH","32E5500H","Australia,Fiji,New Zealand",80.043,"LCD (LED)",18.4,6.6994546526913235,178442,32
"PHILIPS","32HFL4025/97","Australia,Fiji,New Zealand",80.133,"LCD (LED)",24.7,5.532724332007882,174901,32
"PHILIPS","32HFL4518/97","Australia,Fiji,New Zealand",80.054,"LCD (LED)",24.9,5.964966655906721,165022,32
"PHILIPS","32HFL5114/12","Australia,Fiji,New Zealand",80.103,"LCD (LED)",27.8,5.647994615200048,181775,32
"LG","32LB650B6LA","Australia,New Zealand",80.043,"LCD (LED)",29,5.882395160180036,176722,32
"LG","32LB655BPSA","Australia,New Zealand",80.043,"LCD (LED)",29,5.882395160180036,176785,32
"LG","32LK660H0LD","Australia,New Zealand",80.043,"LCD (LED)",24,6.6994546526913235,178701,32
"LG","32LN340CBSD","Australia,New Zealand",80.043,"LCD (LED)",33,5.299572454875552,150656,32
"LG","32LN660HBSD","Australia,New Zealand",80.043,"LCD (LED)",24,6.6994546526913235,161493,32
"SKYWORTH","32LP70G","Australia,Fiji,New Zealand",80.054,"LCD (LED)",32.4,5.154958966766685,170311,32
"LG","32LR650BPSA","Australia,New Zealand",80.043,"LCD (LED)",30,5.71941646795843,169174,32
"LG","32LR655BPSA","Australia,New Zealand",80.043,"LCD (LED)",30,5.71941646795843,168848,32
"LG","32LT340CBTB","Australia,New Zealand",80.043,"LCD (LED)",25.5,6.457156719581245,160319,32
"METZ","32MTD6500A","Australia,Fiji,New Zealand",80.054,"LCD (LED)",27.2,5.5997621327590545,143631,32
"PHILIPS","32PHT6529/79","Australia,New Zealand",80.039,"LCD (LED)",35.8,4.561680559205172,165875,32
"PHILIPS","32PHT6915/79","New Zealand",80.054,"LCD (LED)",35.47,4.530161456694669,147946,32
"PHILIPS","32PHT6918/79","Australia,Fiji,New Zealand",80.054,"LCD (LED)",25.7,6.007444889755374,155195,32
"PHILIPS","32PQT6831/79","Australia,Fiji,New Zealand",80.054,"LCD (LED)",31.9,5.050329620054731,181412,32
"HISENSE","32Q6","Australia,New Zealand",80.131,"LCD (LED)",24.82,6.280909501006662,175073,32
"HISENSE","32Q6QAU","Australia,New Zealand",80.131,"LCD (LED)",24.82,6.280909501006662,175073,32
"HISENSE","32Q6QNZ","Australia,New Zealand",80.131,"LCD (LED)",24.82,6.280909501006662,175073,32
"HISENSE","32Q6SAU","Australia,New Zealand",80.131,"LCD (LED)",24.82,6.280909501006662,175073,32
"HISENSE","32Q6SNZ","Australia,New Zealand",80.131,"LCD (LED)",24.82,6.280909501006662,175073,32
"COOCAA","32Q56CH","Australia,Fiji,New Zealand",80.043,"LCD (LED)",20.8,6.6994546526913235,179531,32
"SKYWORTH","32Q5600H","Australia,Fiji,New Zealand",80.043,"LCD (LED)",22.4,6.6994546526913235,179849,32
"TCL","32S5K","Australia,Fiji,New Zealand",79.967,"LCD (LED)",25.4,5.04521473860549,168800,31
"CHIQ","32S49M","Australia,Fiji,New Zealand",80.039,"LCD (LED)",25.47,5.718939505764904,182327,32
"CHIQ","32S510M","Australia,Fiji,New Zealand",80.039,"LCD (LED)",21.9,5.718859351884015,179878,32
"TCL","32S5400AF","Australia,Fiji,New Zealand",79.967,"LCD (LED)",27,5.793854274363063,154555,31
"TOSHIBA","32V35NP","Australia,New Zealand",80.039,"LCD (LED)",24.17,6.363284451982482,163621,32
"ENGLAON","32in Smart TV","Australia,New Zealand",86.176,"LCD (LED)",47.2,4.513125542904489,152453,34
"HISENSE","40A4KAU","Australia",100.332,"LCD (LED)",29.07,7.018348467224255,155360,40
"HISENSE","40A4N","Australia,New Zealand",100.332,"LCD (LED)",29.07,7.018348467224255,162652,40
"HISENSE","40A4NAU","Australia,New Zealand",100.332,"LCD (LED)",29.07,7.018348467224255,162652,40
"HISENSE","40A4NNZ","Australia,New Zealand",100.332,"LCD (LED)",29.07,7.018348467224255,162652,40
"HISENSE","40A4Q","Australia,New Zealand",100.332,"LCD (LED)",28.17,7.018348467224255,167832,40
"HISENSE","40A4QAU","Australia,New Zealand",100.332,"LCD (LED)",28.17,7.018348467224255,167832,40
"HISENSE","40A4QNZ","Australia,New Zealand",100.332,"LCD (LED)",28.17,7.018348467224255,167832,40
"HISENSE","40A4S","Australia,New Zealand",100.332,"LCD (LED)",28.17,7.018348467224255,177730,40
"HISENSE","40A4SAU","Australia,New Zealand",100.332,"LCD (LED)",28.17,7.018348467224255,177730,40
"HISENSE","40A4SNZ","Australia,New Zealand",100.332,"LCD (LED)",28.17,7.018348467224255,177730,40
"COOCAA","40E5500H","New Zealand",100.34,"LCD (LED)",32.9,6.5261979961276575,172018,40
"METZ","40MTD6500A","Australia,Fiji,New Zealand",100.645,"LCD (LED)",28.2,7.033409441022956,143898,40
"PHILIPS","40PFT6529/79","Australia,New Zealand",100.332,"LCD (LED)",41.6,5.574444892258945,165831,40
"PHILIPS","40PQT6831/79","Australia,Fiji,New Zealand",100.305,"LCD (LED)",46.1,5.064246719599972,181413,39
"HISENSE","40Q6S","Australia,New Zealand",100.332,"LCD (LED)",30.63,7.093040531534654,178184,40
"HISENSE","40Q6SAU","Australia,New Zealand",100.332,"LCD (LED)",30.63,7.093040531534654,178184,40
"HISENSE","40Q6SNZ","Australia,New Zealand",100.332,"LCD (LED)",30.63,7.093040531534654,178184,40
"COOCAA","40Q56CH","Australia,Fiji,New Zealand",100.301,"LCD (LED)",34.1,6.366762882999291,179532,39
"SKYWORTH","40Q5600H","Australia,Fiji,New Zealand",100.342,"LCD (LED)",32.8,6.3655159060378335,180110,40
"WALTON","40RG","Australia,Fiji,New Zealand",100.333,"LCD (LED)",35.18,6.528056286326917,146760,40
"WALTON","40RGAU","Australia,Fiji,New Zealand",100.333,"LCD (LED)",35.18,6.528056286326917,146760,40
"WALTON","40RG_AU","Australia,Fiji,New Zealand",100.333,"LCD (LED)",35.18,6.528056286326917,146760,40
"TCL","40S5K","Australia,Fiji,New Zealand",100.305,"LCD (LED)",30.3,6.361466345891943,168801,39
"TCL","40S5400A","Australia,Fiji,New Zealand",100.305,"LCD (LED)",35.6,5.235220811119446,154553,39
"LG","42LX1Q6LA","Australia,New Zealand",105.52,"OLED",63,4.527878970799845,147185,42
"LG","42LX1QPSA","Australia,New Zealand",105.52,"OLED",63,4.527878970799845,147186,42
"LG","42LX3Q6LA","Australia,New Zealand",105.52,"OLED",63,4.527878970799845,148257,42
"LG","42LX3QPSA","Australia,New Zealand",105.52,"OLED",63,4.527878970799845,148258,42
"PHILIPS","43BFL2214/97","Australia,Fiji,New Zealand",107.986,"LCD (LED)",51.04,5.198431890000209,141655,43
"TOSHIBA","43C350","Australia",107.986,"LCD (LED)",50.56,5.510696888148748,170785,43
"TOSHIBA","43C350LP","Australia,New Zealand",107.986,"LCD (LED)",51.12,5.070989554548221,147072,43
"TOSHIBA","43C350MP","Australia,New Zealand",107.986,"LCD (LED)",51.12,5.070989554548221,153591,43
"TOSHIBA","43C350NP","Australia,New Zealand",107.954,"LCD (LED)",59.91,4.517515573092177,160542,43
"TOSHIBA","43C350RP","Australia",107.986,"LCD (LED)",50.56,5.510696888148748,170785,43
"TOSHIBA","43C350SP","Australia",107.986,"LCD (LED)",50.56,5.510696888148748,170785,43
"TCL","43C655","Australia,Fiji,New Zealand",107.95,"LCD (LED)",58.2,4.553267260591147,159792,42
"WALTON","43D210G","Australia,Fiji,New Zealand",107.956,"LCD (LED)",35.97,7.035028893387631,146761,43
"WALTON","43D210GAU","Australia,Fiji,New Zealand",107.956,"LCD (LED)",35.97,7.035028893387631,146761,43
"WALTON","43D210G_AU","Australia,Fiji,New Zealand",107.956,"LCD (LED)",35.97,7.035028893387631,146761,43
"WALTON","43D210N","Australia,Fiji,New Zealand",109.275,"LCD (LED)",36.4,7.087207125920074,141823,43
"SKYWORTH","43E5500H","Australia,Fiji,New Zealand",107.956,"LCD (LED)",36.6,6.022058059100385,170053,43
"TCL","43G60K-IU","Australia,Fiji,New Zealand",107.95,"LCD (LED)",42.7,5.968737022357746,179820,42
"PHILIPS","43HFL4025/97","Australia,Fiji,New Zealand",107.956,"LCD (LED)",32.5,5.555077154134538,174903,43
"PHILIPS","43HFL5011T/12","Australia,Fiji,New Zealand",108.037,"LCD (LED)",43.23,6.374499841331531,140286,43
"PHILIPS","43HFL5214U/97","Australia,Fiji,New Zealand",107.986,"LCD (LED)",51.04,5.198431890000209,141655,43
"PHILIPS","43HFL6214U/12","Australia,Fiji,New Zealand",107.987,"LCD (LED)",53.2,5.029236682652613,142475,43
"PHILIPS","43HFL7025/97","Australia,Fiji,New Zealand",107.987,"LCD (LED)",41.5,5.772221428867803,174904,43
"LG","43NANO75SQA","Australia,New Zealand",107.987,"LCD (LED)",75,3.9307399679175017,143450,43
"LG","43NANO80A6B","Australia,New Zealand",107.987,"LCD (LED)",70,4.232972680439712,166079,43
"LG","43NANO80ASA","Australia,New Zealand",107.987,"LCD (LED)",70,4.232972680439712,166080,43
"LG","43NANO81TSA","Australia,New Zealand",107.987,"LCD (LED)",70,4.232972680439712,159090,43
"LG","43NANO756QA","Australia,New Zealand",107.987,"LCD (LED)",75,3.9307399679175017,143451,43
"LG","43NU85CB6LA","Australia,New Zealand",107.987,"LCD (LED)",62,4.767326376368296,177805,43
"LG","43NU85CBPSA","Australia,New Zealand",107.987,"LCD (LED)",62,4.767326376368296,177806,43
"LG","43NU805BPSC","Australia,Fiji,New Zealand",107.987,"LCD (LED)",58,5.091914908809575,176718,43
"LG","43NU830B6LA","Australia,New Zealand",107.987,"LCD (LED)",62,4.767326376368296,178696,43
"LG","43NU850B6LA","Australia,New Zealand",107.987,"LCD (LED)",62,4.767326376368296,174976,43
"LG","43NU855BPSA","Australia,New Zealand",107.987,"LCD (LED)",62,4.767326376368296,174977,43
"TCL","43P7K","Australia,Fiji,New Zealand",107.95,"LCD (LED)",50.5,4.943201795903388,167005,42
"TCL","43P7LS","Australia,Fiji,New Zealand",107.95,"LCD (LED)",57,4.370326753102434,176908,42
"PHILIPS","43PFT6915/79","New Zealand",107.942,"LCD (LED)",50.44,5.238511305570017,148240,42
"PHILIPS","43PFT6918/79","Australia,Fiji,New Zealand",107.95,"LCD (LED)",38,6.512606008440962,155824,42
"LG","43PK640S0SB","Australia,Fiji,New Zealand",107.987,"LCD (LED)",65.9,4.519881526282994,172378,43
"PHILIPS","43PQT7931/79","Australia,Fiji,New Zealand",107.95,"LCD (LED)",51.3,5.1945622601458155,181414,42
"PHILIPS","43PUT7231/75","Australia,Fiji,New Zealand",107.987,"LCD (LED)",53.3,5.029236682652613,180601,43
"PHILIPS","43PUT7428/79","Australia,Fiji,New Zealand",107.95,"LCD (LED)",80.8,3.167068798957339,155735,42
"PHILIPS","43PUT7908/75","Australia,Fiji,New Zealand",107.95,"LCD (LED)",82.7,3.0721486367805606,155197,42
"HISENSE","43Q6N series","Australia,New Zealand",107.95,"LCD (LED)",55.02,4.7635216887896465,161767,42
"HISENSE","43Q6NAU","Australia,New Zealand",107.95,"LCD (LED)",55.02,4.7635216887896465,161767,42
"HISENSE","43Q6NNZ","Australia,New Zealand",107.95,"LCD (LED)",55.02,4.7635216887896465,161767,42
"HISENSE","43Q6Q series","Australia,New Zealand",107.95,"LCD (LED)",51.09,5.303604625547934,167834,42
"HISENSE","43Q6QAU","Australia,New Zealand",107.95,"LCD (LED)",51.09,5.303604625547934,167834,42
"HISENSE","43Q6QNZ","Australia,New Zealand",107.95,"LCD (LED)",51.09,5.303604625547934,167834,42
"HISENSE","43Q6S series","Australia,New Zealand",107.95,"LCD (LED)",49.62,5.647616432117,178185,42
"HISENSE","43Q6SAU","Australia,New Zealand",107.95,"LCD (LED)",49.62,5.647616432117,178185,42
"HISENSE","43Q6SNZ","Australia,New Zealand",107.95,"LCD (LED)",49.62,5.647616432117,178185,42
"COOCAA","43Q56CH","Australia,Fiji,New Zealand",107.956,"LCD (LED)",37.6,6.372136646645825,176754,43
"SKYWORTH","43Q5600H","Australia,Fiji,New Zealand",107.956,"LCD (LED)",38.7,6.234235916440882,176304,43
"LG","43QNED70B6C","Australia,New Zealand",107.987,"LCD (LED)",63,4.708999043871274,175400,43
"LG","43QNED70BSA","Australia,New Zealand",107.987,"LCD (LED)",63,4.708999043871274,175401,43
"LG","43QNED75SRA","Australia,New Zealand",107.987,"LCD (LED)",70,4.232972680439712,153946,43
"LG","43QNED80A6A","Australia,New Zealand",107.987,"LCD (LED)",64,4.632391706313805,166081,43
"LG","43QNED80B6B","Australia,New Zealand",107.987,"LCD (LED)",63,4.708999043871274,174984,43
"LG","43QNED80BSA","Australia,New Zealand",107.987,"LCD (LED)",63,4.708999043871274,174985,43
"LG","43QNED80T6A","Australia,New Zealand",107.987,"LCD (LED)",67,4.428233749097203,158176,43
"LG","43QNED81ASA","Australia,New Zealand",107.987,"LCD (LED)",64,4.632391706313805,166082,43
"LG","43QNED81TSA","Australia,New Zealand",107.987,"LCD (LED)",67,4.428233749097203,158177,43
"LG","43QNED82ASA","Australia,New Zealand",107.987,"LCD (LED)",70,4.232972680439712,166677,43
"LG","43QNED756RA","Australia,New Zealand",107.987,"LCD (LED)",82,3.527294960757275,153947,43
"LG","43UA731C0SB","Australia,Fiji,New Zealand",107.987,"LCD (LED)",66,4.519881526282994,173400,43
"LG","43UA841C0SA","Australia,New Zealand",107.987,"LCD (LED)",70,4.232972680439712,171697,43
"LG","43UA7350PSB","Australia,Fiji,New Zealand",107.987,"LCD (LED)",66,4.519881526282994,167431,43
"LG","43UA8450PSA","Australia,New Zealand",107.987,"LCD (LED)",70,4.232972680439712,166822,43
"LG","43UJ660H5LD","Australia,New Zealand",107.987,"LCD (LED)",40,6.6933318337413885,178692,43
"LG","43UK660H0LA","Australia,New Zealand",107.987,"LCD (LED)",46,6.1024470408434714,169746,43
"LG","43UK762H0LB","Australia,New Zealand",107.987,"LCD (LED)",65,4.557071948169797,171503,43
"LG","43UK762H5LB","Australia,New Zealand",107.987,"LCD (LED)",65,4.557071948169797,180253,43
"LG","43UK767H0LB","Australia,New Zealand",107.987,"LCD (LED)",62,4.767326376368296,171701,43
"LG","43UK767H5LB","Australia,New Zealand",107.987,"LCD (LED)",62,4.767326376368296,180426,43
"LG","43UM662H0LC","Australia,New Zealand",107.987,"LCD (LED)",36,7.168839664326816,156855,43
"LG","43UM662H4LC","Australia,New Zealand",107.987,"LCD (LED)",36,7.168839664326816,163703,43
"LG","43UM767H0LD","Australia,New Zealand",107.987,"LCD (LED)",43,6.402228210570558,154716,43
"LG","43UP801C0TB","Australia,New Zealand",107.987,"LCD (LED)",78,3.755600019609336,143886,43
"LG","43UQ751C0LF","Australia,New Zealand",107.987,"LCD (LED)",77,3.8026906818154727,147180,43
"LG","43UQ901C0SD","Australia,New Zealand",107.987,"LCD (LED)",75,3.9307399679175017,149433,43
"LG","43UQ7050PSA","Australia,New Zealand",107.987,"LCD (LED)",74,3.97971772446849,154908,43
"LG","43UQ9000PSD","Australia,New Zealand",107.987,"LCD (LED)",75,3.9307399679175017,143545,43
"LG","43UQ75006LF","Australia,New Zealand",107.987,"LCD (LED)",77,3.8026906818154727,143454,43
"LG","43UQ80006LB","Australia,New Zealand",107.987,"LCD (LED)",73,4.045865347808662,144176,43
"LG","43UQ91006LA","Australia,New Zealand",107.987,"LCD (LED)",75,3.9307399679175017,143546,43
"LG","43UR761H0TA","Australia,New Zealand",107.987,"LCD (LED)",67,4.428233749097203,159962,43
"LG","43UR781C0LL","Australia,New Zealand",107.987,"LCD (LED)",73,4.045865347808662,153579,43
"LG","43UR801C0SB","Australia,New Zealand",107.987,"LCD (LED)",73,4.045865347808662,153580,43
"LG","43UR8050PSB","Australia,New Zealand",107.987,"LCD (LED)",73,4.045865347808662,151630,43
"LG","43UR78006LL","Australia,New Zealand",107.987,"LCD (LED)",73,4.045865347808662,151881,43
"LG","43UR80006LJ","Australia,New Zealand",107.987,"LCD (LED)",73,4.045865347808662,151631,43
"LG","43UR81006LJ","Australia,New Zealand",107.987,"LCD (LED)",73,4.045865347808662,152176,43
"LG","43UT801C0LA","Australia,New Zealand",107.987,"LCD (LED)",73,4.045865347808662,162888,43
"LG","43UT801C0SB","Australia,New Zealand",107.987,"LCD (LED)",70,4.232972680439712,162889,43
"LG","43UT8050PSB","Australia,New Zealand",107.987,"LCD (LED)",70,4.232972680439712,158836,43
"LG","43UT80506LA","Australia,New Zealand",107.987,"LCD (LED)",73,4.045865347808662,158837,43
"LG","43UT81006LA","Australia,New Zealand",107.987,"LCD (LED)",73,4.045865347808662,158838,43
"LG","43UT90506LB","Australia,New Zealand",107.987,"LCD (LED)",67,4.428233749097203,159963,43
"TOSHIBA","43V35NP","Australia,New Zealand",107.954,"LCD (LED)",33.62,7.067250024200782,163622,43
"LG","48LX1Q6LA","Australia,New Zealand",120.721,"OLED",77,4.689905816504032,147187,48
"LG","48LX1QPSA","Australia,New Zealand",120.721,"OLED",77,4.689905816504032,147188,48
"PHILIPS","49HFL5011T/12","Australia,Fiji,New Zealand",123.17,"LCD (LED)",47.37,7.01820175064728,140289,48
"HISENSE","50A6HAU","Australia,New Zealand",125.731,"LCD (LED)",59.47,5.519365722220251,146894,50
"PHILIPS","50BFL2214/97","Australia,New Zealand",125.741,"LCD (LED)",62.33,5.537859061582124,141784,50
"TCL","50C7K","Australia,Fiji,New Zealand",125.638,"LCD (LED)",87.6,4.038563985356884,166351,49
"TOSHIBA","50C350","Australia",125.731,"LCD (LED)",54.86,6.003308177326366,170349,50
"TOSHIBA","50C350LP","Australia,New Zealand",125.731,"LCD (LED)",67.75,5.262234775592492,147080,50
"TOSHIBA","50C350MP","Australia,New Zealand",125.731,"LCD (LED)",67.75,5.262234775592492,153592,50
"TOSHIBA","50C350NP","Australia,New Zealand",125.731,"LCD (LED)",61.1,5.519365722220251,160543,50
"TOSHIBA","50C350RP","Australia",125.731,"LCD (LED)",54.86,6.003308177326366,170349,50
"TOSHIBA","50C350SP","Australia",125.731,"LCD (LED)",54.86,6.003308177326366,170349,50
"TCL","50C655","Australia,Fiji,New Zealand",125.638,"LCD (LED)",58.4,4.767626426637194,159811,49
"TCL","50C755","Australia,Fiji,New Zealand",125.638,"LCD (LED)",91.4,3.591861933680575,159914,49
"TCL","50C845","Australia,Fiji,New Zealand",125.638,"LCD (LED)",91.4,3.591861933680575,156025,49
"TCL","50G60K-IU","Australia,Fiji,New Zealand",125.638,"LCD (LED)",50,6.474027948326812,179822,49
"COOCAA","50G6500H","New Zealand",125.727,"LCD (LED)",55.3,5.9639547998631945,172019,49
"PHILIPS","50HFL4025/97","Australia,Fiji,New Zealand",125.736,"LCD (LED)",47.5,6.372008086070252,174889,50
"PHILIPS","50HFL5214U/97","Australia,New Zealand",125.741,"LCD (LED)",62.33,5.537859061582124,141784,50
"PHILIPS","50HFL6214U/12","Australia,Fiji,New Zealand",125.741,"LCD (LED)",64.01,5.43282096913457,142478,50
"PHILIPS","50HFL7025/97","Australia,Fiji,New Zealand",125.727,"LCD (LED)",52.1,5.9639547998631945,174890,49
"LG","50NANO75SQA","Australia,New Zealand",125.727,"LCD (LED)",90,4.332542803819169,143455,49
"LG","50NANO80A6A","Australia,New Zealand",125.727,"LCD (LED)",83,4.699152541308104,166083,49
"LG","50NANO80ASA","Australia,New Zealand",125.727,"LCD (LED)",83,4.699152541308104,166084,49
"LG","50NANO81TSA","Australia,New Zealand",125.727,"LCD (LED)",90,4.332542803819169,159093,49
"LG","50NANO756QA","Australia,New Zealand",125.727,"LCD (LED)",90,4.332542803819169,143457,49
"LG","50NANO806QA","Australia,New Zealand",125.727,"LCD (LED)",75,5.146895307351907,144177,49
"LG","50NU85CB6LA","Australia,New Zealand",125.727,"LCD (LED)",76,5.082413329865411,177808,49
"LG","50NU85CBPSA","Australia,New Zealand",125.727,"LCD (LED)",76,5.082413329865411,177809,49
"LG","50NU805BPSC","Australia,Fiji,New Zealand",125.727,"LCD (LED)",75,5.146895307351907,176717,49
"LG","50NU830B6LA","Australia,New Zealand",125.727,"LCD (LED)",76,5.082413329865411,178697,49
"LG","50NU850B6LA","Australia,New Zealand",125.727,"LCD (LED)",76,5.082413329865411,174986,49
"LG","50NU855BPSA","Australia,New Zealand",125.727,"LCD (LED)",76,5.082413329865411,174987,49
"TCL","50P7K","Australia,Fiji,New Zealand",125.638,"LCD (LED)",60.2,5.675222738153714,166711,49
"TCL","50P7LS","Australia,Fiji,New Zealand",125.638,"LCD (LED)",58.6,5.767626426637195,176910,49
"LG","50PK640S0SB","Australia,Fiji,New Zealand",125.727,"LCD (LED)",81,4.818267064887973,172392,49
"PHILIPS","50PQT7931/79","Australia,Fiji,New Zealand",125.725,"LCD (LED)",61.8,5.588392057893258,181415,49
"PHILIPS","50PUT7039/79","Australia,New Zealand",125.731,"LCD (LED)",91.5,3.773441375953628,166097,50
"PHILIPS","50PUT7129/98","Australia,New Zealand",125.731,"LCD (LED)",96,3.6438774995872896,165029,50
"PHILIPS","50PUT7231/75","Australia,Fiji,New Zealand",125.736,"LCD (LED)",62.9,5.5195221630815645,180622,50
"PHILIPS","50PUT7428/79","Australia,Fiji,New Zealand",125.725,"LCD (LED)",66.6,5.260125965020835,155480,49
"PHILIPS","50PUT7906/75","Australia,New Zealand",125.741,"LCD (LED)",93.12,3.762321958542641,141284,50
"PHILIPS","50PUT7906/79","Australia,New Zealand",125.741,"LCD (LED)",93.12,3.762321958542641,141284,50
"PHILIPS","50PUT7908/75","Australia,Fiji,New Zealand",125.725,"LCD (LED)",99.1,3.4821083383878686,153274,49
"PHILIPS","50PUT7908/79","Australia,Fiji,New Zealand",125.725,"LCD (LED)",99.1,3.4821083383878686,153274,49
"PHILIPS","50PUT8217/75","Australia,Fiji",125.725,"LCD (LED)",61.3,5.6243875937263965,147089,49
"PHILIPS","50PUT8217/79","Australia,Fiji",125.725,"LCD (LED)",61.3,5.6243875937263965,147089,49
"PHILIPS","50PUT8507/75","Australia,Fiji,New Zealand",125.725,"LCD (LED)",81.32,4.357808286657745,146715,49
"PHILIPS","50PUT8507/79","Australia,Fiji,New Zealand",125.725,"LCD (LED)",81.32,4.357808286657745,146715,49
"PHILIPS","50PUT8528/79","Australia,Fiji,New Zealand",125.725,"LCD (LED)",81.3,4.357808286657745,153115,49
"HISENSE","50Q6N series","Australia,New Zealand",125.731,"LCD (LED)",55.49,6.023006759011338,161768,50
"HISENSE","50Q6NAU","Australia,New Zealand",125.731,"LCD (LED)",55.49,6.023006759011338,161768,50
"HISENSE","50Q6NNZ","Australia,New Zealand",125.731,"LCD (LED)",55.49,6.023006759011338,161768,50
"HISENSE","50Q6Q series","Australia,New Zealand",125.731,"LCD (LED)",59.02,5.792152969391529,167835,50
"HISENSE","50Q6QAU","Australia,New Zealand",125.731,"LCD (LED)",59.02,5.792152969391529,167835,50
"HISENSE","50Q6QNZ","Australia,New Zealand",125.731,"LCD (LED)",59.02,5.792152969391529,167835,50
"HISENSE","50Q6S series","Australia,New Zealand",125.731,"LCD (LED)",50.32,6.612964174233883,178186,50
"HISENSE","50Q6SAU","Australia,New Zealand",125.731,"LCD (LED)",50.32,6.612964174233883,178186,50
"HISENSE","50Q6SNZ","Australia,New Zealand",125.731,"LCD (LED)",50.32,6.612964174233883,178186,50
"COOCAA","50Q66CK","Australia,Fiji,New Zealand",125.7,"LCD (LED)",45.3,7.186638262992585,179306,49
"LG","50QNED7SSQA","Australia,New Zealand",125.727,"LCD (LED)",73,5.2620206872430675,148259,49
"LG","50QNED70B6C","Australia,New Zealand",125.727,"LCD (LED)",76,5.082413329865411,175241,49
"LG","50QNED70BSA","Australia,New Zealand",125.727,"LCD (LED)",76,5.082413329865411,175242,49
"LG","50QNED75SRA","Australia,New Zealand",125.727,"LCD (LED)",72,5.329159323010862,153948,49
"LG","50QNED80A6A","Australia,New Zealand",125.727,"LCD (LED)",68,5.572396855687801,165793,49
"LG","50QNED80ASA","Australia,New Zealand",125.727,"LCD (LED)",68,5.572396855687801,167434,49
"LG","50QNED80B6B","Australia,New Zealand",125.727,"LCD (LED)",80,4.8485470457482105,175243,49
"LG","50QNED80BSA","Australia,New Zealand",125.727,"LCD (LED)",80,4.8485470457482105,175244,49
"LG","50QNED80SQA","Australia,New Zealand",125.727,"LCD (LED)",80,4.8485470457482105,143458,49
"LG","50QNED80T6A","Australia,New Zealand",125.727,"LCD (LED)",68,5.572396855687801,158336,49
"LG","50QNED81ASA","Australia,New Zealand",125.727,"LCD (LED)",68,5.572396855687801,165794,49
"LG","50QNED81SRA","Australia,New Zealand",125.727,"LCD (LED)",80,4.8485470457482105,151446,49
"LG","50QNED81TSA","Australia,New Zealand",125.727,"LCD (LED)",72,5.329159323010862,158180,49
"LG","50QNED82ASA","Australia,New Zealand",125.727,"LCD (LED)",81,4.803203453670404,166343,49
"LG","50QNED86ASA","Australia,New Zealand",125.727,"LCD (LED)",68,5.572396855687801,166203,49
"LG","50QNED86BSA","Australia,New Zealand",125.727,"LCD (LED)",68,5.572396855687801,177389,49
"LG","50QNED86T6A","Australia,New Zealand",125.727,"LCD (LED)",80,4.8485470457482105,158932,49
"LG","50QNED86TSA","Australia,New Zealand",125.727,"LCD (LED)",80,4.8485470457482105,158854,49
"LG","50QNED756RA","Australia,New Zealand",125.727,"LCD (LED)",68,5.572396855687801,153949,49
"LG","50QNED806QA","Australia,New Zealand",125.727,"LCD (LED)",80,4.8485470457482105,143459,49
"LG","50QNED816RA","Australia,New Zealand",125.727,"LCD (LED)",80,4.8485470457482105,151447,49
"HISENSE","50U6 Series","Australia,New Zealand",125.731,"LCD (LED)",71.19,5.003308177326365,169499,50
"HISENSE","50U6QAU PRO","Australia,New Zealand",125.731,"LCD (LED)",71.19,5.003308177326365,169499,50
"HISENSE","50U6QNZ PRO","Australia,New Zealand",125.731,"LCD (LED)",71.19,5.003308177326365,169499,50
"HISENSE","50U6SAU","Australia,New Zealand",125.731,"LCD (LED)",71.19,5.003308177326365,169499,50
"HISENSE","50U6SNZ","Australia,New Zealand",125.731,"LCD (LED)",71.19,5.003308177326365,169499,50
"LG","50UA731C0SB","Australia,Fiji,New Zealand",125.727,"LCD (LED)",81,4.818267064887973,173404,49
"LG","50UA841C0SA","Australia,New Zealand",125.727,"LCD (LED)",83,4.699152541308104,171698,49
"LG","50UA7350PSB","Australia,Fiji,New Zealand",125.727,"LCD (LED)",81,4.818267064887973,167429,49
"LG","50UA8450PSA","Australia,New Zealand",125.727,"LCD (LED)",83,4.699152541308104,166678,49
"LG","50UJ660H5LD","Australia,New Zealand",125.727,"LCD (LED)",38,8.156800686124159,178894,49
"LG","50UK660H0LA","Australia,New Zealand",125.727,"LCD (LED)",53,6.680823599120723,169747,49
"LG","50UK762H0LB","Australia,New Zealand",125.727,"LCD (LED)",68,5.572396855687801,171505,49
"LG","50UK762H5LB","Australia,New Zealand",125.727,"LCD (LED)",68,5.572396855687801,180255,49
"LG","50UK767H0LB","Australia,New Zealand",125.727,"LCD (LED)",54,6.590286780115491,171703,49
"LG","50UK767H5LB","Australia,New Zealand",125.727,"LCD (LED)",54,6.590286780115491,180427,49
"LG","50UM662H0LC","Australia,New Zealand",125.727,"LCD (LED)",40,7.909487173175795,156856,49
"LG","50UM662H4LC","Australia,New Zealand",125.727,"LCD (LED)",40,7.909487173175795,163734,49
"LG","50UM767H0LD","Australia,New Zealand",125.727,"LCD (LED)",45,7.398392383299008,154717,49
"LG","50UP801C0TB","Australia,New Zealand",125.727,"LCD (LED)",93,4.186034596465652,143887,49
"LG","50UQ751C0LF","Australia,New Zealand",125.727,"LCD (LED)",93,4.186034596465652,147181,49
"LG","50UQ901C0SD","Australia,New Zealand",125.727,"LCD (LED)",90,4.332542803819169,149434,49
"LG","50UQ7050PSA","Australia,New Zealand",125.731,"LCD (LED)",83,4.699366629657529,154990,50
"LG","50UQ9000PSD","Australia,New Zealand",125.727,"LCD (LED)",90,4.332542803819169,143547,49
"LG","50UQ75006LF","Australia,New Zealand",125.727,"LCD (LED)",93,4.186034596465652,144178,49
"LG","50UQ80006LB","Australia,New Zealand",125.727,"LCD (LED)",78,4.971755359043742,143460,49
"LG","50UQ91006LA","Australia,New Zealand",125.727,"LCD (LED)",90,4.332542803819169,143548,49
"LG","50UR765H0VC","Australia,New Zealand",125.727,"LCD (LED)",78,4.971755359043742,147706,49
"LG","50UR767H3VC","Australia,New Zealand",125.727,"LCD (LED)",78,4.971755359043742,142796,49
"LG","50UR781C0LL","Australia,New Zealand",125.727,"LCD (LED)",78,4.971755359043742,153581,49
"LG","50UR801C0SB","Australia,New Zealand",125.727,"LCD (LED)",78,4.971755359043742,153582,49
"LG","50UR8050PSB","Australia,New Zealand",125.727,"LCD (LED)",78,4.971755359043742,151632,49
"LG","50UR78006LL","Australia,New Zealand",125.727,"LCD (LED)",78,4.971755359043742,151882,49
"LG","50UR80006LJ","Australia,New Zealand",125.727,"LCD (LED)",78,4.971755359043742,151633,49
"LG","50UR81006LJ","Australia,New Zealand",125.727,"LCD (LED)",78,4.971755359043742,152177,49
"LG","50UT801C0LA","Australia,New Zealand",125.727,"LCD (LED)",83,4.699152541308104,162891,49
"LG","50UT801C0SB","Australia,New Zealand",125.727,"LCD (LED)",83,4.699152541308104,162896,49
"LG","50UT8050PSB","Australia,New Zealand",125.727,"LCD (LED)",83,4.699152541308104,158839,49
"LG","50UT80506LA","Australia,New Zealand",125.727,"LCD (LED)",83,4.699152541308104,158840,49
"LG","50UT81006LA","Australia,New Zealand",125.727,"LCD (LED)",83,4.699152541308104,158841,49
"LG","50UT90506LB","Australia,New Zealand",125.727,"LCD (LED)",68,5.572396855687801,159964,49
"SPARK ELECTRONICS","55"" Patio","Australia,Fiji,New Zealand",139.022,"LCD",127.74,3.572954534625881,174513,55
"SPARK ELECTRONICS","55"" Patio Pro","Australia,Fiji,New Zealand",139.022,"LCD",127.74,3.572954534625881,174513,55
"SPARK ELECTRONICS","55"" Pavilion 2","Australia,Fiji,New Zealand",139.022,"LCD",127.74,3.572954534625881,174513,55
"SPARK ELECTRONICS","55"" Pavilion 2 Pro","Australia,Fiji,New Zealand",139.022,"LCD",127.74,3.572954534625881,174513,55
"TCL","55A300W","Australia,Fiji,New Zealand",138.711,"LCD (LED)",90.7,4.614103819198409,163759,55
"SPARK ELECTRONICS","55ALF-Outdoor-TV","Australia,Fiji,New Zealand",138.783,"LCD (LED)",114.75,4.064055082166185,174511,55
"LG","55AN960H0SD","Australia,New Zealand",138.783,"OLED",70,6.25848663027421,149033,55
"PHILIPS","55BFL2214/97","Australia,Fiji,New Zealand",138.783,"LCD (LED)",70.66,5.796755940359919,141806,55
"TCL","55C6K","Australia,Fiji,New Zealand",138.711,"LCD (LED)",86.5,4.518750857743905,166354,55
"TCL","55C6L","Australia,Fiji,New Zealand",138.711,"LCD (LED)",74.1,5.578108283365271,177478,55
"TCL","55C7K","Australia,Fiji,New Zealand",138.711,"LCD (LED)",106,4.017199656533554,166349,55
"TCL","55C7L","Australia,Fiji,New Zealand",138.711,"LCD (LED)",96.7,4.017199656533554,176887,55
"TOSHIBA","55C350","Australia,New Zealand",138.783,"LCD (LED)",63.29,6.241150360616689,169326,55
"TOSHIBA","55C350LP","Australia,New Zealand",138.783,"LCD (LED)",63.89,6.07137929764316,147081,55
"TOSHIBA","55C350MP","Australia,New Zealand",138.783,"LCD (LED)",63.89,6.07137929764316,153593,55
"TOSHIBA","55C350NP","Australia,New Zealand",138.783,"LCD (LED)",63.7,6.07137929764316,160544,55
"TOSHIBA","55C350RP","Australia,New Zealand",138.783,"LCD (LED)",63.29,6.241150360616689,169326,55
"TOSHIBA","55C350SP","Australia,New Zealand",138.783,"LCD (LED)",63.29,6.241150360616689,169326,55
"TCL","55C655","Australia,Fiji,New Zealand",138.711,"LCD (LED)",86.9,4.67474642409951,159820,55
"TCL","55C755","Australia,Fiji,New Zealand",138.711,"LCD (LED)",89.1,4.506973137120607,159916,55
"TCL","55G60K-IU","Australia,Fiji,New Zealand",138.711,"LCD (LED)",64.3,6.202200113549564,179823,55
"COOCAA","55G6500H","New Zealand",138.783,"LCD (LED)",67.9,5.891771940265505,172020,55
"PHILIPS","55HFL4025/97","Australia,Fiji,New Zealand",138.783,"LCD (LED)",61.2,6.054750632487112,174854,55
"PHILIPS","55HFL5011T/12","Australia,Fiji,New Zealand",138.935,"LCD (LED)",54.84,7.363472126667125,140292,55
"PHILIPS","55HFL5214U/97","Australia,Fiji,New Zealand",138.783,"LCD (LED)",70.66,5.796755940359919,141806,55
"PHILIPS","55HFL7011T/12","Australia,Fiji,New Zealand",138.798,"LCD (LED)",140.3,3.1685433369151603,140297,55
"PHILIPS","55HFL7025/97","Australia,Fiji,New Zealand",138.783,"LCD (LED)",67.5,5.6276256752880665,174855,55
"SMTV","55JIL0721-1","Australia,Fiji,New Zealand",138.798,"LCD (LED)",94.22,4.92928651409559,141325,55
"LG","55LX1Q6LA","Australia,New Zealand",138.783,"OLED",95,4.904594324171205,147189,55
"LG","55LX1QPSA","Australia,New Zealand",138.783,"OLED",95,4.904594324171205,147190,55
"LG","55LX1T6LA","Australia,New Zealand",138.783,"OLED",100,4.667029690757898,159535,55
"LG","55LX1TPSA","Australia,New Zealand",138.783,"OLED",100,4.667029690757898,159537,55
"LG","55LX7B6LA","Australia,Fiji,New Zealand",138.783,"LCD (LED)",76.1,5.392480848433676,176190,55
"LG","55LX7B###","Australia,Fiji,New Zealand",138.783,"LCD (LED)",76.1,5.392480848433676,176190,55
"LG","55LX7BKNA","Australia,Fiji,New Zealand",138.783,"LCD (LED)",76.1,5.392480848433676,176190,55
"LG","55LX7BPSA","Australia,Fiji,New Zealand",138.783,"LCD (LED)",76.1,5.392480848433676,176190,55
"LG","55LX7BPUA","Australia,Fiji,New Zealand",138.783,"LCD (LED)",76.1,5.392480848433676,176190,55
"CHIQ","55M810N","Australia,Fiji,New Zealand",138.783,"LCD (LED)",94.4,4.546877182237033,179341,55
"LG","55MRGB86B6A","Australia,New Zealand",138.783,"LCD (LED)",78,5.781113969443836,175245,55
"LG","55MRGB86BSA","Australia,New Zealand",138.783,"LCD (LED)",78,5.781113969443836,175246,55
"LG","55NANO75SQA","Australia,New Zealand",138.783,"LCD (LED)",114,4.08539521829021,143462,55
"LG","55NANO80A6A","Australia,New Zealand",138.783,"LCD (LED)",92,5.048116404602346,166085,55
"LG","55NANO80ASA","Australia,New Zealand",138.783,"LCD (LED)",92,5.048116404602346,166086,55
"LG","55NANO81TSA","Australia,New Zealand",138.783,"LCD (LED)",112,4.17178671520942,159095,55
"LG","55NANO756QA","Australia,New Zealand",138.783,"LCD (LED)",114,4.08539521829021,143463,55
"LG","55NANO806QA","Australia,New Zealand",138.783,"LCD (LED)",97,4.803028047916603,143549,55
"LG","55NU85CB6LA","Australia,New Zealand",138.783,"LCD (LED)",80,5.657905656148303,177810,55
"LG","55NU85CBPSA","Australia,New Zealand",138.783,"LCD (LED)",80,5.657905656148303,177811,55
"LG","55NU805BPSB","Australia,Fiji,New Zealand",138.783,"LCD",85,5.406821405047677,176249,55
"LG","55NU830B6LA","Australia,New Zealand",138.783,"LCD (LED)",80,5.657905656148303,178698,55
"LG","55NU850B6LA","Australia,New Zealand",138.783,"LCD (LED)",80,5.657905656148303,174978,55
"LG","55NU855BPSA","Australia,New Zealand",138.783,"LCD (LED)",80,5.657905656148303,174979,55
"PHILIPS","55OLED706/75","Australia,Fiji,New Zealand",138.783,"LCD (LED)",148,2.5062783445651067,142174,55
"PHILIPS","55OLED706/79","Australia,Fiji,New Zealand",138.783,"LCD (LED)",148,2.5062783445651067,142174,55
"PHILIPS","55OLED708/75","Australia,Fiji,New Zealand",138.798,"OLED",99.5,4.292298502011051,153978,55
"PHILIPS","55OLED708/79","Australia,Fiji,New Zealand",138.798,"OLED",99.5,4.292298502011051,153978,55
"PHILIPS","55OLED789/98","Australia,Fiji,New Zealand",138.798,"OLED",97,4.394282121921142,168365,55
"TCL","55P7K","Australia,Fiji,New Zealand",138.711,"LCD (LED)",69.8,5.823727017010947,166710,55
"TCL","55P7LS","Australia,Fiji,New Zealand",138.711,"LCD (LED)",54.8,6.219403282919941,176912,55
"LG","55PK640S0SB","Australia,Fiji,New Zealand",138.783,"LCD (LED)",91,5.101467274193711,172393,55
"PHILIPS","55PML8969/98","Australia,New Zealand",138.783,"LCD (LED)",120,3.570651350024759,165051,55
"PHILIPS","55PQT7931/79","Australia,Fiji,New Zealand",138.624,"LCD (LED)",66.4,6.06348463387501,181416,55
"PHILIPS","55PQT9020/79","Australia,Fiji,New Zealand",138.783,"LCD (LED)",136.1,3.0153550221328516,168071,55
"PHILIPS","55PUT7039/79","Australia,New Zealand",138.783,"LCD (LED)",99.2,4.248770058146791,166098,55
"PHILIPS","55PUT7129/98","Australia,New Zealand",138.736,"LCD (LED)",105,4.169942590696454,165027,55
"PHILIPS","55PUT7231/75","Australia,Fiji,New Zealand",138.783,"LCD (LED)",75.2,5.52322847238293,180623,55
"PHILIPS","55PUT7428/79","Australia,Fiji,New Zealand",138.798,"LCD (LED)",79.3,5.278315900596547,155702,55
"PHILIPS","55PUT7906/75","Australia,Fiji,New Zealand",138.783,"LCD (LED)",105.46,4.0111451391386845,141658,55
"PHILIPS","55PUT7906/79","Australia,Fiji,New Zealand",138.783,"LCD (LED)",105.46,4.0111451391386845,141658,55
"PHILIPS","55PUT7908/75","Australia,Fiji,New Zealand",138.798,"LCD (LED)",102.3,4.148969036899082,153275,55
"PHILIPS","55PUT7908/79","Australia,Fiji,New Zealand",138.798,"LCD (LED)",102.3,4.148969036899082,153275,55
"PHILIPS","55PUT8217/75","Australia,Fiji,New Zealand",138.798,"LCD (LED)",72.57,5.68732845585714,147139,55
"PHILIPS","55PUT8217/79","Australia,Fiji,New Zealand",138.798,"LCD (LED)",72.57,5.68732845585714,147139,55
"PHILIPS","55PUT8507/75","Australia,Fiji,New Zealand",138.798,"LCD (LED)",94.43,4.510387582760489,147015,55
"PHILIPS","55PUT8507/79","Australia,Fiji,New Zealand",138.798,"LCD (LED)",94.43,4.510387582760489,147015,55
"PHILIPS","55PUT8528/79","Australia,Fiji,New Zealand",138.798,"LCD (LED)",90.5,4.702649565199762,153116,55
"PHILIPS","55PUT8808/75","Australia,Fiji,New Zealand",138.798,"LCD (LED)",136.6,2.8570329065739766,153413,55
"PHILIPS","55PUT8808/79","Australia,Fiji,New Zealand",138.798,"LCD (LED)",136.6,2.8570329065739766,153413,55
"HISENSE","55Q6N series","Australia,New Zealand",138.783,"LCD (LED)",59.97,6.601297491442197,161769,55
"HISENSE","55Q6NAU","Australia,New Zealand",138.783,"LCD (LED)",59.97,6.601297491442197,161769,55
"HISENSE","55Q6NNZ","Australia,New Zealand",138.783,"LCD (LED)",59.97,6.601297491442197,161769,55
"HISENSE","55Q6Q series","Australia,New Zealand",138.783,"LCD (LED)",62,6.241150360616689,167836,55
"HISENSE","55Q6QAU","Australia,New Zealand",138.783,"LCD (LED)",62,6.241150360616689,167836,55
"HISENSE","55Q6QNZ","Australia,New Zealand",138.783,"LCD (LED)",62,6.241150360616689,167836,55
"HISENSE","55Q6S series","Australia,New Zealand",138.783,"LCD (LED)",52.49,7.288987419693915,178187,55
"HISENSE","55Q6SAU","Australia,New Zealand",138.783,"LCD (LED)",52.49,7.288987419693915,178187,55
"HISENSE","55Q6SNZ","Australia,New Zealand",138.783,"LCD (LED)",52.49,7.288987419693915,178187,55
"SAMSUNG","55Q7F","Australia,Fiji,New Zealand",138.783,"LCD (LED)",84,5.4356409263487215,167343,55
"COOCAA","55Q66CK","Australia,Fiji,New Zealand",138.649,"LCD (LED)",45.6,7.864067876930443,179214,55
"SKYWORTH","55Q7700G","Australia,Fiji,New Zealand",138.783,"LCD (LED)",71.1,5.52322847238293,170051,55
"LG","55QNED7SSQA","Australia,New Zealand",138.783,"LCD (LED)",94,4.9432830834647525,148260,55
"LG","55QNED70A6A","Australia,New Zealand",138.783,"LCD (LED)",92,5.048116404602346,168232,55
"LG","55QNED70ASA","Australia,New Zealand",138.783,"LCD (LED)",92,5.048116404602346,168233,55
"LG","55QNED70B6C","Australia,New Zealand",138.783,"LCD (LED)",82,5.552808910591775,175247,55
"LG","55QNED70BSA","Australia,New Zealand",138.783,"LCD (LED)",82,5.552808910591775,175248,55
"LG","55QNED75SRA","Australia,New Zealand",138.783,"LCD (LED)",92,5.048116404602346,153950,55
"LG","55QNED80A6A","Australia,New Zealand",138.783,"LCD (LED)",82,5.552808910591775,166087,55
"LG","55QNED80B6B","Australia,New Zealand",138.783,"LCD (LED)",88,5.237691139975824,175249,55
"LG","55QNED80BSA","Australia,New Zealand",138.783,"LCD (LED)",88,5.237691139975824,175250,55
"LG","55QNED80SQA","Australia,New Zealand",138.783,"LCD (LED)",94,4.9432830834647525,143464,55
"LG","55QNED80T6A","Australia,New Zealand",138.783,"LCD (LED)",87,5.293361671010193,158337,55
"LG","55QNED81ASA","Australia,New Zealand",138.783,"LCD (LED)",82,5.552808910591775,166088,55
"LG","55QNED81SRA","Australia,New Zealand",138.783,"LCD (LED)",94,4.9432830834647525,151448,55
"LG","55QNED81TSA","Australia,New Zealand",138.783,"LCD (LED)",92,5.048116404602346,158182,55
"LG","55QNED82ASA","Australia,New Zealand",138.783,"LCD (LED)",92,5.048116404602346,166200,55
"LG","55QNED82BSA","Australia,New Zealand",138.783,"LCD (LED)",81,5.612562064070497,176936,55
"LG","55QNED85SQA","Australia,New Zealand",138.783,"LCD (LED)",102,4.582585898004297,144912,55
"LG","55QNED86A6A","Australia,New Zealand",138.783,"LCD (LED)",82,5.552808910591775,165958,55
"LG","55QNED86ASA","Australia,New Zealand",138.783,"LCD (LED)",82,5.552808910591775,165959,55
"LG","55QNED86BSA","Australia,New Zealand",138.783,"LCD (LED)",82,5.552808910591775,174768,55
"LG","55QNED86T6A","Australia,New Zealand",138.783,"LCD (LED)",94,4.9432830834647525,158183,55
"LG","55QNED86TSA","Australia,New Zealand",138.783,"LCD (LED)",94,4.9432830834647525,158184,55
"LG","55QNED87B6A","Australia,New Zealand",138.783,"LCD (LED)",82,5.552808910591775,174769,55
"LG","55QNED90BSA","Australia,Fiji,New Zealand",138.783,"LCD (LED)",102.6,4.053423000980519,179081,55
"LG","55QNED756RA","Australia,New Zealand",138.783,"LCD (LED)",87,5.293361671010193,153951,55
"LG","55QNED806QA","Australia,New Zealand",138.783,"LCD (LED)",94,4.9432830834647525,143465,55
"LG","55QNED816RA","Australia,New Zealand",138.783,"LCD (LED)",94,4.9432830834647525,151449,55
"LG","55QNED866QA","Australia,New Zealand",138.783,"LCD (LED)",102,4.582585898004297,144913,55
"HISENSE","55S7NAU","Australia",138.783,"LCD (LED)",87.99,4.511450751759631,166765,55
"HISENSE","55S7S","Australia,New Zealand",138.783,"LCD (LED)",79.6,5.5085111517081975,178197,55
"HISENSE","55S7SAU","Australia,New Zealand",138.783,"LCD (LED)",79.6,5.5085111517081975,178197,55
"HISENSE","55S7SNZ","Australia,New Zealand",138.783,"LCD (LED)",79.6,5.5085111517081975,178197,55
"DREAME","55S100","Australia,Fiji,New Zealand",138.783,"LCD (LED)",84.71,5.02167727117258,179427,55
"SPARK ELECTRONICS","55SPA-Outdoor-TV","Australia,Fiji,New Zealand",138.783,"LCD (LED)",114.75,4.064055082166185,174511,55
"HISENSE","55U6K series","Australia,New Zealand",138.783,"LCD (LED)",85.64,5.034877339973175,155583,55
"HISENSE","55U6KAU","Australia,New Zealand",138.783,"LCD (LED)",85.64,5.034877339973175,155583,55
"HISENSE","55U6KNZ","Australia,New Zealand",138.783,"LCD (LED)",85.64,5.034877339973175,155583,55
"HISENSE","55U6N series","Australia,New Zealand",138.783,"LCD (LED)",79.98,5.034877339973175,161761,55
"HISENSE","55U6NAU","Australia,New Zealand",138.783,"LCD (LED)",79.98,5.034877339973175,161761,55
"HISENSE","55U6NNZ","Australia,New Zealand",138.783,"LCD (LED)",79.98,5.034877339973175,161761,55
"HISENSE","55U6Q PRO series","Australia,New Zealand",138.783,"LCD (LED)",100.24,4.304579249126954,169500,55
"HISENSE","55U6QAU PRO","Australia,New Zealand",138.783,"LCD (LED)",100.24,4.304579249126954,169500,55
"HISENSE","55U6QNZ PRO","Australia,New Zealand",138.783,"LCD (LED)",100.24,4.304579249126954,169500,55
"HISENSE","55U6S series","Australia,New Zealand",138.783,"LCD (LED)",81.93,5.421207998840513,178753,55
"HISENSE","55U6SAU","Australia,New Zealand",138.783,"LCD (LED)",81.93,5.421207998840513,178753,55
"HISENSE","55U6SNZ","Australia,New Zealand",138.783,"LCD (LED)",81.93,5.421207998840513,178753,55
"HISENSE","55U7H series","Australia,New Zealand",138.783,"LCD (LED)",92.3,4.523228472382931,148083,55
"HISENSE","55U7HAU","Australia,New Zealand",138.783,"LCD (LED)",92.3,4.523228472382931,148083,55
"HISENSE","55U7HNZ","Australia,New Zealand",138.783,"LCD (LED)",92.3,4.523228472382931,148083,55
"HISENSE","55U7K series","Australia,New Zealand",138.783,"LCD (LED)",82.05,5.034877339973175,154727,55
"HISENSE","55U7KAU","Australia,New Zealand",138.783,"LCD (LED)",82.05,5.034877339973175,154727,55
"HISENSE","55U7KNZ","Australia,New Zealand",138.783,"LCD (LED)",82.05,5.034877339973175,154727,55
"HISENSE","55U7N series","Australia,New Zealand",138.783,"LCD (LED)",92.78,4.53503722787905,168465,55
"HISENSE","55U7NAU","Australia,New Zealand",138.783,"LCD (LED)",91.26,4.511450751759631,159235,55
"HISENSE","55U7NNZ","Australia,New Zealand",138.783,"LCD (LED)",91.26,4.511450751759631,159235,55
"HISENSE","55U7QAU","Australia,New Zealand",138.783,"LCD (LED)",92.78,4.53503722787905,168465,55
"HISENSE","55U7QNZ","Australia,New Zealand",138.783,"LCD (LED)",92.78,4.53503722787905,168465,55
"HISENSE","55U7S series","Australia,New Zealand",138.783,"LCD (LED)",87.25,5.034877339973175,178191,55
"HISENSE","55U7SAU","Australia,New Zealand",138.783,"LCD (LED)",87.25,5.034877339973175,178191,55
"HISENSE","55U7SNZ","Australia,New Zealand",138.783,"LCD (LED)",87.25,5.034877339973175,178191,55
"HISENSE","55U8H series","Australia,New Zealand",138.783,"LCD (LED)",115.84,3.513803820922501,148614,55
"HISENSE","55U8HAU","Australia,New Zealand",138.783,"LCD (LED)",115.84,3.513803820922501,148614,55
"HISENSE","55U8HNZ","Australia,New Zealand",138.783,"LCD (LED)",115.84,3.513803820922501,148614,55
"LG","55UA731C0SB","Australia,Fiji,New Zealand",138.783,"LCD (LED)",91,5.101467274193711,173332,55
"LG","55UA841C0SA","Australia,New Zealand",138.783,"LCD (LED)",92,5.048116404602346,171699,55
"LG","55UA7350PSB","Australia,Fiji,New Zealand",138.783,"LCD (LED)",91,5.101467274193711,167414,55
"LG","55UA8055PSA","Australia,New Zealand",138.783,"LCD (LED)",92,5.048116404602346,175797,55
"LG","55UA8450PSA","Australia,New Zealand",138.783,"LCD (LED)",92,5.048116404602346,166679,55
"LG","55UJ660H5LD","Australia,New Zealand",138.783,"LCD (LED)",46,8.12796099067797,178693,55
"LG","55UK660H0LA","Australia,New Zealand",138.783,"LCD (LED)",54,7.399645390515584,169748,55
"LG","55UK762H0LB","Australia,New Zealand",138.783,"LCD (LED)",95,4.904594324171205,171506,55
"LG","55UK762H5LB","Australia,New Zealand",138.783,"LCD (LED)",95,4.904594324171205,180256,55
"LG","55UK767H0LB","Australia,New Zealand",138.783,"LCD (LED)",55,7.332923262961085,171704,55
"LG","55UK767H0SA","Australia,New Zealand",138.783,"LCD (LED)",80,5.657905656148303,171050,55
"LG","55UK767H5LB","Australia,New Zealand",138.783,"LCD (LED)",55,7.332923262961085,180428,55
"LG","55UM662H0LC","Australia,New Zealand",138.783,"LCD (LED)",49,7.846982249207294,156857,55
"LG","55UM662H4LC","Australia,New Zealand",138.783,"LCD (LED)",49,7.846982249207294,163735,55
"LG","55UM767H0LD","Australia,New Zealand",138.783,"LCD (LED)",59,7.013446928881777,154718,55
"LG","55UP751C0VG","Australia,New Zealand",138.783,"LCD (LED)",115,4.053423000980519,144611,55
"LG","55UP801C0TB","Australia,New Zealand",138.783,"LCD (LED)",115,4.053423000980519,143167,55
"LG","55UQ751C0LF","Australia,New Zealand",138.783,"LCD (LED)",114,4.08539521829021,147182,55
"LG","55UQ901C0SD","Australia,New Zealand",138.783,"LCD (LED)",114,4.08539521829021,149435,55
"LG","55UQ7050PSA","Australia,New Zealand",138.783,"LCD (LED)",90,5.141901414219262,154991,55
"LG","55UQ9000PSD","Australia,New Zealand",138.783,"LCD (LED)",114,4.08539521829021,143550,55
"LG","55UQ75006LF","Australia,New Zealand",138.783,"LCD (LED)",114,4.08539521829021,144179,55
"LG","55UQ80006LB","Australia,New Zealand",138.783,"LCD (LED)",98,4.765526405493008,143466,55
"LG","55UQ91006LA","Australia,New Zealand",138.783,"LCD (LED)",114,4.08539521829021,143551,55
"HISENSE","55UR8S series","Australia,New Zealand",138.783,"LCD (LED)",74.52,5.765526405493009,179173,55
"HISENSE","55UR8SAU","Australia,New Zealand",138.783,"LCD (LED)",74.52,5.765526405493009,179173,55
"HISENSE","55UR8SNZ","Australia,New Zealand",138.783,"LCD (LED)",74.52,5.765526405493009,179173,55
"LG","55UR765H0VC","Australia,New Zealand",138.783,"LCD (LED)",80,5.657905656148303,147709,55
"LG","55UR767H3VC","Australia,New Zealand",138.783,"LCD (LED)",101,4.630644483160877,142797,55
"LG","55UR781C0LL","Australia,New Zealand",138.783,"LCD (LED)",97,4.803028047916603,153583,55
"LG","55UR801C0SB","Australia,New Zealand",138.783,"LCD (LED)",97,4.803028047916603,153584,55
"LG","55UR8050PSB","Australia,New Zealand",138.783,"LCD (LED)",97,4.803028047916603,151634,55
"LG","55UR78006LL","Australia,New Zealand",138.783,"LCD (LED)",97,4.803028047916603,151883,55
"LG","55UR80006LJ","Australia,New Zealand",138.783,"LCD (LED)",97,4.803028047916603,151635,55
"LG","55UR81006LJ","Australia,New Zealand",138.783,"LCD (LED)",97,4.803028047916603,152178,55
"LG","55UT801C0LA","Australia,New Zealand",138.783,"LCD (LED)",97,4.803028047916603,162898,55
"LG","55UT801C0SB","Australia,New Zealand",138.783,"LCD (LED)",97,4.803028047916603,162899,55
"LG","55UT8050PSB","Australia,New Zealand",138.783,"LCD (LED)",97,4.803028047916603,158842,55
"LG","55UT80506LA","Australia,New Zealand",138.783,"LCD (LED)",97,4.803028047916603,158843,55
"LG","55UT81006LA","Australia,New Zealand",138.783,"LCD (LED)",97,4.803028047916603,158844,55
"LG","55UT90506LB","Australia,New Zealand",138.783,"LCD (LED)",91,5.088069894655924,159965,55
"SKYWORTH","55V75","Australia,Fiji,New Zealand",138.439,"LCD (LED)",63.2,6.031275413118816,180574,55
"HISENSE","55X8HAU","Australia,New Zealand",138.783,"OLED",78.58,5.307388036506728,149245,55
"SKYWORTH","55X66H","Australia,Fiji,New Zealand",138.439,"LCD (LED)",63.2,6.031275413118816,180574,55
"SKYWORTH","55X6600H","Australia,Fiji,New Zealand",138.439,"LCD (LED)",63.2,6.031275413118816,180574,55
"TOSHIBA","55Z670MP","Australia,New Zealand",138.783,"LCD (LED)",86.66,5.008515969149676,155115,55
"TOSHIBA","55Z670RP","Australia",138.783,"LCD (LED)",75.21,5.5085111517081975,168244,55
"TOSHIBA","55Z670SP","Australia",138.783,"LCD (LED)",63.69,6.490182209520817,178436,55
"TOSHIBA","55Z870MP","Australia,New Zealand",138.783,"LCD (LED)",115.82,3.6767825131441074,154887,55
"TOSHIBA","55Z870NP","Australia,New Zealand",138.783,"LCD (LED)",106.46,4.0111451391386845,162078,55
"HISENSE","58A6HAU","Australia,New Zealand",146.068,"LCD (LED)",79.33,5.533270548071191,147071,58
"HISENSE","58A6KAU","Australia,New Zealand",146.068,"LCD (LED)",73.72,6.042749570721936,156287,58
"PHILIPS","58HFL6214U/12","Australia,Fiji,New Zealand",146.068,"LCD (LED)",72.81,6.118158093653914,142509,58
"TCL","58P635","Australia,Fiji,New Zealand",146.039,"LCD (LED)",56.1,6.824154055982145,149697,57
"COOCAA","60G6500H","New Zealand",152.663,"LCD (LED)",68.2,6.375326887514997,172021,60
"SKYWORTH","60Q6600H","Australia,Fiji,New Zealand",152.663,"LCD (LED)",69.3,6.684512929776206,171627,60
"SPARK ELECTRONICS","65"" Lumin","Australia,Fiji,New Zealand",163.644,"LCD",240.9,2.081816352966534,174637,64
"SPARK ELECTRONICS","65"" Patio","Australia,Fiji,New Zealand",164.129,"LCD",158.28,4.00534519735206,174512,65
"SPARK ELECTRONICS","65"" Patio Pro","Australia,Fiji,New Zealand",164.129,"LCD",158.28,4.00534519735206,174512,65
"SPARK ELECTRONICS","65"" Pavilion 2","Australia,Fiji,New Zealand",164.129,"LCD",158.28,4.00534519735206,174512,65
"SPARK ELECTRONICS","65"" Pavilion 2 Pro","Australia,Fiji,New Zealand",164.129,"LCD",158.28,4.00534519735206,174512,65
"TCL","65A300W","Australia,Fiji,New Zealand",163.829,"LCD (LED)",103.5,5.407668463269548,163758,64
"SPARK ELECTRONICS","65ALF-Outdoor-TV","Australia,Fiji,New Zealand",138.783,"LCD (LED)",114.75,4.064055082166185,174511,55
"LG","65AN960H0SD","Australia,New Zealand",163.897,"OLED",87,6.68346052076461,149034,65
"LG","65ART90E","Australia,New Zealand",163.897,"OLED",126,5.037686340309588,145730,65
"LG","65ART90E6QA","Australia,New Zealand",163.897,"OLED",126,5.037686340309588,145730,65
"LG","65ART90E6QB","Australia,New Zealand",163.897,"OLED",126,5.037686340309588,145730,65
"LG","65ART90E6QC","Australia,New Zealand",163.897,"OLED",126,5.037686340309588,145730,65
"LG","65ART90ESQA","Australia,New Zealand",163.897,"OLED",126,5.037686340309588,145730,65
"LG","65ART90ESQB","Australia,New Zealand",163.897,"OLED",126,5.037686340309588,145730,65
"LG","65ART90ESQC","Australia,New Zealand",163.897,"OLED",126,5.037686340309588,145730,65
"PHILIPS","65BFL2214/97","Australia,New Zealand",163.897,"LCD (LED)",94.45,5.889802753064086,141792,65
"TCL","65C6K","Australia,Fiji,New Zealand",163.829,"LCD (LED)",115,5.053020882854866,166355,64
"TCL","65C6L","Australia,Fiji,New Zealand",163.829,"LCD (LED)",81.1,5.909219664479898,177479,64
"TCL","65C7K","Australia,Fiji,New Zealand",163.829,"LCD (LED)",134.4,4.590608970758261,166900,64
"TCL","65C7L","Australia,Fiji,New Zealand",163.829,"LCD (LED)",99.5,4.788218624299775,177069,64
"TCL","65C8K","Australia,Fiji,New Zealand",163.829,"LCD (LED)",107.4,5.151517597589977,167634,64
"TCL","65C8L","Australia,Fiji,New Zealand",163.829,"LCD (LED)",109.4,5.004572625934402,176391,64
"TOSHIBA","65C350","Australia",163.896,"LCD (LED)",81.08,6.669523915577353,169327,65
"TOSHIBA","65C350LP","Australia,New Zealand",163.896,"LCD (LED)",82.49,6.505049671825857,147084,65
"TOSHIBA","65C350MP","Australia,New Zealand",163.896,"LCD (LED)",82.49,6.505049671825857,153594,65
"TOSHIBA","65C350NP","Australia,New Zealand",163.829,"LCD (LED)",89.74,6.040859626768308,160545,64
"TOSHIBA","65C350RP","Australia",163.896,"LCD (LED)",81.08,6.669523915577353,169327,65
"TOSHIBA","65C350SP","Australia",163.896,"LCD (LED)",81.08,6.669523915577353,169327,65
"TCL","65C655","Australia,Fiji,New Zealand",163.829,"LCD (LED)",106.6,5.252227905908116,159827,64
"TCL","65C755","Australia,Fiji,New Zealand",163.829,"LCD (LED)",105.7,5.252227905908116,159918,64
"TCL","65C855","Australia,Fiji,New Zealand",163.829,"LCD (LED)",176.1,3.0702000714459654,159830,64
"TCL","65C935","Australia,Fiji,New Zealand",163.829,"LCD (LED)",171.2,3.2424609130459143,147926,64
"TAVICE","65DF","Australia,New Zealand",163.84,"LCD",130.03,4.897938042835031,155884,65
"TCL","65G60K-IU","Australia,Fiji,New Zealand",163.829,"LCD (LED)",77.1,6.679352863107162,181873,64
"COOCAA","65G6500H","Australia,Fiji,New Zealand",163.897,"LCD (LED)",83.6,6.545559790559667,172787,65
"PHILIPS","65HFL5214U/97","Australia,New Zealand",163.897,"LCD (LED)",94.45,5.889802753064086,141792,65
"PHILIPS","65HFL6214U/12","Australia,Fiji,New Zealand",163.897,"LCD (LED)",94.36,5.9015496015140485,142510,65
"PHILIPS","65HFL7025/97","Australia,Fiji,New Zealand",163.897,"LCD (LED)",76.6,6.451493545901406,174891,65
"PHILIPS","65HFL7111T/12","Australia,Fiji,New Zealand",163.655,"LCD (LED)",131.3,4.8284525181425515,140296,64
"SMTV","65JIL0721-1","Australia,Fiji,New Zealand",163.791,"LCD (LED)",108.56,5.681650596552234,141614,64
"LG","65LX7B6LA","Australia,Fiji,New Zealand",163.896,"LCD (LED)",86.6,6.057174536739563,176217,65
"LG","65LX7B###","Australia,Fiji,New Zealand",163.896,"LCD (LED)",86.6,6.057174536739563,176217,65
"LG","65LX7BKNA","Australia,Fiji,New Zealand",163.896,"LCD (LED)",86.6,6.057174536739563,176217,65
"LG","65LX7BPSA","Australia,Fiji,New Zealand",163.896,"LCD (LED)",86.6,6.057174536739563,176217,65
"LG","65LX7BPUA","Australia,Fiji,New Zealand",163.896,"LCD (LED)",86.6,6.057174536739563,176217,65
"CHIQ","65M810N","Australia,Fiji,New Zealand",163.896,"LCD (LED)",129.3,4.533671238807377,179342,65
"LG","65MRGB86B6A","Australia,New Zealand",163.897,"LCD (LED)",99,6.106106297063303,175804,65
"LG","65MRGB86BSA","Australia,New Zealand",163.897,"LCD (LED)",99,6.106106297063303,175805,65
"METZ","65MXD9500N","New Zealand",164.249,"OLED",113.4,4.000233788824486,149165,65
"LG","65NANO75SQA","Australia,New Zealand",163.897,"LCD (LED)",144,4.439276071054277,143467,65
"LG","65NANO80A6A","Australia,New Zealand",163.897,"LCD (LED)",118,5.328204093107946,166054,65
"LG","65NANO80ASA","Australia,New Zealand",163.897,"LCD (LED)",118,5.328204093107946,166055,65
"LG","65NANO81TSA","Australia,New Zealand",163.897,"LCD (LED)",144,4.439276071054277,159098,65
"LG","65NANO756QA","Australia,New Zealand",163.897,"LCD (LED)",144,4.439276071054277,143469,65
"LG","65NANO806QA","Australia,New Zealand",163.897,"LCD (LED)",114,5.475494068044627,144180,65
"LG","65NU85CB6LA","Australia,New Zealand",163.897,"LCD (LED)",100,6.0571285405123145,177812,65
"LG","65NU85CBPSA","Australia,New Zealand",163.897,"LCD (LED)",100,6.0571285405123145,177813,65
"LG","65NU805BPSB","Australia,Fiji,New Zealand",163.897,"LCD",92,6.438215254356763,176252,65
"LG","65NU830B6LA","Australia,New Zealand",163.897,"LCD (LED)",100,6.0571285405123145,178699,65
"LG","65NU850B6LA","Australia,New Zealand",163.897,"LCD (LED)",100,6.0571285405123145,174988,65
"LG","65NU855BPSA","Australia,New Zealand",163.897,"LCD (LED)",100,6.0571285405123145,174989,65
"PHILIPS","65OLED708/75","Australia,Fiji,New Zealand",163.897,"OLED",114.8,5.027996779523445,153979,65
"PHILIPS","65OLED708/79","Australia,Fiji,New Zealand",163.897,"OLED",114.8,5.027996779523445,153979,65
"PHILIPS","65OLED789/98","Australia,Fiji,New Zealand",163.878,"OLED",122.5,4.747792605259914,168298,65
"TCL","65P7K","Australia,Fiji,New Zealand",163.829,"LCD (LED)",75,6.679352863107162,166999,64
"TCL","65P7LS","Australia,Fiji,New Zealand",163.829,"LCD (LED)",82.8,6.151517597589977,176386,64
"LG","65PK640S0SB","Australia,Fiji,New Zealand",163.897,"LCD (LED)",115,5.443521850734936,172395,65
"PHILIPS","65PML8969/98","Australia,New Zealand",163.896,"LCD (LED)",168,3.5423477567504844,165089,65
"PHILIPS","65PML9506/75","Australia,Fiji,New Zealand",163.897,"LCD (LED)",180,3.0183281239547997,142395,65
"PHILIPS","65PML9506/79","Australia,Fiji,New Zealand",163.897,"LCD (LED)",180,3.0183281239547997,142395,65
"PHILIPS","65PQT7931/79","Australia,Fiji,New Zealand",163.878,"LCD (LED)",89.3,6.144343004652812,181417,65
"PHILIPS","65PQT9020/79","Australia,Fiji,New Zealand",163.896,"LCD (LED)",175.9,3.036956400231941,166812,65
"PHILIPS","65PUT7039/79","Australia,New Zealand",165.633,"LCD (LED)",115,5.147539425779542,166237,65
"PHILIPS","65PUT7129/98","Australia,New Zealand",163.896,"LCD (LED)",122,4.792372278184471,165017,65
"PHILIPS","65PUT7231/75","Australia,Fiji,New Zealand",163.897,"LCD (LED)",90.8,6.081550508951327,180624,65
"PHILIPS","65PUT7428/79","Australia,Fiji,New Zealand",163.878,"LCD (LED)",101.3,5.584895075395215,155483,65
"PHILIPS","65PUT7906/75","New Zealand",163.897,"LCD (LED)",128.4,4.524965490865716,148317,65
"PHILIPS","65PUT7906/79","Australia,New Zealand",163.897,"LCD (LED)",128.4,4.524965490865716,141293,65
"PHILIPS","65PUT7908/75","Australia,Fiji,New Zealand",163.897,"LCD (LED)",129.8,4.481915975211493,153276,65
"PHILIPS","65PUT7908/79","Australia,Fiji,New Zealand",163.897,"LCD (LED)",129.8,4.481915975211493,153276,65
"PHILIPS","65PUT8507/75","Australia,Fiji,New Zealand",163.897,"LCD (LED)",116.25,4.9702952941602625,146714,65
"PHILIPS","65PUT8507/79","Australia,Fiji,New Zealand",163.897,"LCD (LED)",116.25,4.9702952941602625,146714,65
"PHILIPS","65PUT8528/79","Australia,Fiji,New Zealand",163.897,"LCD (LED)",119.3,4.8570744481591746,153117,65
"PHILIPS","65PUT8808/75","Australia,Fiji,New Zealand",163.897,"LCD (LED)",142.4,4.064929099692862,153450,65
"PHILIPS","65PUT8808/79","Australia,Fiji,New Zealand",163.897,"LCD (LED)",142.4,4.064929099692862,153450,65
"HISENSE","65Q6N series","Australia,New Zealand",163.896,"LCD (LED)",90.42,6.045013280653004,161770,65
"HISENSE","65Q6NAU","Australia,New Zealand",163.896,"LCD (LED)",90.42,6.045013280653004,161770,65
"HISENSE","65Q6NNZ","Australia,New Zealand",163.896,"LCD (LED)",90.42,6.045013280653004,161770,65
"HISENSE","65Q6Q series","Australia,New Zealand",163.896,"LCD (LED)",98.86,5.694724095108619,167837,65
"HISENSE","65Q6QAU","Australia,New Zealand",163.896,"LCD (LED)",98.86,5.694724095108619,167837,65
"HISENSE","65Q6QNZ","Australia,New Zealand",163.896,"LCD (LED)",98.86,5.694724095108619,167837,65
"HISENSE","65Q6S series","Australia,New Zealand",163.896,"LCD (LED)",69.23,7.155671251474674,178188,65
"HISENSE","65Q6SAU","Australia,New Zealand",163.896,"LCD (LED)",69.23,7.155671251474674,178188,65
"HISENSE","65Q6SNZ","Australia,New Zealand",163.896,"LCD (LED)",69.23,7.155671251474674,178188,65
"HISENSE","65Q7Q series","Australia,New Zealand",163.896,"LCD (LED)",104.99,5.50774202403524,168852,65
"HISENSE","65Q7QAU","Australia,New Zealand",163.896,"LCD (LED)",104.99,5.50774202403524,168852,65
"HISENSE","65Q7QNZ","Australia,New Zealand",163.896,"LCD (LED)",104.99,5.50774202403524,168852,65
"SKYWORTH","65Q7700G","Australia,Fiji,New Zealand",163.897,"LCD (LED)",118.6,5.0086802835918505,170054,65
"LG","65QNED7SSQA","Australia,New Zealand",163.897,"LCD (LED)",114,5.475494068044627,148261,65
"LG","65QNED9#### (# can be A-Z, 0-9 or ""-"" or ""."" or blank)","Australia,Fiji,New Zealand",163.896,"LCD (LED)",159.1,3.3187384664494495,167795,65
"LG","65QNED9MA6A","Australia,New Zealand",163.897,"LCD (LED)",140,4.550995109743512,166474,65
"LG","65QNED9MASA","Australia,New Zealand",163.897,"LCD (LED)",140,4.550995109743512,166475,65
"LG","65QNED70A6A","Australia,New Zealand",163.897,"LCD (LED)",118,5.328204093107946,168234,65
"LG","65QNED70ASA","Australia,New Zealand",163.897,"LCD (LED)",118,5.328204093107946,168235,65
"LG","65QNED70B6C","Australia,New Zealand",163.897,"LCD (LED)",100,6.0571285405123145,175402,65
"LG","65QNED70BSA","Australia,New Zealand",163.897,"LCD (LED)",100,6.0571285405123145,175403,65
"LG","65QNED75SRA","Australia,New Zealand",163.897,"LCD (LED)",114,5.475494068044627,153952,65
"LG","65QNED80A6A","Australia,New Zealand",163.897,"LCD (LED)",98,6.1556252552474255,166056,65
"LG","65QNED80B6B","Australia,New Zealand",163.897,"LCD (LED)",140,4.5597053556687195,174990,65
"LG","65QNED80BSA","Australia,New Zealand",163.897,"LCD (LED)",140,4.5597053556687195,174991,65
"LG","65QNED80SQA","Australia,New Zealand",163.897,"LCD (LED)",118,5.328204093107946,143470,65
"LG","65QNED80T6A","Australia,New Zealand",163.897,"LCD (LED)",109,5.68346052076461,158185,65
"LG","65QNED81ASA","Australia,New Zealand",163.897,"LCD (LED)",98,6.1556252552474255,166057,65
"LG","65QNED81SRA","Australia,New Zealand",163.897,"LCD (LED)",118,5.328204093107946,151450,65
"LG","65QNED81TSA","Australia,New Zealand",163.897,"LCD (LED)",109,5.68346052076461,158186,65
"LG","65QNED82ASA","Australia,New Zealand",163.897,"LCD (LED)",98,6.1556252552474255,166201,65
"LG","65QNED82BSA","Australia,New Zealand",163.897,"LCD (LED)",110,5.638868907901208,176937,65
"LG","65QNED85SQA","Australia,New Zealand",163.897,"LCD (LED)",132,4.829210606366519,144914,65
"LG","65QNED86A6A","Australia,New Zealand",163.897,"LCD (LED)",105,5.843120871392374,165960,65
"LG","65QNED86ASA","Australia,New Zealand",163.897,"LCD (LED)",105,5.843120871392374,165961,65
"LG","65QNED86BSA","Australia,New Zealand",163.897,"LCD (LED)",100,6.0571285405123145,174770,65
"LG","65QNED86SRA","Australia,New Zealand",163.897,"LCD (LED)",125,5.066881362898524,152104,65
"LG","65QNED86T6A","Australia,New Zealand",163.896,"LCD (LED)",118,5.328250089335192,158934,65
"LG","65QNED86TSA","Australia,New Zealand",163.897,"LCD (LED)",118,5.328204093107946,158855,65
"LG","65QNED87B6A","Australia,New Zealand",163.897,"LCD (LED)",100,6.0571285405123145,174771,65
"LG","65QNED90BSA","Australia,Fiji,New Zealand",163.896,"LCD (LED)",126.7,4.559751351895967,179082,65
"LG","65QNED91SQA","Australia,New Zealand",163.897,"LCD (LED)",120,5.256335563565565,143272,65
"LG","65QNED91T6A","Australia,New Zealand",163.896,"LCD (LED)",125,5.066927359125772,158935,65
"LG","65QNED91TSA","Australia,New Zealand",163.897,"LCD (LED)",125,5.066881362898524,158856,65
"LG","65QNED92A6A","Australia,Fiji,New Zealand",163.896,"LCD (LED)",159.1,3.3187384664494495,167795,65
"LG","65QNED92ASA","Australia,Fiji,New Zealand",163.896,"LCD (LED)",159.1,3.3187384664494495,167795,65
"LG","65QNED92AUA","Australia,Fiji,New Zealand",163.896,"LCD (LED)",159.1,3.3187384664494495,167795,65
"LG","65QNED93A6A","Australia,Fiji,New Zealand",163.896,"LCD (LED)",159.1,3.3187384664494495,167795,65
"LG","65QNED93AKA","Australia,Fiji,New Zealand",163.896,"LCD (LED)",159.1,3.3187384664494495,167795,65
"LG","65QNED93ASA","Australia,Fiji,New Zealand",163.896,"LCD (LED)",159.1,3.3187384664494495,167795,65
"LG","65QNED96SQA","Australia,New Zealand",163.897,"LCD (LED)",152,4.199659214971653,144181,65
"LG","65QNED99SQB","Australia,New Zealand",163.897,"LCD (LED)",212,2.7136773064511392,144182,65
"LG","65QNED756RA","Australia,New Zealand",163.897,"LCD (LED)",109,5.68346052076461,153953,65
"LG","65QNED806QA","Australia,New Zealand",163.897,"LCD (LED)",118,5.328204093107946,143471,65
"LG","65QNED816RA","Australia,New Zealand",163.897,"LCD (LED)",118,5.328204093107946,151451,65
"LG","65QNED866QA","Australia,New Zealand",163.897,"LCD (LED)",132,4.829210606366519,144915,65
"LG","65QNED866RA","Australia,New Zealand",163.897,"LCD (LED)",125,5.066881362898524,152105,65
"LG","65QNED866RE","Australia,New Zealand",163.897,"LCD (LED)",125,5.066881362898524,153908,65
"LG","65QNED916QA","Australia,New Zealand",163.897,"LCD (LED)",120,5.256335563565565,142661,65
"LG","65QNED966QA","Australia,New Zealand",163.897,"LCD (LED)",152,4.199659214971653,144325,65
"LG","65QNED996QB","Australia,New Zealand",163.897,"LCD (LED)",212,2.7136773064511392,144183,65
"HISENSE","65S7NAU","Australia",163.896,"LCD (LED)",105.58,5.50774202403524,166766,65
"HISENSE","65S7S","Australia,New Zealand",163.896,"LCD (LED)",88.52,6.168136962204355,178199,65
"HISENSE","65S7SAU","Australia,New Zealand",163.896,"LCD (LED)",88.52,6.168136962204355,178199,65
"HISENSE","65S7SNZ","Australia,New Zealand",163.896,"LCD (LED)",88.52,6.168136962204355,178199,65
"DREAME","65S100","Australia,Fiji,New Zealand",163.896,"LCD (LED)",118.12,4.820007022183777,179425,65
"SPARK ELECTRONICS","65SPA-Outdoor-TV","Australia,Fiji,New Zealand",138.783,"LCD (LED)",114.75,4.064055082166185,174511,55
"HISENSE","65U6K series","Australia,New Zealand",163.896,"LCD (LED)",140.56,4.215825444831754,155584,65
"HISENSE","65U6KAU","Australia,New Zealand",163.896,"LCD (LED)",140.56,4.215825444831754,155584,65
"HISENSE","65U6KNZ","Australia,New Zealand",163.896,"LCD (LED)",140.56,4.215825444831754,155584,65
"HISENSE","65U6N series","Australia,New Zealand",163.896,"LCD (LED)",99.95,5.50774202403524,161762,65
"HISENSE","65U6NAU","Australia,New Zealand",163.896,"LCD (LED)",99.95,5.50774202403524,161762,65
"HISENSE","65U6NNZ","Australia,New Zealand",163.896,"LCD (LED)",99.95,5.50774202403524,161762,65
"HISENSE","65U6Q PRO series","Australia,New Zealand",163.896,"LCD (LED)",110.31,5.266578196996688,169501,65
"HISENSE","65U6QAU PRO","Australia,New Zealand",163.896,"LCD (LED)",110.31,5.266578196996688,169501,65
"HISENSE","65U6QNZ PRO","Australia,New Zealand",163.896,"LCD (LED)",110.31,5.266578196996688,169501,65
"HISENSE","65U6S series","Australia,New Zealand",163.896,"LCD (LED)",110,5.50774202403524,178754,65
"HISENSE","65U6SAU","Australia,New Zealand",163.896,"LCD (LED)",110,5.50774202403524,178754,65
"HISENSE","65U6SNZ","Australia,New Zealand",163.896,"LCD (LED)",110,5.50774202403524,178754,65
"HISENSE","65U7H series","Australia,New Zealand",163.896,"LCD (LED)",115.68,5.018374120182047,148084,65
"HISENSE","65U7HAU","Australia,New Zealand",163.896,"LCD (LED)",115.68,5.018374120182047,148084,65
"HISENSE","65U7HNZ","Australia,New Zealand",163.896,"LCD (LED)",115.68,5.018374120182047,148084,65
"HISENSE","65U7K series","Australia,New Zealand",163.896,"LCD (LED)",109.65,5.066927359125772,154728,65
"HISENSE","65U7KAU","Australia,New Zealand",163.896,"LCD (LED)",109.65,5.066927359125772,154728,65
"HISENSE","65U7KNZ","Australia,New Zealand",163.896,"LCD (LED)",109.65,5.066927359125772,154728,65
"HISENSE","65U7N series","Australia,New Zealand",163.829,"LCD (LED)",110.54,5.014220466297351,159234,64
"HISENSE","65U7NAU","Australia,New Zealand",163.829,"LCD (LED)",110.54,5.014220466297351,159234,64
"HISENSE","65U7NNZ","Australia,New Zealand",163.829,"LCD (LED)",110.54,5.014220466297351,159234,64
"HISENSE","65U7Q series","Australia,New Zealand",163.896,"LCD (LED)",115.94,5.008726279819099,167840,65
"HISENSE","65U7QAU","Australia,New Zealand",163.896,"LCD (LED)",115.94,5.008726279819099,167840,65
"HISENSE","65U7QNZ","Australia,New Zealand",163.896,"LCD (LED)",115.94,5.008726279819099,167840,65
"HISENSE","65U7S series","Australia,New Zealand",163.896,"LCD (LED)",117.57,5.008726279819099,178195,65
"HISENSE","65U7SAU","Australia,New Zealand",163.896,"LCD (LED)",117.57,5.008726279819099,178195,65
"HISENSE","65U7SNZ","Australia,New Zealand",163.896,"LCD (LED)",117.57,5.008726279819099,178195,65
"HISENSE","65U8H series","Australia,New Zealand",163.896,"LCD (LED)",159.55,3.5912491629830012,148615,65
"HISENSE","65U8HAU","Australia,New Zealand",163.896,"LCD (LED)",159.55,3.5912491629830012,148615,65
"HISENSE","65U8HNZ","Australia,New Zealand",163.896,"LCD (LED)",159.55,3.5912491629830012,148615,65
"HISENSE","65U8K series","Australia,New Zealand",163.896,"LCD (LED)",133.75,4.507742024035239,155361,65
"HISENSE","65U8KAU","Australia,New Zealand",163.896,"LCD (LED)",133.75,4.507742024035239,155361,65
"HISENSE","65U8KNZ","Australia,New Zealand",163.896,"LCD (LED)",133.75,4.507742024035239,155361,65
"HISENSE","65U8N Series","Australia",163.896,"LCD (LED)",151.8,3.584230492609061,162655,65
"HISENSE","65U8NAU","Australia",163.896,"LCD (LED)",151.8,3.584230492609061,162655,65
"HISENSE","65U8NNZ","Australia",163.896,"LCD (LED)",151.8,3.584230492609061,162655,65
"HISENSE","65U8Q Series","Australia,New Zealand",163.896,"LCD (LED)",129.15,4.507742024035239,168984,65
"HISENSE","65U8QAU","Australia,New Zealand",163.896,"LCD (LED)",129.15,4.507742024035239,168984,65
"HISENSE","65U8QNZ","Australia,New Zealand",163.896,"LCD (LED)",129.15,4.507742024035239,168984,65
"HISENSE","65U9G","Australia,New Zealand",163.896,"LCD (LED)",152.07,3.514641825425533,141068,65
"HISENSE","65U9HAU","Australia,New Zealand",163.896,"LCD (LED)",168.67,3.514641825425533,149241,65
"LG","65UA731C0SB","Australia,Fiji,New Zealand",163.897,"LCD (LED)",115,5.443521850734936,173334,65
"LG","65UA841C0SA","Australia,New Zealand",163.897,"LCD (LED)",118,5.328204093107946,171700,65
"LG","65UA7350PSB","Australia,Fiji,New Zealand",163.897,"LCD (LED)",115,5.443521850734936,167433,65
"LG","65UA8055PSA","Australia,New Zealand",163.897,"LCD (LED)",118,5.328204093107946,175798,65
"LG","65UA8450PSA","Australia,New Zealand",163.897,"LCD (LED)",118,5.328204093107946,167783,65
"LG","65UJ660H5LD","Australia,New Zealand",163.897,"LCD (LED)",50,9.139122660621185,178694,65
"LG","65UJ760H5SD","Australia,New Zealand",163.897,"LCD (LED)",54,8.789744240270002,181721,65
"LG","65UK660H0LA","Australia,New Zealand",163.897,"LCD (LED)",67,7.843846548686119,169749,65
"LG","65UK760H0SD","Australia,New Zealand",163.897,"LCD (LED)",126,5.037686340309588,170814,65
"LG","65UK762H0LB","Australia,New Zealand",163.897,"LCD (LED)",106,5.808425832669458,171501,65
"LG","65UK762H5LB","Australia,New Zealand",163.897,"LCD (LED)",106,5.808425832669458,180257,65
"LG","65UK767H0LB","Australia,New Zealand",163.897,"LCD (LED)",69,7.718609094025336,171705,65
"LG","65UK767H5LB","Australia,New Zealand",163.897,"LCD (LED)",69,7.718609094025336,180429,65
"LG","65UM662H0LC","Australia,New Zealand",163.897,"LCD (LED)",56,8.635576994500521,156858,65
"LG","65UM662H4LC","Australia,New Zealand",163.897,"LCD (LED)",56,8.635576994500521,163736,65
"LG","65UM767H0LD","Australia,New Zealand",163.897,"LCD (LED)",65,7.972684747758714,154719,65
"LG","65UP751C0VG","Australia,New Zealand",163.897,"LCD (LED)",145,4.405453871887269,144612,65
"LG","65UP801C0TB","Australia,New Zealand",163.897,"LCD (LED)",144,4.439276071054277,143169,65
"LG","65UQ751C0LF","Australia,New Zealand",163.897,"LCD (LED)",145,4.405453871887269,147183,65
"LG","65UQ901C0SD","Australia,New Zealand",163.897,"LCD (LED)",148,4.313737886945033,149436,65
"LG","65UQ9000PSD","Australia,New Zealand",163.897,"LCD (LED)",148,4.313737886945033,143552,65
"LG","65UQ75006LF","Australia,New Zealand",163.897,"LCD (LED)",145,4.405453871887269,143752,65
"LG","65UQ80006LB","Australia,New Zealand",163.897,"LCD (LED)",127,4.99905316900289,144184,65
"LG","65UQ91006LA","Australia,New Zealand",163.897,"LCD (LED)",148,4.313737886945033,143472,65
"HISENSE","65UR8S series","Australia,New Zealand",163.896,"LCD (LED)",110.35,5.50774202403524,179174,65
"HISENSE","65UR8SAU","Australia,New Zealand",163.896,"LCD (LED)",110.35,5.50774202403524,179174,65
"HISENSE","65UR8SNZ","Australia,New Zealand",163.896,"LCD (LED)",110.35,5.50774202403524,179174,65
"HISENSE","65UR9S Series","Australia,New Zealand",163.896,"LCD (LED)",138.43,4.507742024035239,178201,65
"HISENSE","65UR9SAU","Australia,New Zealand",163.896,"LCD (LED)",138.43,4.507742024035239,178201,65
"HISENSE","65UR9SNZ","Australia,New Zealand",163.896,"LCD (LED)",138.43,4.507742024035239,178201,65
"LG","65UR765H0VC","Australia,New Zealand",163.897,"LCD (LED)",115,5.443521850734936,147710,65
"LG","65UR767H3VC","Australia,New Zealand",163.897,"LCD (LED)",118,5.328204093107946,142798,65
"LG","65UR781C0LL","Australia,New Zealand",163.897,"LCD (LED)",127,4.99905316900289,153585,65
"LG","65UR801C0SB","Australia,New Zealand",163.897,"LCD (LED)",127,4.99905316900289,153586,65
"LG","65UR8050PSB","Australia,New Zealand",163.897,"LCD (LED)",127,4.99905316900289,151636,65
"LG","65UR78006LL","Australia,New Zealand",163.897,"LCD (LED)",127,4.99905316900289,151884,65
"LG","65UR80006LJ","Australia,New Zealand",163.897,"LCD (LED)",127,4.99905316900289,151637,65
"LG","65UR81006LJ","Australia,New Zealand",163.897,"LCD (LED)",127,4.99905316900289,152179,65
"LG","65UT801C0LA","Australia,New Zealand",163.897,"LCD (LED)",120,5.246162074252658,162901,65
"LG","65UT801C0SB","Australia,New Zealand",163.897,"LCD (LED)",120,5.246162074252658,162903,65
"LG","65UT8050PSB","Australia,New Zealand",163.897,"LCD (LED)",120,5.246162074252658,158845,65
"LG","65UT80506LA","Australia,New Zealand",163.897,"LCD (LED)",120,5.246162074252658,158846,65
"LG","65UT81006LA","Australia,New Zealand",163.897,"LCD (LED)",120,5.246162074252658,158847,65
"LG","65UT90506LB","Australia,New Zealand",163.897,"LCD (LED)",114,5.475494068044627,159966,65
"HISENSE","65UXAU","Australia",163.896,"LCD (LED)",137.97,4.104182871102088,162667,65
"SKYWORTH","65V75","Australia,Fiji,New Zealand",163.897,"LCD (LED)",79.1,6.825739776103138,180497,65
"HISENSE","65X8HAU","Australia,New Zealand",163.896,"OLED",92.33,6.045013280653004,149244,65
"HISENSE","65X9HAU","Australia,New Zealand",163.896,"OLED",108.3,5.066927359125772,149246,65
"SKYWORTH","65X66CH","Australia,Fiji,New Zealand",163.897,"LCD (LED)",79.1,6.825739776103138,180497,65
"COOCAA","65X66CH-A","Australia,Fiji,New Zealand",163.897,"LCD (LED)",79.1,6.825739776103138,181306,65
"SKYWORTH","65X66H","Australia,Fiji,New Zealand",163.897,"LCD (LED)",79.1,6.825739776103138,180497,65
"SKYWORTH","65X6600H","Australia,Fiji,New Zealand",163.897,"LCD (LED)",79.1,6.825739776103138,180497,65
"SKYWORTH","65X8700G","Australia,Fiji,New Zealand",163.897,"LCD (LED)",111.6,5.1556252552474255,169847,65
"SKYWORTH","65X series","Australia,Fiji,New Zealand",163.897,"LCD (LED)",79.1,6.825739776103138,180497,65
"TOSHIBA","65Z670MP","Australia,New Zealand",163.896,"LCD (LED)",117.13,5.008726279819099,155114,65
"TOSHIBA","65Z670RP","Australia",163.896,"LCD (LED)",105.39,5.50774202403524,168245,65
"TOSHIBA","65Z670SP","Australia",163.896,"LCD (LED)",95.12,6.045013280653004,178437,65
"TOSHIBA","65Z770","Australia,New Zealand",163.896,"LCD (LED)",128.56,4.507742024035239,169092,65
"TOSHIBA","65Z770RP","Australia,New Zealand",163.896,"LCD (LED)",128.56,4.507742024035239,169092,65
"TOSHIBA","65Z770SP","Australia,New Zealand",163.896,"LCD (LED)",128.56,4.507742024035239,169092,65
"TOSHIBA","65Z870MP","Australia,New Zealand",163.896,"LCD (LED)",129.47,4.507742024035239,154888,65
"TOSHIBA","65Z870NP","Australia,New Zealand",163.896,"LCD (LED)",157.4,3.584230492609061,162079,65
"HISENSE","70A6G","Australia,New Zealand",176.57,"LCD (LED)",106.02,6.01015601007195,141093,70
"HISENSE","70A6KAU","Australia,New Zealand",176.57,"LCD (LED)",104.78,6.085115800336112,156286,70
"HISENSE","70A6N Series","Australia,New Zealand",176.537,"LCD (LED)",103.99,6.0098525976602755,163618,70
"HISENSE","70A6NAU","Australia,New Zealand",176.537,"LCD (LED)",103.99,6.0098525976602755,163618,70
"HISENSE","70A6NNZ","Australia,New Zealand",176.537,"LCD (LED)",103.99,6.0098525976602755,163618,70
"SPARK ELECTRONICS","75"" Lumin","Australia,Fiji,New Zealand",189.132,"LCD",340.8,1.7806598657620578,174639,74
"SPARK ELECTRONICS","75"" Patio","Australia,Fiji,New Zealand",189.17,"LCD",252.5,3.12174886984205,174634,74
"SPARK ELECTRONICS","75"" Patio Pro","Australia,Fiji,New Zealand",189.17,"LCD",252.5,3.12174886984205,174634,74
"SPARK ELECTRONICS","75"" Pavilion 2","Australia,Fiji,New Zealand",189.17,"LCD",252.5,3.12174886984205,174634,74
"SPARK ELECTRONICS","75"" Pavilion 2 Pro","Australia,Fiji,New Zealand",189.17,"LCD",252.5,3.12174886984205,174634,74
"TCL","75A300W","Australia,Fiji,New Zealand",189.306,"LCD (LED)",115.4,5.910030969707462,163755,75
"SPARK ELECTRONICS","75ALFOutdoor-TV","Australia,Fiji,New Zealand",138.783,"LCD (LED)",114.75,4.064055082166185,174511,55
"PHILIPS","75BFL2214/97","Australia,Fiji,New Zealand",189.274,"LCD (LED)",111.72,6.371087818075435,141656,75
"TCL","75C6K","Australia,Fiji,New Zealand",189.306,"LCD (LED)",140,5.0929714771961745,166356,75
"TCL","75C6L","Australia,Fiji,New Zealand",189.306,"LCD (LED)",118.9,5.8125085826460925,177480,75
"TCL","75C7K","Australia,Fiji,New Zealand",189.306,"LCD (LED)",190,4.063194489783653,166352,75
"TCL","75C7L","Australia,Fiji,New Zealand",189.306,"LCD (LED)",129.1,5.198777204048162,177068,75
"TCL","75C8K","Australia,Fiji,New Zealand",189.306,"LCD (LED)",128.9,5.5074170314122695,167635,75
"TCL","75C8L","Australia,Fiji,New Zealand",189.306,"LCD (LED)",157.4,4.505778786057624,176904,75
"TOSHIBA","75C350","Australia",189.34,"LCD (LED)",87.19,7.574747009767889,169328,75
"TOSHIBA","75C350LP","Australia,New Zealand",189.274,"LCD (LED)",114.36,6.008562665563702,146746,75
"TOSHIBA","75C350MP","Australia,New Zealand",189.274,"LCD (LED)",114.36,6.008562665563702,153595,75
"TOSHIBA","75C350NP","Australia,New Zealand",189.34,"LCD (LED)",95.06,7.03682007493093,160546,75
"TOSHIBA","75C350RP","Australia",189.34,"LCD (LED)",87.19,7.574747009767889,169328,75
"TOSHIBA","75C350SP","Australia",189.34,"LCD (LED)",87.19,7.574747009767889,169328,75
"TCL","75C655","Australia,Fiji,New Zealand",189.306,"LCD (LED)",122,5.777565558686364,159828,75
"TCL","75C755","Australia,Fiji,New Zealand",189.306,"LCD (LED)",134.6,5.482906012508416,159919,75
"TCL","75C855","Australia,Fiji,New Zealand",189.306,"LCD (LED)",208.1,3.1531256705532553,159832,75
"TCL","75C935","Australia,Fiji,New Zealand",189.306,"LCD (LED)",201,3.7480767191677016,147927,75
"COOCAA","75G6500H","Fiji,New Zealand",189.338,"LCD (LED)",152.8,5.170195815718926,174913,75
"PHILIPS","75HFL5214U/97","Australia,Fiji,New Zealand",189.306,"LCD (LED)",99.7,6.382195704190277,156641,75
"PHILIPS","75HFL6214U/12","Australia,Fiji,New Zealand",189.275,"LCD (LED)",109.86,6.451213523728212,142481,75
"CHIQ","75M810N","Australia,Fiji,New Zealand",189.34,"LCD (LED)",171.6,4.527301161061217,179343,75
"LG","75MRGB86B6A","Australia,New Zealand",189.275,"LCD (LED)",106,7.033755235828371,174992,75
"LG","75MRGB86BSA","Australia,New Zealand",189.275,"LCD (LED)",106,7.033755235828371,174993,75
"LG","75MRGB96BSA","Australia,New Zealand",189.275,"LCD (LED)",148,5.5390672901039455,177390,75
"LG","75NANO75SQA","Australia,New Zealand",189.275,"LCD (LED)",181,4.644281538618003,143473,75
"LG","75NANO80A6A","Australia,New Zealand",189.275,"LCD (LED)",165,5.054540009525431,166058,75
"LG","75NANO80ASA","Australia,New Zealand",189.275,"LCD (LED)",165,5.054540009525431,166059,75
"LG","75NANO81TSA","Australia,New Zealand",189.275,"LCD (LED)",181,4.644281538618003,159102,75
"LG","75NANO756QA","Australia,New Zealand",189.275,"LCD (LED)",181,4.644281538618003,143474,75
"LG","75NANO816QA","Australia,New Zealand",189.275,"LCD (LED)",126,6.263015743468501,144185,75
"LG","75NU85CB6LA","Australia,New Zealand",189.275,"LCD (LED)",130,6.119827201301709,177814,75
"LG","75NU85CBPSA","Australia,New Zealand",189.275,"LCD (LED)",130,6.119827201301709,177815,75
"LG","75NU805BPSB","Australia,Fiji,New Zealand",189.275,"LCD",118,6.5535334962668585,176248,75
"LG","75NU830B6LA","Australia,New Zealand",189.275,"LCD (LED)",130,6.119827201301709,178700,75
"LG","75NU850B6LA","Australia,New Zealand",189.275,"LCD (LED)",130,6.119827201301709,175404,75
"LG","75NU855BPSA","Australia,New Zealand",189.275,"LCD (LED)",130,6.119827201301709,175405,75
"TCL","75P7K","Australia,Fiji,New Zealand",189.306,"LCD (LED)",104.7,6.283698989455167,167694,75
"TCL","75P7LS","Australia,Fiji,New Zealand",189.306,"LCD (LED)",97.6,6.382195704190277,176896,75
"LG","75PK640S0SA","Australia,Fiji,New Zealand",189.275,"LCD (LED)",136.9,5.899836034595753,172396,75
"PHILIPS","75PML9506/75","Australia,Fiji,New Zealand",189.274,"LCD (LED)",195,3.8874113908802133,142508,75
"PHILIPS","75PML9506/79","Australia,Fiji,New Zealand",189.274,"LCD (LED)",195,3.8874113908802133,142508,75
"PHILIPS","75PQT7931/79","Australia,Fiji,New Zealand",189.306,"LCD (LED)",96,7.046531474899381,181418,75
"PHILIPS","75PQT9020/79","Australia,Fiji,New Zealand",189.34,"LCD (LED)",203.5,3.673105632499593,166757,75
"PHILIPS","75PUT7039/79","Australia,New Zealand",189.274,"LCD (LED)",162,4.617398287285496,166235,75
"PHILIPS","75PUT7231/75","Australia,Fiji,New Zealand",189.338,"LCD (LED)",94.5,7.130024630835645,180626,75
"PHILIPS","75PUT7906/75","Australia,Fiji,New Zealand",189.275,"LCD (LED)",169.26,4.517660502557614,142225,75
"PHILIPS","75PUT7906/79","Australia,Fiji,New Zealand",189.275,"LCD (LED)",169.26,4.517660502557614,142225,75
"PHILIPS","75PUT7908/75","Australia,Fiji,New Zealand",189.306,"LCD (LED)",144.1,5.244898572897651,153411,75
"PHILIPS","75PUT7908/79","Australia,Fiji,New Zealand",189.306,"LCD (LED)",144.1,5.244898572897651,153411,75
"PHILIPS","75PUT8507/75","Australia,Fiji,New Zealand",189.306,"LCD (LED)",127.69,5.590102405040369,147091,75
"PHILIPS","75PUT8507/79","Australia,Fiji,New Zealand",189.306,"LCD (LED)",127.69,5.590102405040369,147091,75
"PHILIPS","75PUT8808/75","Australia,Fiji,New Zealand",189.306,"LCD (LED)",153.1,4.967763428275685,153405,75
"PHILIPS","75PUT8808/79","Australia,Fiji,New Zealand",189.306,"LCD (LED)",153.1,4.967763428275685,153405,75
"HISENSE","75Q6N series","Australia,New Zealand",189.34,"LCD (LED)",120.56,6.011546682493634,161771,75
"HISENSE","75Q6NAU","Australia,New Zealand",189.34,"LCD (LED)",120.56,6.011546682493634,161771,75
"HISENSE","75Q6NNZ","Australia,New Zealand",189.34,"LCD (LED)",120.56,6.011546682493634,161771,75
"HISENSE","75Q6Q series","Australia,New Zealand",189.34,"LCD (LED)",117.04,6.104141301259303,167838,75
"HISENSE","75Q6QAU","Australia,New Zealand",189.34,"LCD (LED)",117.04,6.104141301259303,167838,75
"HISENSE","75Q6QNZ","Australia,New Zealand",189.34,"LCD (LED)",117.04,6.104141301259303,167838,75
"HISENSE","75Q6S series","Australia,New Zealand",189.34,"LCD (LED)",102.05,7.013838382936172,178189,75
"HISENSE","75Q6SAU","Australia,New Zealand",189.34,"LCD (LED)",102.05,7.013838382936172,178189,75
"HISENSE","75Q6SNZ","Australia,New Zealand",189.34,"LCD (LED)",102.05,7.013838382936172,178189,75
"HISENSE","75Q7Q series","Australia,New Zealand",189.34,"LCD (LED)",122.25,6.011546682493634,168853,75
"HISENSE","75Q7QAU","Australia,New Zealand",189.34,"LCD (LED)",122.25,6.011546682493634,168853,75
"HISENSE","75Q7QNZ","Australia,New Zealand",189.34,"LCD (LED)",122.25,6.011546682493634,168853,75
"SKYWORTH","75Q6600H","Australia,Fiji,New Zealand",189.338,"LCD (LED)",147.3,5.170195815718926,169546,75
"LG","75QNED7SSQA","Australia,New Zealand",189.275,"LCD (LED)",130,6.119827201301709,148262,75
"LG","75QNED9#### (# can be A-Z, 0-9 or ""-"" or “.�? or blank)","Australia,Fiji,New Zealand",189.34,"LCD (LED)",190.2,3.7720858059026012,167828,75
"LG","75QNED9MA6A","Australia,New Zealand",189.275,"LCD (LED)",153,5.392921074375575,166476,75
"LG","75QNED9MASA","Australia,New Zealand",189.275,"LCD (LED)",153,5.392921074375575,166477,75
"LG","75QNED70A6A","Australia,New Zealand",189.275,"LCD (LED)",165,5.054540009525431,169009,75
"LG","75QNED70ASA","Australia,New Zealand",189.275,"LCD (LED)",165,5.054540009525431,169010,75
"LG","75QNED70B6A","Australia,New Zealand",189.275,"LCD (LED)",132,6.054540009525432,174994,75
"LG","75QNED70BSA","Australia,New Zealand",189.275,"LCD (LED)",132,6.054540009525432,174995,75
"LG","75QNED75SRA","Australia,New Zealand",189.275,"LCD (LED)",126,6.263015743468501,153954,75
"LG","75QNED80A6A","Australia,New Zealand",189.275,"LCD (LED)",106,7.033755235828371,166060,75
"LG","75QNED80B6A","Australia,New Zealand",189.275,"LCD (LED)",166,5.032373005790869,175251,75
"LG","75QNED80BSA","Australia,New Zealand",189.275,"LCD (LED)",166,5.032373005790869,175252,75
"LG","75QNED80SQA","Australia,New Zealand",189.275,"LCD (LED)",134,5.981072460590566,143475,75
"LG","75QNED80T6A","Australia,New Zealand",189.275,"LCD (LED)",126,6.263015743468501,158188,75
"LG","75QNED81ASA","Australia,New Zealand",189.275,"LCD (LED)",106,7.033755235828371,166061,75
"LG","75QNED81SRA","Australia,New Zealand",189.275,"LCD (LED)",134,5.981072460590566,151452,75
"LG","75QNED81TSA","Australia,New Zealand",189.275,"LCD (LED)",126,6.263015743468501,158189,75
"LG","75QNED82ASA","Australia,New Zealand",189.275,"LCD (LED)",106,7.033755235828371,166344,75
"LG","75QNED82BSA","Australia,New Zealand",189.275,"LCD (LED)",148,5.5390672901039455,176934,75
"LG","75QNED85SQA","Australia,New Zealand",189.275,"LCD (LED)",160,5.189895201395687,144916,75
"LG","75QNED86A6A","Australia,New Zealand",189.275,"LCD (LED)",106,7.033755235828371,167435,75
"LG","75QNED86ASA","Australia,New Zealand",189.275,"LCD (LED)",106,7.033755235828371,166062,75
"LG","75QNED86BSA","Australia,New Zealand",189.275,"LCD (LED)",105,7.068450274551286,174772,75
"LG","75QNED86SRA","Australia,New Zealand",189.275,"LCD (LED)",150,5.481664966724477,152106,75
"LG","75QNED86T6A","Australia,New Zealand",189.275,"LCD (LED)",134,5.981072460590566,158944,75
"LG","75QNED86TSA","Australia,New Zealand",189.275,"LCD (LED)",134,5.981072460590566,158857,75
"LG","75QNED87B6A","Australia,New Zealand",189.275,"LCD (LED)",105,7.068450274551286,174773,75
"LG","75QNED90BSA","Australia,Fiji,New Zealand",189.34,"LCD (LED)",157.2,4.798574289378539,179083,75
"LG","75QNED91SQA","Australia,New Zealand",189.275,"LCD (LED)",158,5.25139078204,143273,75
"LG","75QNED91T6A","Australia,New Zealand",189.275,"LCD (LED)",150,5.481664966724477,158949,75
"LG","75QNED91TSA","Australia,New Zealand",189.275,"LCD (LED)",150,5.481664966724477,158858,75
"LG","75QNED92A6A","Australia,Fiji,New Zealand",189.34,"LCD (LED)",190.2,3.7720858059026012,167828,75
"LG","75QNED92ASA","Australia,Fiji,New Zealand",189.34,"LCD (LED)",190.2,3.7720858059026012,167828,75
"LG","75QNED92AUA","Australia,Fiji,New Zealand",189.34,"LCD (LED)",190.2,3.7720858059026012,167828,75
"LG","75QNED93A6A","Australia,Fiji,New Zealand",189.34,"LCD (LED)",190.2,3.7720858059026012,167828,75
"LG","75QNED93AKA","Australia,Fiji,New Zealand",189.34,"LCD (LED)",190.2,3.7720858059026012,167828,75
"LG","75QNED93ASA","Australia,Fiji,New Zealand",189.34,"LCD (LED)",190.2,3.7720858059026012,167828,75
"LG","75QNED96SQA","Australia,New Zealand",189.275,"LCD (LED)",172,4.873081208156259,143477,75
"LG","75QNED99SQB","Australia,New Zealand",189.275,"LCD (LED)",232,3.536097167305912,144186,75
"LG","75QNED756RA","Australia,New Zealand",189.275,"LCD (LED)",130,6.119827201301709,153955,75
"LG","75QNED806QA","Australia,New Zealand",189.275,"LCD (LED)",134,5.981072460590566,143476,75
"LG","75QNED816RA","Australia,New Zealand",189.275,"LCD (LED)",134,5.981072460590566,151453,75
"LG","75QNED866QA","Australia,New Zealand",189.275,"LCD (LED)",160,5.189895201395687,144917,75
"LG","75QNED866RA","Australia,New Zealand",189.275,"LCD (LED)",150,5.481664966724477,152107,75
"LG","75QNED866RE","Australia,New Zealand",189.275,"LCD (LED)",150,5.481664966724477,153909,75
"LG","75QNED916QA","Australia,New Zealand",189.275,"LCD (LED)",158,5.25139078204,143274,75
"LG","75QNED966QA","Australia,New Zealand",189.275,"LCD (LED)",172,4.873081208156259,144327,75
"LG","75QNED996QB","Australia,New Zealand",189.275,"LCD (LED)",232,3.536097167305912,144187,75
"HISENSE","75S7 Series","Australia,New Zealand",189.34,"LCD (LED)",123.02,6.011546682493634,169505,75
"HISENSE","75S7QAU","Australia,New Zealand",189.34,"LCD (LED)",123.02,6.011546682493634,169505,75
"HISENSE","75S7QNZ","Australia,New Zealand",189.34,"LCD (LED)",123.02,6.011546682493634,169505,75
"HISENSE","75S7SAU","Australia,New Zealand",189.34,"LCD (LED)",123.02,6.011546682493634,169505,75
"HISENSE","75S7SNZ","Australia,New Zealand",189.34,"LCD (LED)",123.02,6.011546682493634,169505,75
"DREAME","75S100","Australia,Fiji,New Zealand",189.34,"LCD (LED)",172.374,4.701749717987907,179677,75
"SPARK ELECTRONICS","75SPA-Outdoor-TV","Australia,Fiji,New Zealand",138.783,"LCD (LED)",114.75,4.064055082166185,174511,55
"KOGAN","75T96 series","Australia,Fiji,New Zealand",189.34,"LCD (LED)",180,4.533886643683078,162237,75
"HISENSE","75U6K series","Australia,New Zealand",189.274,"LCD (LED)",154.66,5.0992865182334395,155585,75
"HISENSE","75U6KAU","Australia,New Zealand",189.274,"LCD (LED)",154.66,5.0992865182334395,155585,75
"HISENSE","75U6KNZ","Australia,New Zealand",189.274,"LCD (LED)",154.66,5.0992865182334395,155585,75
"HISENSE","75U6N series","Australia,New Zealand",189.34,"LCD (LED)",133.76,5.509240824730889,161763,75
"HISENSE","75U6NAU","Australia,New Zealand",189.34,"LCD (LED)",133.76,5.509240824730889,161763,75
"HISENSE","75U6NNZ","Australia,New Zealand",189.34,"LCD (LED)",133.76,5.509240824730889,161763,75
"HISENSE","75U6Q PRO series","Australia",189.34,"LCD (LED)",133.21,5.575266624832269,169502,75
"HISENSE","75U6QAU PRO","Australia",189.34,"LCD (LED)",133.21,5.575266624832269,169502,75
"HISENSE","75U6QNZ PRO","Australia",189.34,"LCD (LED)",133.21,5.575266624832269,169502,75
"HISENSE","75U6S series","Australia,New Zealand",189.34,"LCD (LED)",142.6,5.517441046813487,178755,75
"HISENSE","75U6SAU","Australia,New Zealand",189.34,"LCD (LED)",142.6,5.517441046813487,178755,75
"HISENSE","75U6SNZ","Australia,New Zealand",189.34,"LCD (LED)",142.6,5.517441046813487,178755,75
"HISENSE","75U7H series","Australia,New Zealand",189.274,"LCD (LED)",148.69,5.0992865182334395,148085,75
"HISENSE","75U7HAU","Australia,New Zealand",189.274,"LCD (LED)",148.69,5.0992865182334395,148085,75
"HISENSE","75U7HNZ","Australia,New Zealand",189.274,"LCD (LED)",148.69,5.0992865182334395,148085,75
"HISENSE","75U7K series","Australia,New Zealand",189.34,"LCD (LED)",157.47,5.0060513781658935,154729,75
"HISENSE","75U7KAU","Australia,New Zealand",189.34,"LCD (LED)",157.47,5.0060513781658935,154729,75
"HISENSE","75U7KNZ","Australia,New Zealand",189.34,"LCD (LED)",157.47,5.0060513781658935,154729,75
"HISENSE","75U7N series","Australia,New Zealand",189.34,"LCD (LED)",156.29,4.674465492961469,159233,75
"HISENSE","75U7NAU","Australia,New Zealand",189.34,"LCD (LED)",156.29,4.674465492961469,159233,75
"HISENSE","75U7NNZ","Australia,New Zealand",189.34,"LCD (LED)",156.29,4.674465492961469,159233,75
"HISENSE","75U7Q series","Australia,New Zealand",189.34,"LCD (LED)",145.91,5.254455621142558,167841,75
"HISENSE","75U7QAU","Australia,New Zealand",189.34,"LCD (LED)",145.91,5.254455621142558,167841,75
"HISENSE","75U7QNZ","Australia,New Zealand",189.34,"LCD (LED)",145.91,5.254455621142558,167841,75
"HISENSE","75U7S series","Australia,New Zealand",189.34,"LCD (LED)",135.5,5.727480430499471,178194,75
"HISENSE","75U7SAU","Australia,New Zealand",189.34,"LCD (LED)",135.5,5.727480430499471,178194,75
"HISENSE","75U7SNZ","Australia,New Zealand",189.34,"LCD (LED)",135.5,5.727480430499471,178194,75
"HISENSE","75U8K series","Australia,New Zealand",189.34,"LCD (LED)",161.33,4.8125787386432854,155362,75
"HISENSE","75U8KAU","Australia,New Zealand",189.34,"LCD (LED)",161.33,4.8125787386432854,155362,75
"HISENSE","75U8KNZ","Australia,New Zealand",189.34,"LCD (LED)",161.33,4.8125787386432854,155362,75
"HISENSE","75U8NAU","Australia",189.34,"LCD (LED)",177.17,4.277735778003507,162656,75
"HISENSE","75U8Q Series","Australia,New Zealand",189.34,"LCD (LED)",169.46,4.5404818179679225,168985,75
"HISENSE","75U8QAU","Australia,New Zealand",189.34,"LCD (LED)",169.46,4.5404818179679225,168985,75
"HISENSE","75U8QNZ","Australia,New Zealand",189.34,"LCD (LED)",169.46,4.5404818179679225,168985,75
"HISENSE","75U80HAU","Australia,New Zealand",189.274,"LCD (LED)",243.11,3.0089292588902365,149243,75
"HISENSE","75U85 Series","Australia,New Zealand",189.34,"LCD (LED)",141.6,5.501055580231206,178204,75
"HISENSE","75U85AU","Australia,New Zealand",189.34,"LCD (LED)",141.6,5.501055580231206,178204,75
"HISENSE","75U85NZ","Australia,New Zealand",189.34,"LCD (LED)",141.6,5.501055580231206,178204,75
"LG","75UA841C0SA","Australia,Fiji,New Zealand",189.275,"LCD (LED)",137,5.890899999495833,172399,75
"LG","75UA841CPSA","Australia,Fiji,New Zealand",189.275,"LCD (LED)",137,5.890899999495833,172399,75
"LG","75UA8450PSA","Australia,Fiji,New Zealand",189.275,"LCD (LED)",137,5.890899999495833,167432,75
"LG","75UK762H0LB","Australia,New Zealand",189.275,"LCD (LED)",150,5.481664966724477,179216,75
"LG","75UK767H0LB","Australia,New Zealand",189.275,"LCD (LED)",147,5.5722017857297095,172238,75
"LG","75UK767H5LB","Australia,New Zealand",189.275,"LCD (LED)",147,5.5722017857297095,180430,75
"LG","75UM767H0LD","Australia,New Zealand",189.275,"LCD (LED)",70,8.873914883187542,154720,75
"LG","75UP751C0VC","Australia,New Zealand",189.275,"LCD (LED)",171,4.894472275585927,144613,75
"LG","75UP801C0TB","Australia,New Zealand",189.275,"LCD (LED)",169,4.95201939210664,143888,75
"LG","75UQ801C0LB","Australia,New Zealand",189.275,"LCD (LED)",165,5.054540009525431,147184,75
"LG","75UQ901C0SD","Australia,New Zealand",189.275,"LCD (LED)",165,5.054540009525431,149437,75
"LG","75UQ9000PSD","Australia,New Zealand",189.275,"LCD (LED)",165,5.054540009525431,143553,75
"LG","75UQ80006LB","Australia,New Zealand",189.275,"LCD (LED)",165,5.054540009525431,144188,75
"LG","75UQ91006LA","Australia,New Zealand",189.275,"LCD (LED)",165,5.054540009525431,143554,75
"HISENSE","75UR8S series","Australia,New Zealand",189.34,"LCD (LED)",135.5,5.676165899021606,179175,75
"HISENSE","75UR8SAU","Australia,New Zealand",189.34,"LCD (LED)",135.5,5.676165899021606,179175,75
"HISENSE","75UR8SNZ","Australia,New Zealand",189.34,"LCD (LED)",135.5,5.676165899021606,179175,75
"HISENSE","75UR9S Series","Australia,New Zealand",189.34,"LCD (LED)",135.5,5.736090270069463,178202,75
"HISENSE","75UR9SAU","Australia,New Zealand",189.34,"LCD (LED)",135.5,5.736090270069463,178202,75
"HISENSE","75UR9SNZ","Australia,New Zealand",189.34,"LCD (LED)",135.5,5.736090270069463,178202,75
"LG","75UR765H0VC","Australia,New Zealand",189.275,"LCD (LED)",140,5.785034758827632,147711,75
"LG","75UR801C0LJ","Australia,New Zealand",189.275,"LCD (LED)",165,5.054540009525431,153587,75
"LG","75UR801C0SB","Australia,New Zealand",189.275,"LCD (LED)",165,5.054540009525431,153588,75
"LG","75UR8050PSB","Australia,New Zealand",189.275,"LCD (LED)",165,5.054540009525431,151638,75
"LG","75UR80006LJ","Australia,New Zealand",189.275,"LCD (LED)",165,5.054540009525431,152180,75
"LG","75UR81006LJ","Australia,New Zealand",189.275,"LCD (LED)",165,5.054540009525431,152181,75
"LG","75UT801C0SB","Australia,New Zealand",189.275,"LCD (LED)",165,5.054540009525431,162904,75
"LG","75UT811C0LA","Australia,New Zealand",189.275,"LCD (LED)",165,5.054540009525431,162906,75
"LG","75UT8050PSB","Australia,New Zealand",189.275,"LCD (LED)",165,5.054540009525431,158848,75
"LG","75UT80506LA","Australia,New Zealand",189.275,"LCD (LED)",165,5.054540009525431,162457,75
"LG","75UT81006LA","Australia,New Zealand",189.275,"LCD (LED)",165,5.054540009525431,158849,75
"LG","75UT90506LB","Australia,New Zealand",189.275,"LCD (LED)",126,6.263015743468501,159967,75
"HISENSE","75UX series","Australia,New Zealand",189.34,"LCD (LED)",181.25,4.283964298975181,156284,75
"HISENSE","75UXAU","Australia,New Zealand",189.34,"LCD (LED)",181.25,4.283964298975181,156284,75
"HISENSE","75UXNZ","Australia,New Zealand",189.34,"LCD (LED)",181.25,4.283964298975181,156284,75
"SKYWORTH","75V75","Australia,Fiji,New Zealand",189.338,"LCD (LED)",105.7,6.801277579264537,180495,75
"TCL","75X11L","Australia,Fiji,New Zealand",189.306,"LCD (LED)",211.6,3.516273919935741,176927,75
"COOCAA","75X66CH","Fiji,New Zealand",189.338,"LCD (LED)",105.7,6.801277579264537,176477,75
"COOCAA","75X66CH-A","Australia,Fiji,New Zealand",189.338,"LCD (LED)",105.7,6.801277579264537,181462,75
"SKYWORTH","75X66H","Australia,Fiji,New Zealand",189.338,"LCD (LED)",105.7,6.801277579264537,180495,75
"SKYWORTH","75X6600H","Australia,Fiji,New Zealand",189.338,"LCD (LED)",105.7,6.801277579264537,180495,75
"SKYWORTH","75X series","Australia,Fiji,New Zealand",189.338,"LCD (LED)",105.7,6.801277579264537,180495,75
"TOSHIBA","75Z670MP","Australia,New Zealand",189.34,"LCD (LED)",144.63,5.2855227827737865,155113,75
"TOSHIBA","75Z670RP","Australia",189.34,"LCD (LED)",121.59,6.011546682493634,168246,75
"TOSHIBA","75Z670SP","Australia",189.34,"LCD (LED)",117.42,6.384019497508897,178438,75
"TOSHIBA","75Z770","Australia",189.34,"LCD (LED)",137.3,5.501055580231206,169093,75
"TOSHIBA","75Z770RP","Australia",189.34,"LCD (LED)",137.3,5.501055580231206,169093,75
"TOSHIBA","75Z770SP","Australia",189.34,"LCD (LED)",137.3,5.501055580231206,169093,75
"TOSHIBA","75Z870MP","Australia,New Zealand",189.274,"LCD (LED)",199.04,4.0089292588902365,154889,75
"TOSHIBA","75Z870NP","Australia,New Zealand",189.34,"LCD (LED)",169.46,4.514159157162802,162080,75
"PHILIPS","77OLED720/79","Australia,New Zealand",198.546,"OLED",188.5,4.265319907748774,166046,78
"TCL","85A300W","Australia,Fiji,New Zealand",214.783,"LCD (LED)",143.6,6.1810066679482025,163739,85
"PHILIPS","85BFL2214/97","Australia,Fiji,New Zealand",214.783,"LCD (LED)",114.6,7.3426024192183235,164999,85
"TCL","85C6K","Australia,Fiji,New Zealand",214.783,"LCD (LED)",175.2,5.074722948442811,166357,85
"TCL","85C6L","Australia,Fiji,New Zealand",214.783,"LCD (LED)",124.9,6.530385088299385,177484,85
"TCL","85C7K","Australia,Fiji,New Zealand",214.783,"LCD (LED)",175.2,5.074722948442811,166353,85
"TCL","85C7L","Australia,Fiji,New Zealand",214.783,"LCD (LED)",193.2,5.074722948442811,176899,85
"TCL","85C8L","Australia,Fiji,New Zealand",214.783,"LCD (LED)",190.4,5.0630677530103645,176392,85
"TOSHIBA","85C350","Australia",214.783,"LCD (LED)",155.84,6.005242174991583,169329,85
"TOSHIBA","85C350NP","Australia,New Zealand",214.783,"LCD (LED)",150.59,6.18848193259678,160557,85
"TOSHIBA","85C350RP","Australia",214.783,"LCD (LED)",155.84,6.005242174991583,169329,85
"TOSHIBA","85C350SP","Australia",214.783,"LCD (LED)",155.84,6.005242174991583,169329,85
"TCL","85C655","Australia,Fiji,New Zealand",214.783,"LCD (LED)",191,4.673133217698123,159829,85
"TCL","85C745 Pro","Australia,Fiji,New Zealand",214.783,"LCD (LED)",160.8,5.181006667948202,162059,85
"TCL","85C755","Australia,Fiji,New Zealand",214.783,"LCD (LED)",148.2,5.753881710749156,159920,85
"TCL","85C855","Australia,Fiji,New Zealand",214.783,"LCD (LED)",212.4,4.169072119968664,159833,85
"COOCAA","85G6500H","Australia,Fiji,New Zealand",214.734,"LCD (LED)",143.6,6.526273355115518,172740,85
"CHIQ","85M810M","Australia,Fiji,New Zealand",214.783,"LCD (LED)",227.8,4.510726171643211,180485,85
"LG","85NU85CB6LA","Australia,New Zealand",214.783,"LCD (LED)",155,6.426625401593877,177816,85
"LG","85NU85CBPSA","Australia,New Zealand",214.783,"LCD (LED)",155,6.426625401593877,177818,85
"LG","85NU805BPSB","Australia,Fiji,New Zealand",214.783,"LCD",160,6.286812394800189,176250,85
"LG","85NU850B6LA","Australia,New Zealand",214.783,"LCD (LED)",155,6.426625401593877,175406,85
"LG","85NU855BPSA","Australia,New Zealand",214.783,"LCD (LED)",155,6.426625401593877,175407,85
"TCL","85P7K","Australia,Fiji,New Zealand",214.783,"LCD (LED)",186.5,4.748452975842131,167604,85
"TCL","85P7LS","Australia,Fiji,New Zealand",214.783,"LCD (LED)",186.5,4.748452975842131,176916,85
"PHILIPS","85PQT7931/79","Australia,Fiji,New Zealand",214.783,"LCD (LED)",138.8,6.498202399772786,181419,85
"PHILIPS","85PUT7231/75","Australia,Fiji,New Zealand",214.783,"LCD (LED)",146.7,6.248737228482154,180627,85
"HISENSE","85Q6N series","Australia,New Zealand",214.783,"LCD (LED)",172.13,5.515874271138391,161772,85
"HISENSE","85Q6NAU","Australia,New Zealand",214.783,"LCD (LED)",172.13,5.515874271138391,161772,85
"HISENSE","85Q6NNZ","Australia,New Zealand",214.783,"LCD (LED)",172.13,5.515874271138391,161772,85
"HISENSE","85Q6Q series","Australia,New Zealand",214.783,"LCD (LED)",177.89,5.503015094115111,167839,85
"HISENSE","85Q6QAU","Australia,New Zealand",214.783,"LCD (LED)",177.89,5.503015094115111,167839,85
"HISENSE","85Q6QNZ","Australia,New Zealand",214.783,"LCD (LED)",177.89,5.503015094115111,167839,85
"HISENSE","85Q6S series","Australia,New Zealand",214.783,"LCD (LED)",129.96,7.007037975503581,178190,85
"HISENSE","85Q6SAU","Australia,New Zealand",214.783,"LCD (LED)",129.96,7.007037975503581,178190,85
"HISENSE","85Q6SNZ","Australia,New Zealand",214.783,"LCD (LED)",129.96,7.007037975503581,178190,85
"SAMSUNG","85Q7F","Australia,Fiji,New Zealand",214.783,"LCD (LED)",187,5.580729529214643,167371,85
"HISENSE","85Q7Q series","Australia,New Zealand",214.783,"LCD (LED)",175.06,5.503015094115111,168854,85
"HISENSE","85Q7QAU","Australia,New Zealand",214.783,"LCD (LED)",175.06,5.503015094115111,168854,85
"HISENSE","85Q7QNZ","Australia,New Zealand",214.783,"LCD (LED)",175.06,5.503015094115111,168854,85
"SKYWORTH","85Q6600H","Australia,Fiji,New Zealand",217.425,"LCD (LED)",181.9,5.408125730182616,169169,86
"LG","85QNED9#### (# can be A-Z, 0-9 or ""-"" or ""."" or blank)","Australia,Fiji,New Zealand",214.783,"LCD (LED)",225.8,4.112224590866406,167844,85
"LG","85QNED70B6A","Australia,New Zealand",214.783,"LCD (LED)",158,6.3406670185759655,175253,85
"LG","85QNED70BSA","Australia,New Zealand",214.783,"LCD (LED)",158,6.3406670185759655,175254,85
"LG","85QNED80B6A","Australia,New Zealand",214.783,"LCD (LED)",212,5.028282946146018,175012,85
"LG","85QNED80BSA","Australia,New Zealand",214.783,"LCD (LED)",212,5.028282946146018,175013,85
"LG","85QNED82BSA","Australia,New Zealand",214.783,"LCD (LED)",183,5.686490664599829,176935,85
"LG","85QNED90BSA","Australia,Fiji,New Zealand",214.783,"LCD (LED)",199.5,4.759317029933,179085,85
"LG","85QNED92A6A","Australia,Fiji,New Zealand",214.783,"LCD (LED)",225.8,4.112224590866406,167844,85
"LG","85QNED92ASA","Australia,Fiji,New Zealand",214.783,"LCD (LED)",225.8,4.112224590866406,167844,85
"LG","85QNED92AUA","Australia,Fiji,New Zealand",214.783,"LCD (LED)",225.8,4.112224590866406,167844,85
"LG","85QNED93A6A","Australia,Fiji,New Zealand",214.783,"LCD (LED)",225.8,4.112224590866406,167844,85
"LG","85QNED93AKA","Australia,Fiji,New Zealand",214.783,"LCD (LED)",225.8,4.112224590866406,167844,85
"LG","85QNED93ASA","Australia,Fiji,New Zealand",214.783,"LCD (LED)",225.8,4.112224590866406,167844,85
"HISENSE","85U6N series","Australia,New Zealand",214.783,"LCD (LED)",189.93,5.005242174991583,161764,85
"HISENSE","85U6NAU","Australia,New Zealand",214.783,"LCD (LED)",189.93,5.005242174991583,161764,85
"HISENSE","85U6NNZ","Australia,New Zealand",214.783,"LCD (LED)",189.93,5.005242174991583,161764,85
"HISENSE","85U6Q PRO series","Australia,New Zealand",214.783,"LCD (LED)",154.51,6.048541256927103,169503,85
"HISENSE","85U6QAU PRO","Australia,New Zealand",214.783,"LCD (LED)",154.51,6.048541256927103,169503,85
"HISENSE","85U6QNZ PRO","Australia,New Zealand",214.783,"LCD (LED)",154.51,6.048541256927103,169503,85
"HISENSE","85U6S series","Australia,New Zealand",214.783,"LCD (LED)",161.54,6.012429698774048,178756,85
"HISENSE","85U6SAU","Australia,New Zealand",214.783,"LCD (LED)",161.54,6.012429698774048,178756,85
"HISENSE","85U6SNZ","Australia,New Zealand",214.783,"LCD (LED)",161.54,6.012429698774048,178756,85
"HISENSE","85U7H series","Australia,New Zealand",214.783,"LCD (LED)",214.94,4.5261882460425475,148086,85
"HISENSE","85U7HAU","Australia,New Zealand",214.783,"LCD (LED)",214.94,4.5261882460425475,148086,85
"HISENSE","85U7HNZ","Australia,New Zealand",214.783,"LCD (LED)",214.94,4.5261882460425475,148086,85
"HISENSE","85U7K series","Australia,New Zealand",214.783,"LCD (LED)",217.19,4.572897158824071,154730,85
"HISENSE","85U7KAU","Australia,New Zealand",214.783,"LCD (LED)",217.19,4.572897158824071,154730,85
"HISENSE","85U7KNZ","Australia,New Zealand",214.783,"LCD (LED)",217.19,4.572897158824071,154730,85
"HISENSE","85U7N series","Australia,New Zealand",214.783,"LCD (LED)",204.59,4.732206117741302,160985,85
"HISENSE","85U7NAU","Australia,New Zealand",214.783,"LCD (LED)",204.59,4.732206117741302,160985,85
"HISENSE","85U7NNZ","Australia,New Zealand",214.783,"LCD (LED)",204.59,4.732206117741302,160985,85
"HISENSE","85U7Q series","Australia,New Zealand",214.783,"LCD (LED)",186.38,5.1275497304968605,167842,85
"HISENSE","85U7QAU","Australia,New Zealand",214.783,"LCD (LED)",186.38,5.1275497304968605,167842,85
"HISENSE","85U7QNZ","Australia,New Zealand",214.783,"LCD (LED)",186.38,5.1275497304968605,167842,85
"HISENSE","85U7S series","Australia,New Zealand",214.783,"LCD (LED)",174.17,5.5676831732240135,178193,85
"HISENSE","85U7SAU","Australia,New Zealand",214.783,"LCD (LED)",174.17,5.5676831732240135,178193,85
"HISENSE","85U7SNZ","Australia,New Zealand",214.783,"LCD (LED)",174.17,5.5676831732240135,178193,85
"HISENSE","85U8NAU","Australia",214.783,"LCD (LED)",262.49,3.5510390682319684,162654,85
"HISENSE","85U8Q","Australia,New Zealand",214.783,"LCD (LED)",191.41,5.005242174991583,168986,85
"HISENSE","85U8QAU","Australia,New Zealand",214.783,"LCD (LED)",191.41,5.005242174991583,168986,85
"HISENSE","85U8QNZ","Australia,New Zealand",214.783,"LCD (LED)",191.41,5.005242174991583,168986,85
"HISENSE","85U85","Australia,New Zealand",214.783,"LCD (LED)",187.48,5.0225116380493064,178205,85
"HISENSE","85U85AU","Australia,New Zealand",214.783,"LCD (LED)",187.48,5.0225116380493064,178205,85
"HISENSE","85U85NZ","Australia,New Zealand",214.783,"LCD (LED)",187.48,5.0225116380493064,178205,85
"HISENSE","85UR8S series","Australia,New Zealand",214.783,"LCD (LED)",176.98,5.639912753358164,179176,85
"HISENSE","85UR8SAU","Australia,New Zealand",214.783,"LCD (LED)",176.98,5.639912753358164,179176,85
"HISENSE","85UR8SNZ","Australia,New Zealand",214.783,"LCD (LED)",176.98,5.639912753358164,179176,85
"HISENSE","85UR9S","Australia,New Zealand",214.783,"LCD (LED)",182.87,5.503015094115111,178203,85
"HISENSE","85UR9SAU","Australia,New Zealand",214.783,"LCD (LED)",182.87,5.503015094115111,178203,85
"HISENSE","85UR9SNZ","Australia,New Zealand",214.783,"LCD (LED)",182.87,5.503015094115111,178203,85
"HISENSE","85UX series","Australia,New Zealand",214.783,"LCD (LED)",202.84,5.005242174991583,156285,85
"HISENSE","85UXAU","Australia,New Zealand",214.783,"LCD (LED)",202.84,5.005242174991583,156285,85
"HISENSE","85UXNZ","Australia,New Zealand",214.783,"LCD (LED)",202.84,5.005242174991583,156285,85
"TCL","85X11K","Australia,Fiji,New Zealand",214.783,"LCD (LED)",239.2,3.9823192599593313,168795,85
"TCL","85X11L","Australia,Fiji,New Zealand",214.783,"LCD (LED)",290,3.184354044812373,176399,85
"TCL","85X925 PRO","Australia,Fiji,New Zealand",214.783,"LCD (LED)",408.9,1.6611986697185854,158940,85
"TOSHIBA","85Z670MP","Australia,New Zealand",214.783,"LCD (LED)",240.73,4.005242174991582,155565,85
"TOSHIBA","85Z670RP","Australia",214.783,"LCD (LED)",171.81,5.5676831732240135,168247,85
"TOSHIBA","85Z670SP","Australia",214.783,"LCD (LED)",155.83,6.18848193259678,178439,85
"TOSHIBA","85Z770","Australia,New Zealand",214.783,"LCD (LED)",167.13,5.713325595788098,169094,85
"TOSHIBA","85Z770RP","Australia,New Zealand",214.783,"LCD (LED)",167.13,5.713325595788098,169094,85
"TOSHIBA","85Z770SP","Australia,New Zealand",214.783,"LCD (LED)",167.13,5.713325595788098,169094,85
"TOSHIBA","85Z870NP","Australia,New Zealand",214.783,"LCD (LED)",236.68,4.032905349977934,162081,85
"SPARK ELECTRONICS","86"" Patio","Australia,Fiji,New Zealand",217.474,"LCD",482.4,1.4405055371523754,174635,86
"SPARK ELECTRONICS","86"" Patio Pro","Australia,Fiji,New Zealand",217.474,"LCD",482.4,1.4405055371523754,174635,86
"SPARK ELECTRONICS","86"" Pavilion 2","Australia,Fiji,New Zealand",217.474,"LCD",482.4,1.4405055371523754,174635,86
"SPARK ELECTRONICS","86"" Pavilion 2 Pro","Australia,Fiji,New Zealand",217.474,"LCD",482.4,1.4405055371523754,174635,86
"LG","86MRGB86B6A","Australia,New Zealand",217.443,"LCD (LED)",146,6.8013086601785435,175701,86
"LG","86MRGB86BSA","Australia,New Zealand",217.443,"LCD (LED)",146,6.8013086601785435,175702,86
"LG","86MRGB96BSA","Australia,New Zealand",217.443,"LCD (LED)",172,6.068806772819887,177391,86
"METZ","86MUC8500A","Australia,Fiji,New Zealand",217.427,"LCD (LED)",214.72,4.504860044520296,143486,86
"LG","86NANO75SQA","Australia,New Zealand",217.425,"LCD (LED)",250,4.395864655180622,143479,86
"LG","86NANO80A6A","Australia,New Zealand",217.425,"LCD (LED)",212,5.134275172185824,165627,86
"LG","86NANO80ASA","Australia,New Zealand",217.425,"LCD (LED)",212,5.134275172185824,165628,86
"LG","86NANO81TSA","Australia,New Zealand",217.427,"LCD (LED)",250,4.395793552319711,159106,86
"LG","86NANO756QA","Australia,New Zealand",217.425,"LCD (LED)",250,4.395864655180622,143480,86
"LG","86PK640S0SA","Australia,Fiji,New Zealand",217.425,"LCD (LED)",155,6.5405144052148465,172397,86
"PHILIPS","86PQT9020/79","Australia,Fiji,New Zealand",217.427,"LCD (LED)",287.2,3.320996248832184,166813,86
"PHILIPS","86PUT7039/79","Australia,New Zealand",217.427,"LCD (LED)",231,4.1666614702072025,166238,86
"LG","86QNED9MA6A","Australia,New Zealand",217.425,"LCD (LED)",187,5.69325920370442,166478,86
"LG","86QNED9MASA","Australia,New Zealand",217.425,"LCD (LED)",187,5.69325920370442,166479,86
"LG","86QNED80A6A","Australia,New Zealand",217.425,"LCD (LED)",132,7.249808472101204,166063,86
"LG","86QNED80SQA","Australia,New Zealand",217.425,"LCD (LED)",198,5.438925989689485,143555,86
"LG","86QNED80T6A","Australia,New Zealand",217.427,"LCD (LED)",154,6.556278725607263,159109,86
"LG","86QNED81ASA","Australia,New Zealand",217.425,"LCD (LED)",132,7.249808472101204,166077,86
"LG","86QNED81SRA","Australia,New Zealand",217.425,"LCD (LED)",198,5.438925989689485,151454,86
"LG","86QNED81TSA","Australia,New Zealand",217.427,"LCD (LED)",154,6.556278725607263,159111,86
"LG","86QNED82ASA","Australia,New Zealand",217.425,"LCD (LED)",132,7.249808472101204,166202,86
"LG","86QNED85SQA","Australia,New Zealand",217.425,"LCD (LED)",206,5.263161496732867,144918,86
"LG","86QNED86A6A","Australia,New Zealand",217.425,"LCD (LED)",138,7.050601449047956,166204,86
"LG","86QNED86ASA","Australia,New Zealand",217.425,"LCD (LED)",138,7.050601449047956,166205,86
"LG","86QNED86BSA","Australia,New Zealand",217.443,"LCD (LED)",137,7.077707312225719,175932,86
"LG","86QNED86SRA","Australia,New Zealand",217.425,"LCD (LED)",206,5.263161496732867,152108,86
"LG","86QNED86T6A","Australia,New Zealand",217.427,"LCD (LED)",156,6.50109783348272,158936,86
"LG","86QNED86TSA","Australia,New Zealand",217.427,"LCD (LED)",156,6.50109783348272,158937,86
"LG","86QNED87B6A","Australia,New Zealand",217.443,"LCD (LED)",137,7.077707312225719,175933,86
"LG","86QNED91SQA","Australia,New Zealand",217.425,"LCD (LED)",184,5.765807692130701,143275,86
"LG","86QNED91T6A","Australia,New Zealand",217.427,"LCD (LED)",206,5.263090393871955,158938,86
"LG","86QNED91TSA","Australia,New Zealand",217.425,"LCD (LED)",206,5.263161496732867,158859,86
"LG","86QNED99SQB","Australia,New Zealand",217.425,"LCD (LED)",328,3.180715174482618,144189,86
"LG","86QNED806QA","Australia,New Zealand",217.425,"LCD (LED)",198,5.438925989689485,143556,86
"LG","86QNED816RA","Australia,New Zealand",217.425,"LCD (LED)",198,5.438925989689485,151455,86
"LG","86QNED866QA","Australia,New Zealand",217.425,"LCD (LED)",206,5.263161496732867,144919,86
"LG","86QNED866RA","Australia,New Zealand",217.425,"LCD (LED)",206,5.263161496732867,152109,86
"LG","86QNED866RE","Australia,New Zealand",217.425,"LCD (LED)",206,5.263161496732867,153910,86
"LG","86QNED916QA","Australia,New Zealand",217.425,"LCD (LED)",184,5.765807692130701,143276,86
"LG","86QNED996QB","Australia,New Zealand",217.425,"LCD (LED)",328,3.180715174482618,144190,86
"DREAME","86S100","Australia,Fiji,New Zealand",217.427,"LCD (LED)",209.292,4.903471097775646,179682,86
"LG","86UA841C0SA","Australia,Fiji,New Zealand",217.425,"LCD (LED)",155,6.532617627633684,172400,86
"LG","86UA841CPSA","Australia,Fiji,New Zealand",217.425,"LCD (LED)",155,6.532617627633684,172400,86
"LG","86UA8450PSA","Australia,Fiji,New Zealand",217.425,"LCD (LED)",155,6.532617627633684,167430,86
"LG","86UP801C0TB","Australia,New Zealand",217.425,"LCD (LED)",250,4.395864655180622,143889,86
"LG","86UQ901C0SD","Australia,New Zealand",217.425,"LCD (LED)",250,4.395864655180622,149438,86
"LG","86UQ9000PSD","Australia,New Zealand",217.425,"LCD (LED)",250,4.395864655180622,143481,86
"LG","86UQ91006LA","Australia,New Zealand",217.425,"LCD (LED)",250,4.395864655180622,144328,86
"LG","86UR801C0LA","Australia,New Zealand",217.425,"LCD (LED)",250,4.395864655180622,153589,86
"LG","86UR801C0SB","Australia,New Zealand",217.425,"LCD (LED)",250,4.395864655180622,153590,86
"LG","86UR8050PSB","Australia,New Zealand",217.425,"LCD (LED)",250,4.395864655180622,151639,86
"LG","86UR80006LA","Australia,New Zealand",217.425,"LCD (LED)",250,4.395864655180622,152182,86
"LG","86UR81006LA","Australia,New Zealand",217.425,"LCD (LED)",250,4.395864655180622,152183,86
"LG","86UT801C0SB","Australia,New Zealand",217.425,"LCD (LED)",212,5.134275172185824,162907,86
"LG","86UT811C0LA","Australia,New Zealand",217.425,"LCD (LED)",212,5.134275172185824,162908,86
"LG","86UT8050PSB","Australia,New Zealand",217.425,"LCD (LED)",212,5.134275172185824,158851,86
"LG","86UT80506LA","Australia,New Zealand",217.425,"LCD (LED)",212,5.134275172185824,158852,86
"LG","86UT81006LA","Australia,New Zealand",217.425,"LCD (LED)",212,5.134275172185824,158853,86
"TCL","98C7K","Australia,Fiji,New Zealand",247.604,"LCD (LED)",164,6.128303945010803,168114,97
"TCL","98C7L","Australia,Fiji,New Zealand",247.604,"LCD (LED)",190.9,6.128303945010803,176902,97
"TCL","98C8K","Australia,Fiji,New Zealand",247.604,"LCD (LED)",165.6,6.305413065706986,167637,97
"TCL","98C8L","Australia,Fiji,New Zealand",247.604,"LCD (LED)",196.2,6.028589618498678,176393,97
"TCL","98C655","Australia,Fiji,New Zealand",247.604,"LCD (LED)",226,5.555877066630214,159961,97
"TCL","98C755","Australia,Fiji,New Zealand",247.604,"LCD (LED)",197.4,5.650540933575439,159921,97
"TCL","98C845","Australia,Fiji,New Zealand",247.604,"LCD (LED)",197.4,5.650540933575439,156367,97
"TCL","98C855","Australia,Fiji,New Zealand",247.604,"LCD (LED)",191.2,5.840830614744471,159846,97
"LG","98NU855BPSB","Australia,Fiji,New Zealand",247.693,"LCD",340,4.156526126652442,176253,98
"TCL","98P7K","Australia,Fiji,New Zealand",247.604,"LCD (LED)",148.6,6.726714214266114,166545,97
"TCL","98P8LS","Australia,Fiji,New Zealand",247.604,"LCD (LED)",186.4,5.773047517354137,178239,97
"LG","98QNED89T6A","Australia,Fiji,New Zealand",247.695,"LCD (LED)",245.5,5.135764682003166,159857,98
"LG","98QNED89TSA","Australia,Fiji,New Zealand",247.695,"LCD (LED)",245.5,5.135764682003166,159857,98
"LG","98QNED89TUA","Australia,Fiji,New Zealand",247.695,"LCD (LED)",245.5,5.135764682003166,159857,98
"LG","98QNED#####","Australia,Fiji,New Zealand",247.695,"LCD (LED)",245.5,5.135764682003166,159857,98
"HISENSE","98U7H series","Australia,New Zealand",247.695,"LCD (LED)",256.93,5.007525854584564,149255,98
"HISENSE","98U7HAU","Australia,New Zealand",247.695,"LCD (LED)",256.93,5.007525854584564,149255,98
"HISENSE","98U7HNZ","Australia,New Zealand",247.695,"LCD (LED)",256.93,5.007525854584564,149255,98
"LG","98UT9######","Australia,Fiji,New Zealand",247.695,"LCD (LED)",354.9,3.5158736280957794,163822,98
"LG","98UT9000PUA","Australia,Fiji,New Zealand",247.695,"LCD (LED)",354.9,3.5158736280957794,163822,98
"LG","98UT9050PSA","Australia,Fiji,New Zealand",247.695,"LCD (LED)",354.9,3.5158736280957794,163822,98
"LG","98UT9300KNA","Australia,Fiji,New Zealand",247.695,"LCD (LED)",354.9,3.5158736280957794,163822,98
"LG","98UT90006LA","Australia,Fiji,New Zealand",247.695,"LCD (LED)",354.9,3.5158736280957794,163822,98
"LG","98UT91006LA","Australia,Fiji,New Zealand",247.695,"LCD (LED)",354.9,3.5158736280957794,163822,98
"TCL","98X11K","Australia,Fiji,New Zealand",247.604,"LCD (LED)",313.1,3.78340918698233,169352,97
"TCL","98X11L","Australia,Fiji,New Zealand",247.604,"LCD (LED)",444.6,2.519151153349606,176400,97
"TOSHIBA","98Z670SP","Australia",247.695,"LCD (LED)",235.66,5.663599947520351,181738,98
"CHIQ","100M810M","Australia,Fiji,New Zealand",252.784,"LCD (LED)",219.1,5.515246011667352,180486,100
"LG","100MRGB96B6","Australia,New Zealand",252.784,"LCD (LED)",200,6.700875786921499,176377,100
"LG","100MRGB96BS","Australia,New Zealand",252.784,"LCD (LED)",200,6.700875786921499,176378,100
"HISENSE","100Q7NAU","Australia",252.784,"LCD (LED)",252.1,5.313387441690587,162083,100
"HISENSE","100Q7Q series","Australia,New Zealand",252.784,"LCD (LED)",238.44,5.515246011667352,168855,100
"HISENSE","100Q7QAU","Australia,New Zealand",252.784,"LCD (LED)",238.44,5.515246011667352,168855,100
"HISENSE","100Q7QNZ","Australia,New Zealand",252.784,"LCD (LED)",238.44,5.515246011667352,168855,100
"HISENSE","100Q7S series","Australia,New Zealand",252.784,"LCD (LED)",238.44,5.786050637896593,180173,100
"HISENSE","100Q7SAU","Australia,New Zealand",252.784,"LCD (LED)",238.44,5.786050637896593,180173,100
"HISENSE","100Q7SNZ","Australia,New Zealand",252.784,"LCD (LED)",238.44,5.786050637896593,180173,100
"LG","100QNED86A6","Australia,New Zealand",252.784,"LCD (LED)",260,5.529345929280184,167194,100
"LG","100QNED86AS","Australia,New Zealand",252.784,"LCD (LED)",260,5.529345929280184,167202,100
"LG","100QNED86BS","Australia,New Zealand",252.784,"LCD (LED)",230,6.079597190523867,176379,100
"LG","100QNED87B6","Australia,New Zealand",252.784,"LCD (LED)",230,6.079597190523867,176380,100
"HISENSE","100U6Q PRO series","Australia,New Zealand",252.784,"LCD (LED)",248.33,5.363006087783993,169504,100
"HISENSE","100U6QAU PRO","Australia,New Zealand",252.784,"LCD (LED)",248.33,5.363006087783993,169504,100
"HISENSE","100U6QNZ PRO","Australia,New Zealand",252.784,"LCD (LED)",248.33,5.363006087783993,169504,100
"HISENSE","100U6S series","Australia,New Zealand",252.784,"LCD (LED)",248.33,5.510555880294488,180174,100
"HISENSE","100U6SAU","Australia,New Zealand",252.784,"LCD (LED)",248.33,5.510555880294488,180174,100
"HISENSE","100U6SNZ","Australia,New Zealand",252.784,"LCD (LED)",248.33,5.510555880294488,180174,100
"HISENSE","100U7K series","Australia,New Zealand",252.784,"LCD (LED)",241.58,5.515246011667352,158506,100
"HISENSE","100U7KAU","Australia,New Zealand",252.784,"LCD (LED)",241.58,5.515246011667352,158506,100
"HISENSE","100U7KNZ","Australia,New Zealand",252.784,"LCD (LED)",241.58,5.515246011667352,158506,100
"HISENSE","100U7Q series","Australia,New Zealand",252.784,"LCD (LED)",222.34,5.841222707207771,167843,100
"HISENSE","100U7QAU","Australia,New Zealand",252.784,"LCD (LED)",222.34,5.841222707207771,167843,100
"HISENSE","100U7QNZ","Australia,New Zealand",252.784,"LCD (LED)",222.34,5.841222707207771,167843,100
"HISENSE","100U7S series","Australia,New Zealand",252.784,"LCD (LED)",215.17,6.005696950959268,178192,100
"HISENSE","100U7SAU","Australia,New Zealand",252.784,"LCD (LED)",215.17,6.005696950959268,178192,100
"HISENSE","100U7SNZ","Australia,New Zealand",252.784,"LCD (LED)",215.17,6.005696950959268,178192,100
"HISENSE","100U8Q series","Australia,New Zealand",252.784,"LCD (LED)",259.29,5.185148614271984,170786,100
"HISENSE","100U8QAU","Australia,New Zealand",252.784,"LCD (LED)",259.29,5.185148614271984,170786,100
"HISENSE","100U8QNZ","Australia,New Zealand",252.784,"LCD (LED)",259.29,5.185148614271984,170786,100
"HISENSE","100UR8S series","Australia,New Zealand",252.784,"LCD (LED)",224.57,6.010935315223428,179177,100
"HISENSE","100UR8SAU","Australia,New Zealand",252.784,"LCD (LED)",224.57,6.010935315223428,179177,100
"HISENSE","100UR8SNZ","Australia,New Zealand",252.784,"LCD (LED)",224.57,6.010935315223428,179177,100
"HISENSE","100UX series","Australia,New Zealand",252.784,"LCD (LED)",268.08,5.056239818863284,170787,100
"HISENSE","100UXAU","Australia,New Zealand",252.784,"LCD (LED)",268.08,5.056239818863284,170787,100
"HISENSE","100UXNZ","Australia,New Zealand",252.784,"LCD (LED)",268.08,5.056239818863284,170787,100
"TOSHIBA","100Z670NP","Australia,New Zealand",252.784,"LCD (LED)",264.81,5.005696950959268,162082,100
"TCL","115C7K","Australia,Fiji,New Zealand",290.719,"LCD (LED)",280,6.106984135175932,168796,114
"LG","115QNED9###","Australia,Fiji,New Zealand",290.784,"LCD (LED)",513.9,3.2870404396926785,178947,114
"LG","115QNED90BK","Australia,Fiji,New Zealand",290.784,"LCD (LED)",513.9,3.2870404396926785,178947,114
"LG","115QNED90BS","Australia,Fiji,New Zealand",290.784,"LCD (LED)",513.9,3.2870404396926785,178947,114
"LG","115QNED92BU","Australia,Fiji,New Zealand",290.784,"LCD (LED)",513.9,3.2870404396926785,178947,114
"LG","115QNED93B1","Australia,Fiji,New Zealand",290.784,"LCD (LED)",513.9,3.2870404396926785,178947,114
"LG","115QNED93B2","Australia,Fiji,New Zealand",290.784,"LCD (LED)",513.9,3.2870404396926785,178947,114
"LG","115QNED93B3","Australia,Fiji,New Zealand",290.784,"LCD (LED)",513.9,3.2870404396926785,178947,114
"LG","115QNED93B4","Australia,Fiji,New Zealand",290.784,"LCD (LED)",513.9,3.2870404396926785,178947,114
"LG","115QNED93B5","Australia,Fiji,New Zealand",290.784,"LCD (LED)",513.9,3.2870404396926785,178947,114
"LG","115QNED93B6","Australia,Fiji,New Zealand",290.784,"LCD (LED)",513.9,3.2870404396926785,178947,114
"LG","115QNED93B7","Australia,Fiji,New Zealand",290.784,"LCD (LED)",513.9,3.2870404396926785,178947,114
"TCL","115X955 Max","Australia,Fiji,New Zealand",290.719,"LCD (LED)",600,2.163316987564067,160850,114
"HISENSE","116U7S series","Australia,New Zealand",293.371,"LCD (LED)",355.2,5.114499425187755,180844,116
"HISENSE","116U7SAU","Australia,New Zealand",293.371,"LCD (LED)",355.2,5.114499425187755,180844,116
"HISENSE","116U7SNZ","Australia,New Zealand",293.371,"LCD (LED)",355.2,5.114499425187755,180844,116
"HISENSE","116UX series","Australia,New Zealand",293.372,"LCD (LED)",303.84,6.000656503862102,170788,116
"HISENSE","116UXAU","Australia,New Zealand",293.372,"LCD (LED)",303.84,6.000656503862102,170788,116
"HISENSE","116UXNZ","Australia,New Zealand",293.372,"LCD (LED)",303.84,6.000656503862102,170788,116
"AKAI","AK24**S7WOS","Australia,Fiji,New Zealand",59.774,"LCD (LED)",15.1,6.571011776968867,150505,24
"AKAI","AK40FHDZEN","Australia,Fiji,New Zealand",100.337,"LCD (LED)",36.9,6.459917408091649,169849,40
"AKAI","AK40S9ZEN","Australia",100.34,"LCD (LED)",40.4,6.084009427711043,166559,40
"AKAI","AK50UHDZEN","Australia",125.725,"LCD (LED)",56.59,6.1612671006942135,174258,49
"AKAI","AK65UHDZEN","Australia,Fiji,New Zealand",163.896,"LCD (LED)",94.374,6.320494529076397,172114,65
"AKAI","AK2422S7WOS","Australia,Fiji,New Zealand",59.774,"LCD (LED)",15.1,6.571011776968867,150505,24
"AKAI","AK2423S7WOS","Australia,Fiji,New Zealand",59.774,"LCD (LED)",15.1,6.571011776968867,150505,24
"AKAI","AK3221S6WOS","Australia,Fiji,New Zealand",80.043,"LCD",23.8,6.749526906773145,150908,32
"AKAI","AK3223S7WOS","Australia",80.043,"LCD (LED)",27.14,6.182698305345105,165404,32
"AKAI","AK4021S6WOS","Australia,Fiji,New Zealand",100.217,"LCD",39.9,6.047894906355869,152550,39
"AKAI","AK4022S7WOS","Australia,Fiji,New Zealand",100.336,"LCD",36.26,6.053647575110812,168799,40
"AKAI","AK4324S7WOS","Australia",107.978,"LCD",44.2,6.04961468920546,165405,43
"AKAI","AK5021S6WOS","Australia,Fiji,New Zealand",125.725,"LCD (LED)",59.7,6.1612671006942135,148780,49
"AKAI","AK5022S7TZN","Australia,Fiji,New Zealand",125.727,"LCD",56.7,6.0624515145983064,150699,49
"AKAI","AK5522S7TZN","Australia,Fiji,New Zealand",138.783,"LCD",68.5,6.02167727117258,151949,55
"AKAI","AK6521S6WOS","Australia",163.896,"LCD (LED)",95.274,6.0693688847202,142810,65
"AKAI","AK6522S7TZN","Australia,Fiji,New Zealand",163.853,"LCD",85.2,6.681981903222721,156354,65
"AKAI","AK7522S7TZN","Australia,Fiji,New Zealand",189.219,"LCD",108.1,6.090373500678537,150560,74
"AKAI","AK7523S7WOS","Australia,Fiji,New Zealand",189.344,"LCD (LED)",117.61,6.147318344386143,158870,75
"AKAI","AK8521S6WOS","Australia",214.783,"LCD",159.1,6.1810066679482025,144741,85
"AKAI","AK55324S7WOS","Australia,Fiji,New Zealand",138.783,"LCD (LED)",68.12,6.293361671010194,165408,55
"JVC","AQ557155A series","Australia,Fiji,New Zealand",138.798,"LCD (LED)",61.38,6.45268452993256,166274,55
"JVC","AQ657155 series","Australia,Fiji,New Zealand",163.829,"LCD (LED)",105.96,5.1714794128570825,166276,64
"ALTIUS","AT24HDNFB","Australia",59.827,"LCD (LED)",15.38,6.651375912212433,174141,24
"ALTIUS","AT24HDW-BCF","Australia,Fiji,New Zealand",59.774,"LCD",15.1,6.143886819769821,150666,24
"ALTIUS","AT32HDW2-BCF","Australia",80.043,"LCD (LED)",27.036,6.138546025859608,164539,32
"ALTIUS","AT32HDW-BCF","Australia,Fiji,New Zealand",80.054,"LCD",23.5,6.698258847494166,150668,32
"BAUHN","ATV24HDG-0223","Australia,Fiji,New Zealand",59.774,"LCD (LED)",16.17,6.496937030672768,151665,24
"BAUHN","ATV24HDTB-0226","Australia",59.809,"LCD",17.9,6.014060320526477,175627,24
"BAUHN","ATV24HDW-0224","Australia,Fiji,New Zealand",59.774,"LCD",15.1,6.143886819769821,158053,24
"BAUHN","ATV24HDW-0225","Australia,Fiji,New Zealand",59.824,"LCD",17.766,6.014805925255865,165639,24
"BAUHN","ATV32HDW-0424","Australia,Fiji,New Zealand",80.043,"LCD (LED)",27.2,6.182698305345105,159148,32
"BAUHN","ATV32HDW-0425","Australia",80.06,"LCD",25.23,6.183721090805194,166754,32
"BAUHN","ATV32HDW-0624","Australia,Fiji,New Zealand",80.043,"LCD (LED)",27.2,6.182698305345105,159148,32
"BAUHN","ATV32HDW-0824","Australia",80.043,"LCD (LED)",27.14,6.182698305345105,164261,32
"BAUHN","ATV32HDW-****","Australia,Fiji,New Zealand",80.043,"LCD (LED)",27.2,6.182698305345105,159148,32
"BAUHN","ATV40FHDG-0822","Australia,Fiji,New Zealand",100.305,"LCD (LED)",40,6.11243449698781,147727,39
"BAUHN","ATV40FHDG-1122","Australia,Fiji,New Zealand",100.305,"LCD (LED)",40,6.11243449698781,147727,39
"BAUHN","ATV40FHDG-1123","Australia",100.305,"LCD (LED)",40,6.112434496987815,155912,39
"BAUHN","ATV40FHDW-0426","Australia",100.333,"LCD (LED)",40.5,6.055891551844101,178250,40
"BAUHN","ATV40FHDW-1125","Australia,Fiji,New Zealand",100.607,"LCD",34.7,6.110919760198513,172498,40
"BAUHN","ATV40UHDW-0124","Australia,Fiji,New Zealand",101.549,"LCD (LED)",51.2,5.1492487763669255,157758,40
"BAUHN","ATV40UHDW-0324","Australia,Fiji,New Zealand",101.549,"LCD (LED)",51.2,5.1492487763669255,157758,40
"BAUHN","ATV40UHDW-****","Australia,Fiji,New Zealand",101.549,"LCD (LED)",51.2,5.1492487763669255,157758,40
"BAUHN","ATV42FHDW-1221","Australia",105.396,"LCD",42.3,6.2175519584591425,143338,41
"BAUHN","ATV43FHDW-0125","Australia",107.978,"LCD",44.2,6.04961468920546,164636,43
"BAUHN","ATV43FHDW-0325","Australia",109.465,"LCD",39.8,6.148719852583788,167445,43
"BAUHN","ATV43FHDW-1124","Australia",107.978,"LCD",44.2,6.04961468920546,164636,43
"BAUHN","ATV43FHDW-****","Australia",107.978,"LCD",44.2,6.04961468920546,164636,43
"BAUHN","ATV43UHDT-0123","Australia,Fiji,New Zealand",107.987,"LCD (LED)",45.5,6.1024470408434714,150298,43
"BAUHN","ATV43UHDT-0723","Australia,Fiji,New Zealand",107.987,"LCD (LED)",45.5,6.1024470408434714,152875,43
"BAUHN","ATV49FHDT-0126","Australia",125.774,"LCD",52.6,6.708438262575533,173867,50
"BAUHN","ATV50QLEDW-0826","Australia",125.736,"LCD",56.2,6.030353956843012,181236,50
"BAUHN","ATV50UHDT-0323","Australia,Fiji,New Zealand",125.727,"LCD",56.7,6.0624515145983064,151169,49
"BAUHN","ATV50UHDT-0823","Australia,Fiji,New Zealand",125.727,"LCD",56.7,6.0624515145983064,153601,49
"BAUHN","ATV50UHDT-0825","Australia",125.725,"LCD (LED)",56.59,6.1612671006942135,169483,49
"BAUHN","ATV50UHDW-0326","Australia",125.727,"LCD",61.7,6.022792670661913,177907,49
"BAUHN","ATV50UHDW-0422","Australia,Fiji,New Zealand",125.725,"LCD",59.7,6.1612671006942135,145854,49
"BAUHN","ATV50UHDW-0424","Australia,Fiji,New Zealand",127.259,"LCD (LED)",57.06,6.488264199278357,159237,50
"BAUHN","ATV55UHDT-0723","Australia,Fiji",138.783,"LCD",68.5,6.02167727117258,152427,55
"BAUHN","ATV55UHDW-0124","Australia,Fiji,New Zealand",138.783,"LCD (LED)",73.991,6.02167727117258,157859,55
"BAUHN","ATV55UHDW-0125","Australia,Fiji,New Zealand",138.783,"LCD (LED)",69.65,6.293361671010194,163516,55
"BAUHN","ATV55UHDW-0425","Australia",138.401,"LCD",70,6.033938115953562,166810,54
"BAUHN","ATV55UHDW-0426","Australia",138.401,"LCD",71.6,6.033938115953562,177119,54
"BAUHN","ATV55UHDW-1024","Australia,Fiji,New Zealand",138.783,"LCD (LED)",69.65,6.293361671010194,163516,55
"BAUHN","ATV55UHDW-****","Australia,Fiji,New Zealand",138.783,"LCD (LED)",69.65,6.293361671010194,163516,55
"BAUHN","ATV58UHDW-0926","Australia",145.964,"LCD",80.7,6.059931684115753,182115,57
"BAUHN","ATV60UHDW-0824","Australia",152.663,"LCD",81.288,6.3902899068173715,160051,60
"BAUHN","ATV60UHDW-1023","Australia",152.444,"LCD",80.7,6.414531262205091,149504,60
"BAUHN","ATV65UHDT-0123","Australia,Fiji,New Zealand",163.878,"LCD (LED)",96.3,6.15677413639015,148363,65
"BAUHN","ATV65UHDT-0922","Australia,Fiji,New Zealand",163.878,"LCD (LED)",96.3,6.15677413639015,148363,65
"BAUHN","ATV65UHDW-1125","Australia",163.896,"LCD",94.374,6.193172893898268,172883,65
"BAUHN","ATV70UHDT-0126","Australia,Fiji,New Zealand",176.563,"LCD",110.35,6.259273257201325,172884,70
"BAUHN","ATV70UHDT-0623","Australia,Fiji,New Zealand",176.532,"LCD",110.15,6.114926249682608,152913,70
"BAUHN","ATV70UHDT-1022","Australia,Fiji,New Zealand",176.545,"LCD",97.8,6.03164379048884,148595,70
"BAUHN","ATV70UHDW-0325","Australia",176.537,"LCD (LED)",108.29,6.367801412715387,166500,70
"BAUHN","ATV70UHDW-0326","Australia",176.541,"LCD",108.3,6.367948428610225,177908,70
"BAUHN","ATV70UHDW-0624","Australia",176.555,"LCD (LED)",109.038,6.314624076977698,162085,70
"BAUHN","ATV70UHDW-0625","Australia",176.537,"LCD (LED)",108.29,6.367801412715387,166500,70
"BAUHN","ATV70UHDW-1025","Australia",176.537,"LCD (LED)",108.29,6.367801412715387,166500,70
"BAUHN","ATV70UHDW-1124","Australia,New Zealand",176.535,"LCD",108.294,6.367605973033433,165123,70
"BAUHN","ATV70UHDW-****","Australia",176.537,"LCD (LED)",108.29,6.367801412715387,166500,70
"BAUHN","ATV75QLEDW-0826","Australia",189.34,"LCD (LED)",132.1,6.0483552682180015,179692,75
"BAUHN","ATV75UHDT-0423","Australia,Fiji,New Zealand",189.219,"LCD",108.1,6.090373500678537,151170,74
"BAUHN","ATV75UHDT-0725","Australia",189.34,"LCD",130.5,6.0483552682180015,168380,75
"BAUHN","ATV75UHDW-0324","Australia,Fiji,New Zealand",189.344,"LCD (LED)",117.61,6.147318344386143,158314,75
"BAUHN","ATV75UHDW-0622","Australia,Fiji,New Zealand",189.306,"LCD (LED)",127.7,6.196865743103114,148038,75
"BAUHN","ATV75UHDW-0924","Australia,Fiji,New Zealand",189.34,"LCD",133.54,6.002391582031314,162485,75
"BAUHN","ATV75UHDW-0925","Australia",189.34,"LCD",128.89,6.0483552682180015,171702,75
"FPD","AU24-P1","Australia,Fiji,New Zealand",59.824,"LCD (LED)",26.06,4.025359920995686,180855,24
"FPD","AU40-P3","Australia,Fiji,New Zealand",100.332,"LCD (LED)",50.94,4.526400619045754,180857,40
"FPD","AU43-C3","Australia,Fiji,New Zealand",107.986,"LCD (LED)",75.42,3.542223664976664,180871,43
"JVC","AV-A557155A","Australia,Fiji,New Zealand",138.798,"LCD (LED)",112.38,3.6078911502493303,168016,55
"JVC","AV-A557155A series","Australia,Fiji,New Zealand",138.798,"LCD (LED)",112.38,3.6078911502493303,168016,55
"JVC","AV-A657155A","Australia,Fiji,New Zealand",163.829,"LCD (LED)",156.42,3.5730691436017716,168018,64
"JVC","AV-A657155A series","Australia,Fiji,New Zealand",163.829,"LCD (LED)",156.42,3.5730691436017716,168018,64
"JVC","AV-AE557155A","Australia,Fiji,New Zealand",139.936,"OLED",75.48,5.661537840669303,173258,55
"JVC","AV-AE557155A series","Australia,Fiji,New Zealand",139.936,"OLED",75.48,5.661537840669303,173258,55
"JVC","AV-AE657155A","Australia,Fiji,New Zealand",165.884,"LCD (LED)",107.58,5.301278232513499,168019,65
"JVC","AV-AE657155A series","Australia,Fiji,New Zealand",165.884,"LCD (LED)",107.58,5.301278232513499,168019,65
"JVC","AV-AQ405165A","Australia,Fiji,New Zealand",107.863,"LCD (LED)",47.04,5.502650280472722,168014,42
"JVC","AV-AQ405165A series","Australia,Fiji,New Zealand",107.863,"LCD (LED)",47.04,5.502650280472722,168014,42
"JVC","AV-AQ557155A","Australia,Fiji,New Zealand",138.798,"LCD (LED)",61.38,6.45268452993256,166274,55
"JVC","AV-AQ657155A","Australia,Fiji,New Zealand",163.829,"LCD (LED)",105.96,5.1714794128570825,166276,64
"AIWA","AV-BO507165A","Australia,Fiji,New Zealand",125.725,"LCD (LED)",51.6,6.369742834637282,174894,49
"AIWA","AV-BQ507165AE","Australia,Fiji,New Zealand",125.725,"LCD (LED)",51.6,6.369742834637282,174894,49
"JVC","AV-BQ557165A","Australia,Fiji,New Zealand",138.015,"LCD (LED)",60.78,6.421860458652241,174442,54
"JVC","AV-BQ557165AE","Australia,Fiji,New Zealand",138.015,"LCD (LED)",60.78,6.421860458652241,174442,54
"JVC","AV-BQ557165AE, AV-BQ557165A","Australia,Fiji,New Zealand",138.015,"LCD (LED)",60.78,6.421860458652241,174442,54
"JVC","AV-H323115A11","Australia,Fiji",80.139,"LCD",31.9,5.532205229661681,148691,32
"JVC","AV-H323115A11N","Australia",80.103,"LCD",29.22,5.890292548310127,157776,32
"JVC","AV-H437115A11","Australia,Fiji",107.912,"LCD",73,4.04530322613127,148700,42
"JVC","AV-H437115A11N","Australia",107.95,"LCD",57.474,5.109199295997805,157773,42
"JVC","AV-H557135A11","Australia,Fiji",138.412,"LCD",102,4.570491731771872,148696,54
"JVC","AV-H657115A11","Australia,Fiji",163.132,"LCD",124.968,4.5493455240483325,148694,64
"JVC","AV-HQ507115A11","Australia",126.112,"LCD",101.98,3.7951848555621974,150089,50
"JVC","AV-J193152A","Australia",47.013,"LCD",19.4,4.333587410734022,163671,19
"JVC","AV-J193155A","Australia",47.013,"LCD",19.4,4.333587410734022,163671,19
"JVC","AV-J243145A","Australia",59.824,"LCD (LED)",17.0946,5.884900594348791,153462,24
"JVC","AV-J323135A","Australia",80.039,"LCD (LED)",24.687,5.799685441574415,153140,32
"JVC","AV-J323142A","Australia",80.039,"LCD",39,4.561680559205172,155910,32
"JVC","AV-J557155A","Australia,Fiji,New Zealand",138.798,"LCD (LED)",112.38,3.6078911502493303,168016,55
"JVC","AV-J657155A","Australia,Fiji,New Zealand",163.829,"LCD (LED)",156.42,3.5730691436017716,168018,64
"JVC","AV-J987145A","Australia",249.606,"LCD (LED)",237.4,5.827252980961725,156394,98
"JVC","AV-JE557165A","Australia,Fiji,New Zealand",139.936,"OLED",75.48,5.661537840669303,173258,55
"JVC","AV-JE657165A","Australia,Fiji,New Zealand",165.884,"LCD (LED)",107.58,5.301278232513499,168019,65
"JVC","AV-JQ405155A","Australia,Fiji,New Zealand",107.863,"LCD (LED)",47.04,5.502650280472722,168014,42
"AIWA","AV-JQ507165A","Australia,Fiji,New Zealand",125.725,"LCD (LED)",51.6,6.369742834637282,174894,49
"JVC","AV-JQ757115A","Australia,Fiji,New Zealand",189.306,"LCD (LED)",106.68,6.225623617945741,166280,75
"JVC","AV-JQ757115A series","Australia,Fiji,New Zealand",189.306,"LCD (LED)",106.68,6.225623617945741,166280,75
"JVC","AV-JQ757115AE","Australia,Fiji,New Zealand",189.306,"LCD (LED)",106.68,6.225623617945741,166280,75
"AVEL INNOVATIONS","AVS240KS","Australia",60.22,"LCD (LED)",24.37,4.748928276892544,145125,24
"AVEL INNOVATIONS","AVS240WS","Australia",60.22,"LCD (LED)",24.01,4.798447235076666,144907,24
"AVEL INNOVATIONS","AVS325KS","Australia",80.103,"LCD (LED)",39.33,4.570054909528788,145126,32
"AIWA","AW240DVD","Australia",59.824,"LCD",24.2,4.709136101392171,159179,24
"AIWA","AWB243DH","Australia",59.824,"LCD",23.45,4.422945949865571,176765,24
"AIWA","AWB243DWC","Australia",59.824,"LCD",18.35,5.51631224604639,179189,24
"AIWA","AWB323DWC","Australia",80.039,"LCD",37,4.7834214832514,178762,32
"AIWA","AWB405DH","Australia",100.337,"LCD (LED)",43.1,5.572538474564652,180904,40
"AIWA","AWB405DWC","Australia",100.337,"LCD",43.2,5.7644328713811355,180903,40
"AIWA","AWB505DW","Australia",125.731,"LCD",49.08,6.5905008684649165,178727,50
"AIWA","AWB557QW","Australia",138.783,"LCD (LED)",86.96,5.293361671010193,178827,55
"AIWA","AWB657QW","Australia",163.896,"LCD (LED)",106.434,5.785490136901949,177829,65
"AIWA","AWB757DW","Australia",189.34,"LCD",140.14,5.7880995979301915,176764,75
"AIWA","AWC24DW","Australia,Fiji,New Zealand",59.774,"LCD (LED)",26.3,4.063138326718788,173428,24
"AIWA","AWC240G","Australia",59.774,"LCD (LED)",19.8,5.171129579153095,160979,24
"AIWA","AWC240WZ","Australia,Fiji,New Zealand",59.774,"LCD (LED)",26.3,4.063138326718788,173428,24
"AIWA","AWC240WZ，AWC24DW","Australia,Fiji,New Zealand",59.774,"LCD (LED)",26.3,4.063138326718788,173428,24
"AIWA","AWC320G","Australia",80.054,"LCD (LED)",28.6,5.56096171620154,161849,32
"AIWA","AWC320WZ","Australia,Fiji,New Zealand",79.967,"LCD (LED)",38.6,4.555846834752298,164013,31
"AIWA","AWC400W","Australia",100.332,"LCD",33.1,6.944905545247861,168069,40
"AIWA","AWCD24DW","Australia",60.47,"LCD (LED)",23.55,4.92639819400225,171323,24
"AIWA","AWCD32DW","Australia",80.039,"LCD (LED)",33.5,5.226732802134094,171942,32
"AIWA","AWS55DW","Australia",138.783,"LCD (LED)",90.11,5.1283827912446815,174310,55
"AIWA","AWS60DG","Australia",152.661,"LCD (LED)",102,5.041608955141751,175208,60
"AIWA","AWS320DVD","Australia",80.039,"LCD (LED)",33.5,5.226810398773459,165465,32
"AIWA","AWS400G","Australia",100.305,"LCD",46.8,5.016571587863471,159706,39
"AIWA","AWS400G2","Australia",100.332,"LCD (LED)",35.2,5.996206090448164,169322,40
"AIWA","AWS400W","Australia",100.332,"LCD (LED)",48.76,4.811354439400725,162640,40
"AIWA","AWS420W","Australia",105.415,"LCD (LED)",51.78,4.912410403406469,164582,42
"AIWA","AWS430QW","Australia",107.953,"LCD (LED)",45.69,6.100094078813243,166617,43
"AIWA","AWS430QWE","Australia,Fiji,New Zealand",107.95,"LCD (LED)",38.16,6.287078165081274,173656,42
"AIWA","AWS500G","Australia",125.731,"OLED",64.6,5.1471093957013325,163030,50
"AIWA","AWS500QW","Australia,Fiji,New Zealand",125.725,"LCD (LED)",51.6,6.369742834637282,174894,49
"AIWA","AWS500QWE","Australia,Fiji,New Zealand",125.725,"LCD (LED)",51.6,6.369742834637282,174894,49
"AIWA","AWS500QWS","Australia",127.178,"LCD",83.118,4.797474257382795,178028,50
"AIWA","AWS500QW，AWS500QWE","Australia,Fiji,New Zealand",125.725,"LCD (LED)",51.6,6.369742834637282,174894,49
"AIWA","AWS500W","Australia",125.731,"LCD (LED)",57.2,6.350562198435242,161103,50
"AIWA","AWS500WN","Australia",125.731,"LCD (LED)",58.95,6.204302406831108,174307,50
"AIWA","AWS550G","Australia",138.783,"LCD (LED)",65.43,6.25848663027421,167411,55
"AIWA","AWS550QW","Australia,Fiji,New Zealand",138.015,"LCD (LED)",60.78,6.421860458652241,174384,54
"AIWA","AWS550QWE","Australia,Fiji,New Zealand",138.015,"LCD (LED)",60.78,6.421860458652241,174384,54
"AIWA","AWS550QWE，AWS550QW","Australia,Fiji,New Zealand",138.015,"LCD (LED)",60.78,6.421860458652241,174384,54
"AIWA","AWS580G","Australia",146.088,"LCD",82.5,5.590070246580223,166064,58
"AIWA","AWS650G","Australia",163.829,"LCD",90.1,5.634761250243758,159710,64
"AIWA","AWS650G2","Australia",163.896,"LCD (LED)",92.9,6.0207893291425405,166618,65
"AIWA","AWS650QW","Australia",163.896,"LCD (LED)",134.33,4.330320507536826,166637,65
"AIWA","AWS650QWG","Australia",163.896,"LCD (LED)",92.39,6.4118221171542435,174315,65
"AIWA","AWS650W","Australia",163.896,"LCD (LED)",115.94,4.979906758518055,160109,65
"AIWA","AWS650WG","Australia",163.896,"LCD (LED)",97.1,6.193172893898268,169038,65
"AIWA","AWS700W","Australia",176.563,"LCD (LED)",140.89,4.68082480321312,162825,70
"AIWA","AWS700WS","Australia",176.528,"LCD (LED)",149.6,4.951547843611241,175205,69
"SAMSUNG ELECTRONICS","BE43D-H","Australia,Fiji,New Zealand",107.987,"LCD (LED)",68,4.356241516253395,160151,43
"SAMSUNG","BE43FX-H","Australia,Fiji,New Zealand",107.987,"LCD (LED)",68,4.356241516253395,169463,43
"SAMSUNG","BE43HX-H","Australia,Fiji,New Zealand",107.987,"LCD (LED)",67,4.410126976514222,180610,43
"SAMSUNG ELECTRONICS","BE50D-H","Australia,Fiji,New Zealand",125.727,"LCD (LED)",71,5.380181735077315,160152,49
"SAMSUNG","BE50FX-H","Australia,Fiji,New Zealand",125.727,"LCD (LED)",71,5.380181735077315,169453,49
"SAMSUNG","BE50HX-H","Australia,Fiji,New Zealand",125.727,"LCD (LED)",71,5.380181735077315,180611,49
"SAMSUNG ELECTRONICS","BE55D-H","Australia,Fiji,New Zealand",138.783,"LCD (LED)",79,5.719086403196216,160153,55
"SAMSUNG","BE55FX-H","Australia,Fiji,New Zealand",138.783,"LCD (LED)",79,5.719086403196216,169466,55
"SAMSUNG","BE55HX-H","Australia,Fiji,New Zealand",138.783,"LCD (LED)",79,5.719086403196216,180615,55
"SAMSUNG ELECTRONICS","BE65D-H","Australia,Fiji,New Zealand",163.897,"LCD (LED)",114,5.475494068044627,160154,65
"SAMSUNG","BE65FX-H","Australia,Fiji,New Zealand",163.897,"LCD (LED)",113,5.507696027807992,169508,65
"SAMSUNG","BE65HX-H","Australia,Fiji,New Zealand",163.897,"LCD (LED)",112,5.5509951097435115,180617,65
"SAMSUNG ELECTRONICS","BE75D-H","Australia,Fiji,New Zealand",189.338,"LCD (LED)",137,5.885127373724774,160155,75
"SAMSUNG","BE75FX-H","Australia,Fiji,New Zealand",189.338,"LCD (LED)",136,5.920907365130298,169509,75
"SAMSUNG","BE75HX-H","Australia,Fiji,New Zealand",189.338,"LCD (LED)",133,6.0116274695537575,180625,75
"SAMSUNG ELECTRONICS","BE85D-H","Australia,Fiji,New Zealand",214.783,"LCD (LED)",143,6.779416937203513,160194,85
"SAMSUNG","BE85FX-H","Australia,Fiji,New Zealand",214.783,"LCD (LED)",142,6.813691827932876,169512,85
"SAMSUNG","BE85HX-H","Australia,Fiji,New Zealand",214.783,"LCD (LED)",142,6.813691827932876,180649,85
"SAMSUNG ELECTRONICS","BE98D-H","Australia,Fiji,New Zealand",247.688,"LCD (LED)",332,4.258270181780565,165119,98
"LOEWE","BILD C 32","Australia",80.054,"LCD (LED)",34,5.154958966766685,154153,32
"LOEWE","BILD S.77","Australia",194.738,"OLED",220,3.865573586776292,162445,77
"LOEWE","BILD i48","Australia,New Zealand",120.713,"OLED",74.4,4.851142784766627,151009,48
"LOEWE","BILD i55","Australia,New Zealand",138.798,"OLED",96.5,4.839782994637874,151008,55
"LOEWE","BILD i65","Australia,New Zealand",163.857,"OLED",114,5.472198053824738,151007,65
"LOEWE","BILD i77","Australia,New Zealand",194.139,"OLED",107.8,7.295724706334558,158484,76
"BROOKLYN","BM32WOSDVD","Australia,Fiji,New Zealand",80.039,"LCD (LED)",33.5,5.226810398773459,162688,32
"BLAUPUNKT","BP24****（*=Blank, 0-9,A-Z,a-z for marketing purpose, no technical difference)","Australia,Fiji,New Zealand",60.469,"LCD (LED)",16.33,5.583285571635198,165321,24
"BLAUPUNKT","BP24PTVBL","Australia,Fiji,New Zealand",60.469,"LCD (LED)",16.33,5.583285571635198,165321,24
"BLAUPUNKT","BP24PTVG","Australia,Fiji,New Zealand",60.469,"LCD (LED)",16.33,5.583285571635198,165321,24
"BLAUPUNKT","BP24PTVP","Australia,Fiji,New Zealand",60.469,"LCD (LED)",16.33,5.583285571635198,165321,24
"BLAUPUNKT","BP24PTVW","Australia,Fiji,New Zealand",60.469,"LCD (LED)",16.33,5.583285571635198,165321,24
"BLAUPUNKT","BP24TIZDVD","Australia,Fiji,New Zealand",59.824,"LCD (LED)",27.25,4.1977464327445775,175616,24
"BLAUPUNKT","BP24WOSDVD","Australia,Fiji,New Zealand",60.47,"LCD (LED)",23.55,4.92639819400225,170419,24
"BLAUPUNKT","BP32TIZDVD","Australia,Fiji,New Zealand",80.039,"LCD (LED)",34.76,5.085651638532086,173954,32
"BLAUPUNKT","BP32WOSDVD","Australia,Fiji,New Zealand",80.039,"LCD (LED)",33.5,5.226810398773459,161254,32
"BLAUPUNKT","BP40TIZDVD","Australia,Fiji,New Zealand",100.332,"LCD (LED)",35.63,6.628438558870485,173976,40
"BLAUPUNKT","BP50WOS2","Australia,Fiji,New Zealand",125.731,"LCD (LED)",78.5,4.346316418754582,155004,50
"BLAUPUNKT","BP50WOS3","Australia,Fiji,New Zealand",125.731,"LCD (LED)",94.37,3.4842171489595257,160179,50
"BLAUPUNKT","BP58WOS","Australia,Fiji,New Zealand",146.068,"LCD",112.086,4.383305896768795,164955,58
"BLAUPUNKT","BP70WOS3","Australia,Fiji,New Zealand",176.538,"LCD (LED)",128.9,4.9068324559328165,160180,70
"BLAUPUNKT","BP75WOS","Australia,Fiji,New Zealand",189.34,"LCD (LED)",186.3,4.5207253416601745,157567,75
"BLAUPUNKT","BP85WOS","Australia,Fiji,New Zealand",214.783,"LCD",228,4.705258230661274,151282,85
"BLAUPUNKT","BP85WOS2","Australia,Fiji,New Zealand",214.696,"LCD (LED)",197.27,5.349203658000996,162209,85
"BLAUPUNKT","BP100WOSQ","Australia,Fiji,New Zealand",247.695,"LCD (LED)",350,4.01101469876056,161755,98
"BLAUPUNKT","BP240HSG9200","Australia",59.774,"LCD",22,5.063138326718788,144352,24
"BLAUPUNKT","BP240HSG9700","Australia",59.814,"LCD (LED)",25,4.066544909449641,149533,24
"BLAUPUNKT","BP240HSG9800","Australia,Fiji,New Zealand",59.774,"LCD",20.94,5.395247284012249,155665,24
"BLAUPUNKT","BP240HSTQ","Australia,Fiji,New Zealand",59.824,"LCD (LED)",17,4.563735123688218,180667,24
"BLAUPUNKT","BP320FSG98","Australia,Fiji,New Zealand",80.054,"LCD",28,4.11981039350596,174336,32
"BLAUPUNKT","BP320FSG9800","Australia,Fiji,New Zealand",80.054,"LCD",28,4.11981039350596,174336,32
"BLAUPUNKT","BP320HSG98","Australia,Fiji,New Zealand",80.054,"LCD",28,4.11981039350596,174336,32
"BLAUPUNKT","BP320HSG9700","Australia,Fiji,New Zealand",80.039,"LCD (LED)",24.687,5.051045905816841,162737,32
"BLAUPUNKT","BP320HSG9800","Australia,Fiji,New Zealand",80.039,"LCD (LED)",31.626,5.2268129560149825,157752,32
"BLAUPUNKT","BP320HSTQ","Australia,Fiji,New Zealand",80.039,"LCD (LED)",31.6,5.016707910976807,180657,32
"BLAUPUNKT","BP400FSG98","Australia,Fiji,New Zealand",100.791,"LCD",50.5,5.118073049588307,166422,40
"BLAUPUNKT","BP400FSG9200","Australia",100.305,"LCD",35.8,6.022503316218213,142461,39
"BLAUPUNKT","BP400FSG9700","Australia",100.791,"LCD",50.5,5.118073049588307,148787,40
"BLAUPUNKT","BP400FSG9800","Australia,Fiji,New Zealand",100.332,"LCD (LED)",41,5.416260701529987,161150,40
"BLAUPUNKT","BP400FSTQ","Australia,Fiji,New Zealand",100.337,"LCD (LED)",42.9,5.572538474564652,180937,40
"BLAUPUNKT","BP400FTS","Australia,Fiji,New Zealand",100.337,"LCD",45.3,5.572538474564652,173485,40
"BLAUPUNKT","BP420FSG9700","Australia,Fiji,New Zealand",105.422,"LCD (LED)",53.38,4.297940618367445,157105,42
"BLAUPUNKT","BP430FSG9700","Australia,Fiji,New Zealand",107.953,"LCD (LED)",53.5,5.110651021546228,154657,43
"BLAUPUNKT","BP430FSG9700C","Australia,Fiji,New Zealand",107.863,"LCD",54.04,5.388613081049771,150952,42
"BLAUPUNKT","BP430FSG9800","Australia,Fiji,New Zealand",107.825,"LCD (LED)",50.67,5.193622976866961,161124,42
"BLAUPUNKT","BP500FTS","Australia,Fiji,New Zealand",125.731,"LCD (LED)",47.9,6.082627418214837,166597,50
"BLAUPUNKT","BP500USG98","Australia,Fiji,New Zealand",125.638,"LCD",96.612,3.7556918786576565,166538,49
"BLAUPUNKT","BP500USG9700","Australia,Fiji,New Zealand",125.731,"LCD (LED)",97.68,2.85788516870723,157109,50
"BLAUPUNKT","BP500USG9800","Australia,Fiji,New Zealand",125.731,"LCD (LED)",91,3.833595569310708,161084,50
"BLAUPUNKT","BP500USTQ","Australia,Fiji,New Zealand",125.731,"LCD (LED)",85.81,4.526428639549403,180654,50
"BLAUPUNKT","BP550USG98","Australia,Fiji,New Zealand",138.798,"LCD",94.96,4.903531155172063,156536,55
"BLAUPUNKT","BP550USG9700","Australia",138.798,"LCD",93.324,4.522165303383788,148597,55
"BLAUPUNKT","BP550USG9800","Australia,Fiji,New Zealand",138.783,"LCD",75.18,5.940046232390322,161139,55
"BLAUPUNKT","BP550USG60100","Australia,Fiji,New Zealand",138.798,"LCD",133.926,3.0311710449064218,171004,55
"BLAUPUNKT","BP550USTQ","Australia,Fiji,New Zealand",138.783,"LCD (LED)",99.84,4.53503722787905,180751,55
"BLAUPUNKT","BP550UTS","Australia,Fiji,New Zealand",138.783,"LCD",82.2,5.552808910591775,174102,55
"BLAUPUNKT","BP650USG98","Australia,Fiji,New Zealand",163.829,"LCD",94.65,4.014220466297351,166629,64
"BLAUPUNKT","BP650USG9700","Australia",163.132,"LCD",124.968,4.5493455240483325,149024,64
"BLAUPUNKT","BP650USG9800","Australia,Fiji,New Zealand",163.896,"LCD (LED)",108.132,5.443567846962184,161017,65
"BLAUPUNKT","BP650USG9900","Australia,Fiji,New Zealand",165.633,"LCD (LED)",120,4.948332402726292,161085,65
"BLAUPUNKT","BP650USG60100","Australia,Fiji,New Zealand",163.965,"LCD",157.044,3.5812825355291937,171005,65
"BLAUPUNKT","BP650USTQ","Australia,Fiji,New Zealand",163.896,"LCD (LED)",104.98,5.50774202403524,182062,65
"BLAUPUNKT","BP700USG9700","Australia,Fiji,New Zealand",176.539,"LCD",153.11,4.819594333692885,157590,70
"BLAUPUNKT","BP700UTS","Australia,Fiji,New Zealand",176.538,"LCD",142.28,5.1409897508048665,181232,70
"BLAUPUNKT","BP750USG98","Australia,Fiji,New Zealand",189.306,"LCD",204.81,3.742547514126096,166439,75
"BLAUPUNKT","BP750USG9300","Australia",189.266,"LCD",188.97,4.452167843042404,146768,75
"BLAUPUNKT","BP750USG9700","Australia,Fiji,New Zealand",189.34,"LCD (LED)",160.5,4.694913072699023,157250,75
"BLAUPUNKT","BP750USG9800","Australia,Fiji,New Zealand",189.34,"LCD (LED)",158,4.749900512486322,160920,75
"BLAUPUNKT","BP750USG60100","Australia,Fiji,New Zealand",189.306,"LCD",211.836,3.033614051574808,173462,75
"BLAUPUNKT","BP750USTQ","Australia,Fiji,New Zealand",189.34,"LCD (LED)",133.6,6.002391582031314,180652,75
"BLAUPUNKT","BP850UTSQ","Australia,Fiji,New Zealand",214.783,"LCD (LED)",161,6.005242174991583,180725,85
"BLAUPUNKT","BP850WOSQ","Australia,Fiji,New Zealand",214.783,"LCD",257.2,3.9823192599593313,162156,85
"BLAUPUNKT","BP860USG9700","Australia",217.421,"LCD (LED)",270,4.051470647123762,148077,86
"BLAUPUNKT","BP2400HDV7100","Australia",60.47,"LCD",25.3,4.630812830215861,160037,24
"BLAUPUNKT","BP3200HDV7100","Australia",80.043,"LCD (LED)",35.4,5.017184873170333,146934,32
"BLAUPUNKT","BP3200HDV8100","Australia,Fiji,New Zealand",80.039,"LCD (LED)",35.8,4.948803749896118,159494,32
"BLAUPUNKT","BP4000F","Australia",100.332,"LCD (LED)",25.92,6.025761901698537,144362,40
"BLAUPUNKT","BP4000HDV7100","Australia",100.333,"LCD",49.1,5.214004183541708,147110,40
"SYLVOX","BT24A0KEGB","Australia,Fiji,New Zealand",60.47,"LCD (LED)",17.14,6.284042377750066,158143,24
"SYLVOX","BT24A0KOGB","Australia,Fiji,New Zealand",60.47,"LCD (LED)",17.14,6.284042377750066,158143,24
"SYLVOX","BT24A1KEGB","Australia,Fiji,New Zealand",60.47,"LCD (LED)",17.14,6.284042377750066,158143,24
"SYLVOX","BT24A1KOGB","Australia,Fiji,New Zealand",60.47,"LCD (LED)",17.14,6.284042377750066,158143,24
"SYLVOX","BT24A2KOGB","Australia,Fiji,New Zealand",60.47,"LCD (LED)",17.14,6.284042377750066,158143,24
"SYLVOX","BT24A3KOGB","Australia,Fiji,New Zealand",60.47,"LCD (LED)",17.14,6.284042377750066,158143,24
"SYLVOX","BT24A4KOGB","Australia,Fiji,New Zealand",60.47,"LCD (LED)",17.14,6.284042377750066,158143,24
"SYLVOX","BT24A5KOGB","Australia,Fiji,New Zealand",60.47,"LCD (LED)",17.14,6.284042377750066,158143,24
"SYLVOX","BT24A6KOGB","Australia,Fiji,New Zealand",60.47,"LCD (LED)",17.14,6.284042377750066,158143,24
"SYLVOX","BT24A7KOGB","Australia,Fiji,New Zealand",60.47,"LCD (LED)",17.14,6.284042377750066,158143,24
"SYLVOX","BT24A***GB","Australia,Fiji,New Zealand",60.47,"LCD (LED)",17.14,6.284042377750066,158143,24
"SYLVOX","BT32A0KEGB","Australia,Fiji,New Zealand",80.131,"LCD (LED)",27,6.19127811085949,158242,32
"SYLVOX","BT32A0KOGB","Australia,Fiji,New Zealand",80.131,"LCD (LED)",27,6.19127811085949,158242,32
"SYLVOX","BT32A1KEGB","Australia,Fiji,New Zealand",80.131,"LCD (LED)",27,6.19127811085949,158242,32
"SYLVOX","BT32A1KOGB","Australia,Fiji,New Zealand",80.131,"LCD (LED)",27,6.19127811085949,158242,32
"SYLVOX","BT32A2KOGB","Australia,Fiji,New Zealand",80.131,"LCD (LED)",27,6.19127811085949,158242,32
"SYLVOX","BT32A3KOGB","Australia,Fiji,New Zealand",80.131,"LCD (LED)",27,6.19127811085949,158242,32
"SYLVOX","BT32A4KOGB","Australia,Fiji,New Zealand",80.131,"LCD (LED)",27,6.19127811085949,158242,32
"SYLVOX","BT32A5KOGB","Australia,Fiji,New Zealand",80.131,"LCD (LED)",27,6.19127811085949,158242,32
"SYLVOX","BT32A6KOGB","Australia,Fiji,New Zealand",80.131,"LCD (LED)",27,6.19127811085949,158242,32
"SYLVOX","BT32A7KOGB","Australia,Fiji,New Zealand",80.131,"LCD (LED)",27,6.19127811085949,158242,32
"SYLVOX","BT32A***GB","Australia,Fiji,New Zealand",80.131,"LCD (LED)",27,6.19127811085949,158242,32
"LOEWE","C43","Australia",107.95,"LCD (LED)",65.8,4.497596729556777,154150,42
"BELGIQUE","CCA-BFHD24TV","Australia,New Zealand",60.22,"LCD",17.88,6.120990724239581,175938,24
"BELGIQUE","CCA-BFHD32TV","Australia,New Zealand",80.376,"LCD",35.42,5.053441577037442,175939,32
"BELGIQUE","CCA-BFHD40TV","Australia,New Zealand",100.286,"LCD",69.27,3.683084849202257,175940,39
"BELGIQUE","CCA-BFHD**TV","Australia,New Zealand",100.286,"LCD",69.27,3.683084849202257,175940,39
"FPD","CG24-P1","Australia,Fiji,New Zealand",59.824,"LCD (LED)",26.06,4.025359920995686,180855,24
"FPD","CG24-P2","Australia,Fiji,New Zealand",59.824,"LCD (LED)",26.06,4.025359920995686,180855,24
"FPD","CG24-P3","Australia,Fiji,New Zealand",59.824,"LCD (LED)",26.06,4.025359920995686,180855,24
"FPD","CG32-P3","Australia",80.039,"LCD (LED)",31.68,5.051045905816841,173787,32
"FPD","CG40-P1","Australia,Fiji,New Zealand",100.332,"LCD (LED)",50.94,4.526400619045754,180857,40
"FPD","CG40-P2","Australia,Fiji,New Zealand",100.332,"LCD (LED)",50.94,4.526400619045754,180857,40
"FPD","CG40-P3","Australia,Fiji,New Zealand",100.332,"LCD (LED)",50.94,4.526400619045754,180857,40
"FPD","CG43-C1","Australia,Fiji,New Zealand",107.986,"LCD (LED)",75.42,3.542223664976664,180871,43
"FPD","CG43-C2","Australia,Fiji,New Zealand",107.986,"LCD (LED)",75.42,3.542223664976664,180871,43
"FPD","CG43-C3","Australia,Fiji,New Zealand",107.986,"LCD (LED)",75.42,3.542223664976664,180871,43
"BLAUPUNKT","COBP550UTS","Australia,Fiji,New Zealand",138.783,"LCD",82.2,5.552808910591775,174102,55
"KOGAN","D32GV66C-T2C-W","Australia,Fiji,New Zealand",80.039,"LCD",35.2,5.0167187257265855,159490,32
"KOGAN","D60S218-U-T2-W","Australia,Fiji,New Zealand",152.663,"LCD",110.3,5.030432129486525,155515,60
"KOGAN","D70S218-U-T2C-S-I","Australia,Fiji,New Zealand",176.537,"LCD (LED)",182.3,4.042599711063555,145723,70
"KOGAN","D236GD064C-T2C","Australia,Fiji,New Zealand",59.827,"LCD (LED)",22.3,5.121853047308811,145811,24
"KOGAN","D236GV66C-T2C-W","Australia,Fiji,New Zealand",59.824,"LCD",22.1,5.121511445327967,159338,24
"KOGAN","D236GV68C-T2C","Australia,Fiji,New Zealand",59.824,"LCD",25.3,4.563780004108044,159326,24
"DGTEC","DG24HDDVD12V","Australia",59.827,"LCD (LED)",20.96,5.400291661111806,165713,24
"DGTEC","DG24HDTB-23859","Australia",59.809,"LCD",17.9,6.014060320526477,180935,24
"DGTEC","DG40FHDW-24166","Australia",100.333,"LCD (LED)",40.5,6.055891551844101,180528,40
"DGTEC","DG49FHDT-23899","Australia",125.774,"LCD",52.6,6.708438262575533,178407,50
"DGTEC","DG50UHDW-23791","Australia",125.727,"LCD",61.7,6.022792670661913,180339,49
"DGTEC","DG55UHDW-22858","Australia",138.401,"LCD",70,6.033938115953562,171877,54
"DGTEC","DG55UHDW-23352","Australia,Fiji,New Zealand",138.401,"LCD",70,6.033938115953562,171115,54
"DGTEC","DG65UHDOS","Australia,Fiji,New Zealand",163.896,"LCD (LED)",95.274,6.0693688847202,150503,65
"DGTEC","DG70UHDT-23857","Australia,Fiji,New Zealand",176.563,"LCD",110.35,6.259273257201325,179062,70
"DGTEC","DG70UHDW22041","Australia,New Zealand",176.535,"LCD",108.294,6.367605973033433,169310,70
"DGTEC","DG70UHDW-22658","Australia,Fiji,New Zealand",176.537,"LCD (LED)",108.29,6.367801412715387,170941,70
"DGTEC","DG70UHDW-22795","Australia,Fiji,New Zealand",176.537,"LCD (LED)",108.29,6.367801412715387,170941,70
"DGTEC","DG70UHDW-23353","Australia",176.537,"LCD (LED)",108.29,6.367801412715387,174057,70
"DGTEC","DG70UHDW-*****","Australia,Fiji,New Zealand",176.537,"LCD (LED)",108.29,6.367801412715387,170941,70
"DGTEC","DG75UHDW-23351","Australia",189.34,"LCD",128.89,6.0483552682180015,173261,75
"DGTEC","DG5521WOS","Australia,Fiji,New Zealand",138.798,"LCD",69.6,6.292298502011051,144561,55
"SIGNIFY","EA2277","Australia,New Zealand",138.783,"LCD (LED)",98.268,4.546877182237033,148569,55
"CAIXUN","EC32T1HA","Australia,Fiji,New Zealand",80.039,"LCD (LED)",25.92,5.799687998815937,143036,32
"CAIXUN","EC32T1HN","Australia,Fiji,New Zealand",80.039,"LCD (LED)",25.92,5.799687998815937,143036,32
"CAIXUN","EC32T1N","Australia,Fiji,New Zealand",80.039,"LCD (LED)",25.92,5.799687998815937,143036,32
"CAIXUN","EC32T2HA","Australia,Fiji,New Zealand",80.039,"LCD (LED)",25.92,5.799687998815937,143036,32
"CAIXUN","EC32T2HN","Australia,Fiji,New Zealand",80.039,"LCD (LED)",25.92,5.799687998815937,143036,32
"CAIXUN","EC32T3H","Australia,Fiji,New Zealand",80.039,"LCD (LED)",25.92,5.799687998815937,143036,32
"CAIXUN","EC32V1HA","Australia,Fiji,New Zealand",80.039,"LCD (LED)",25.92,5.799687998815937,143036,32
"CAIXUN","EC32V1HN","Australia,Fiji,New Zealand",80.039,"LCD (LED)",25.92,5.799687998815937,143036,32
"CAIXUN","EC32V2HA","Australia,Fiji,New Zealand",80.039,"LCD (LED)",25.92,5.799687998815937,143036,32
"CAIXUN","EC40V1FA","Australia,Fiji,New Zealand",100.332,"LCD (LED)",34.52,6.025786528657009,143170,40
"EMETE","EME-10XXTE","Australia,New Zealand",252.784,"LCD (LED)",320,4.488111325276538,167441,100
"EMETE","EME-55XXTE","Australia,Fiji,New Zealand",138.798,"LCD (LED)",104.8,4.394282121921142,167437,55
"EMETE","EME-65XXTE","Australia,New Zealand",163.878,"LCD (LED)",110.08,5.519630522141826,167438,65
"EMETE","EME-75XXTE","Australia,New Zealand",189.275,"LCD (LED)",175.6,4.733025430966904,167439,75
"EMETE","EME-85XXTE","Australia,New Zealand",214.783,"LCD (LED)",199.69,5.241160861305282,167440,85
"EMETE","EME-1001TE","Australia,New Zealand",252.784,"LCD (LED)",320,4.488111325276538,167441,100
"EMETE","EME-1002TE","Australia,New Zealand",252.784,"LCD (LED)",320,4.488111325276538,167441,100
"EMETE","EME-1003TE","Australia,New Zealand",252.784,"LCD (LED)",320,4.488111325276538,167441,100
"EMETE","EME-1004TE","Australia,New Zealand",252.784,"LCD (LED)",320,4.488111325276538,167441,100
"EMETE","EME-1005TE","Australia,New Zealand",252.784,"LCD (LED)",320,4.488111325276538,167441,100
"EMETE","EME-1006TE","Australia,New Zealand",252.784,"LCD (LED)",320,4.488111325276538,167441,100
"EMETE","EME-1007TE","Australia,New Zealand",252.784,"LCD (LED)",320,4.488111325276538,167441,100
"EMETE","EME-1008TE","Australia,New Zealand",252.784,"LCD (LED)",320,4.488111325276538,167441,100
"EMETE","EME-1009TE","Australia,New Zealand",252.784,"LCD (LED)",320,4.488111325276538,167441,100
"EMETE","EME-1010TE","Australia,New Zealand",252.784,"LCD (LED)",320,4.488111325276538,167441,100
"EMETE","EME-5501TE","Australia,Fiji,New Zealand",138.798,"LCD (LED)",104.8,4.394282121921142,167437,55
"EMETE","EME-5502TE","Australia,Fiji,New Zealand",138.798,"LCD (LED)",104.8,4.394282121921142,167437,55
"EMETE","EME-5503TE","Australia,Fiji,New Zealand",138.798,"LCD (LED)",104.8,4.394282121921142,167437,55
"EMETE","EME-5504TE","Australia,Fiji,New Zealand",138.798,"LCD (LED)",104.8,4.394282121921142,167437,55
"EMETE","EME-5505TE","Australia,Fiji,New Zealand",138.798,"LCD (LED)",104.8,4.394282121921142,167437,55
"EMETE","EME-5506TE","Australia,Fiji,New Zealand",138.798,"LCD (LED)",104.8,4.394282121921142,167437,55
"EMETE","EME-5507TE","Australia,Fiji,New Zealand",138.798,"LCD (LED)",104.8,4.394282121921142,167437,55
"EMETE","EME-5508TE","Australia,Fiji,New Zealand",138.798,"LCD (LED)",104.8,4.394282121921142,167437,55
"EMETE","EME-5509TE","Australia,Fiji,New Zealand",138.798,"LCD (LED)",104.8,4.394282121921142,167437,55
"EMETE","EME-5510TE","Australia,Fiji,New Zealand",138.798,"LCD (LED)",104.8,4.394282121921142,167437,55
"EMETE","EME-6501TE","Australia,New Zealand",163.878,"LCD (LED)",110.08,5.519630522141826,167438,65
"EMETE","EME-6502TE","Australia,New Zealand",163.878,"LCD (LED)",110.08,5.519630522141826,167438,65
"EMETE","EME-6503TE","Australia,New Zealand",163.878,"LCD (LED)",110.08,5.519630522141826,167438,65
"EMETE","EME-6504TE","Australia,New Zealand",163.878,"LCD (LED)",110.08,5.519630522141826,167438,65
"EMETE","EME-6505TE","Australia,New Zealand",163.878,"LCD (LED)",110.08,5.519630522141826,167438,65
"EMETE","EME-6506TE","Australia,New Zealand",163.878,"LCD (LED)",110.08,5.519630522141826,167438,65
"EMETE","EME-6507TE","Australia,New Zealand",163.878,"LCD (LED)",110.08,5.519630522141826,167438,65
"EMETE","EME-6508TE","Australia,New Zealand",163.878,"LCD (LED)",110.08,5.519630522141826,167438,65
"EMETE","EME-6509TE","Australia,New Zealand",163.878,"LCD (LED)",110.08,5.519630522141826,167438,65
"EMETE","EME-6510TE","Australia,New Zealand",163.878,"LCD (LED)",110.08,5.519630522141826,167438,65
"EMETE","EME-7501TE","Australia,New Zealand",189.275,"LCD (LED)",175.6,4.733025430966904,167439,75
"EMETE","EME-7502TE","Australia,New Zealand",189.275,"LCD (LED)",175.6,4.733025430966904,167439,75
"EMETE","EME-7503TE","Australia,New Zealand",189.275,"LCD (LED)",175.6,4.733025430966904,167439,75
"EMETE","EME-7504TE","Australia,New Zealand",189.275,"LCD (LED)",175.6,4.733025430966904,167439,75
"EMETE","EME-7505TE","Australia,New Zealand",189.275,"LCD (LED)",175.6,4.733025430966904,167439,75
"EMETE","EME-7506TE","Australia,New Zealand",189.275,"LCD (LED)",175.6,4.733025430966904,167439,75
"EMETE","EME-7507TE","Australia,New Zealand",189.275,"LCD (LED)",175.6,4.733025430966904,167439,75
"EMETE","EME-7508TE","Australia,New Zealand",189.275,"LCD (LED)",175.6,4.733025430966904,167439,75
"EMETE","EME-7509TE","Australia,New Zealand",189.275,"LCD (LED)",175.6,4.733025430966904,167439,75
"EMETE","EME-7510TE","Australia,New Zealand",189.275,"LCD (LED)",175.6,4.733025430966904,167439,75
"EMETE","EME-8501TE","Australia,New Zealand",214.783,"LCD (LED)",199.69,5.241160861305282,167440,85
"EMETE","EME-8502TE","Australia,New Zealand",214.783,"LCD (LED)",199.69,5.241160861305282,167440,85
"EMETE","EME-8503TE","Australia,New Zealand",214.783,"LCD (LED)",199.69,5.241160861305282,167440,85
"EMETE","EME-8504TE","Australia,New Zealand",214.783,"LCD (LED)",199.69,5.241160861305282,167440,85
"EMETE","EME-8505TE","Australia,New Zealand",214.783,"LCD (LED)",199.69,5.241160861305282,167440,85
"EMETE","EME-8506TE","Australia,New Zealand",214.783,"LCD (LED)",199.69,5.241160861305282,167440,85
"EMETE","EME-8507TE","Australia,New Zealand",214.783,"LCD (LED)",199.69,5.241160861305282,167440,85
"EMETE","EME-8508TE","Australia,New Zealand",214.783,"LCD (LED)",199.69,5.241160861305282,167440,85
"EMETE","EME-8509TE","Australia,New Zealand",214.783,"LCD (LED)",199.69,5.241160861305282,167440,85
"EMETE","EME-8510TE","Australia,New Zealand",214.783,"LCD (LED)",199.69,5.241160861305282,167440,85
"FURRION","FDFD24D3D","Australia,Fiji,New Zealand",60.47,"LCD (LED)",28.58,4.050316322792688,144145,24
"FURRION","FDFD24D4D","Australia,Fiji,New Zealand",60.47,"LCD",31.98,3.536463658690008,149339,24
"FURRION","FDFD24D4D-H2","Australia,Fiji,New Zealand",60.47,"LCD (LED)",25.58,4.536463658690008,154681,24
"FFALCON","FF32RS52","Australia,Fiji,New Zealand",79.967,"LCD (LED)",24.1,6.266019008845879,152296,31
"FFALCON","FF32S53","Australia,Fiji,New Zealand",79.967,"LCD (LED)",27,5.793854274363063,155398,31
"FFALCON","FF32S55","Australia,Fiji,New Zealand",79.967,"LCD (LED)",25.4,5.04521473860549,169403,31
"FFALCON","FF32S55A","Australia,Fiji,New Zealand",79.967,"LCD (LED)",25.4,5.04521473860549,180276,31
"FFALCON","FF40RS52","Australia,Fiji,New Zealand",100.305,"LCD (LED)",35.1,6.235220811119447,152964,39
"FFALCON","FF40S53","Australia,Fiji,New Zealand",100.305,"LCD (LED)",35.6,5.235220811119446,155399,39
"FFALCON","FF40S55","Australia,Fiji,New Zealand",100.305,"LCD (LED)",30.3,6.361466345891943,169404,39
"FFALCON","FF40S55A","Australia,Fiji,New Zealand",100.305,"LCD (LED)",30.3,6.361466345891943,180275,39
"FFALCON","FF43U63","Australia,Fiji,New Zealand",107.95,"LCD (LED)",43.6,5.892563741667072,155956,42
"FFALCON","FF43U64","Australia,Fiji,New Zealand",107.95,"LCD (LED)",41.8,6.098642353264821,159848,42
"FFALCON","FF43U65","Australia,Fiji,New Zealand",107.95,"LCD (LED)",42.7,5.968737022357746,168452,42
"FFALCON","FF43U65A","Australia,Fiji,New Zealand",107.95,"LCD (LED)",42.4,5.6001935544751715,176918,42
"FFALCON","FF50U63","Australia,Fiji,New Zealand",125.638,"LCD (LED)",50.3,6.49594202679958,155400,49
"FFALCON","FF50U64","Australia,Fiji,New Zealand",125.638,"LCD (LED)",49.2,6.584685919148481,159849,49
"FFALCON","FF50U65","Australia,Fiji,New Zealand",125.638,"LCD (LED)",50,6.474027948326812,168453,49
"FFALCON","FF50U65A","Australia,Fiji,New Zealand",125.638,"LCD (LED)",50,6.474027948326812,176920,49
"FFALCON","FF55U63","Australia,Fiji,New Zealand",138.711,"LCD (LED)",53,6.395167775876558,155401,55
"FFALCON","FF55U64","Australia,Fiji,New Zealand",138.711,"LCD (LED)",58.4,6.578108283365271,159850,55
"FFALCON","FF55U65","Australia,Fiji,New Zealand",138.711,"LCD (LED)",64.3,6.202200113549564,168454,55
"FFALCON","FF55U65A","Australia,Fiji,New Zealand",138.711,"LCD (LED)",49.6,6.219403282919941,176921,55
"FFALCON","FF65U63","Australia,Fiji,New Zealand",163.829,"LCD (LED)",73.5,6.582378628467457,155953,64
"FFALCON","FF65U64","Australia,Fiji,New Zealand",163.829,"LCD (LED)",77.6,6.277763132362473,159851,64
"FFALCON","FF65U65","Australia,Fiji,New Zealand",163.829,"LCD (LED)",77.1,6.679352863107162,168455,64
"FFALCON","FF65U65A","Australia,Fiji,New Zealand",163.829,"LCD (LED)",56.2,6.968577090101265,176895,64
"FFALCON","FF75U63","Australia,Fiji,New Zealand",189.306,"LCD (LED)",123.8,5.910030969707462,155955,75
"FFALCON","FF75U64","Australia,Fiji,New Zealand",189.306,"LCD (LED)",111.2,6.283698989455167,159853,75
"FFALCON","FF75U65","Australia,Fiji,New Zealand",189.306,"LCD (LED)",97.2,6.910030969707463,168456,75
"FFALCON","FF75U65A","Australia,Fiji,New Zealand",189.306,"LCD (LED)",96.8,6.910030969707463,176925,75
"SONIQ","G65UV50A","Australia,Fiji,New Zealand",163.896,"LCD",92.076,6.4118221171542435,165429,65
"DIGITECH","GH5200","Australia,New Zealand",60.444,"LCD",21.64,5.292813831252921,172062,24
"DIGITECH","GH5202","Australia,New Zealand",79.578,"LCD",35.04,4.97181885901643,172061,31
"DIGITECH","GH5204","Australia,New Zealand",47.257,"LCD",14.89,5.573990745760903,172201,19
"DIGITECH","GH5220","Australia,New Zealand",47.257,"LCD",21.71,3.9199099454712223,172202,19
"DIGITECH","GH5222","Australia,New Zealand",60.406,"LCD",25.17,4.630331973234725,172203,24
"DIGITECH","GH5224","Australia,New Zealand",79.578,"LCD",24.52,6.521251371720755,172204,31
"DIGITECH","GH5226","Australia,New Zealand",60.444,"LCD",21.64,5.292813831252921,172062,24
"DIGITECH","GH5228","Australia,New Zealand",79.578,"LCD",35.04,4.97181885901643,172061,31
"DIGITECH","GH5230","Australia,New Zealand",60.406,"LCD",25.17,4.630331973234725,172203,24
"ARK","H24","New Zealand",59.736,"LCD",14,7.1315097403651855,148739,24
"HYUNDAI","H50UHDQLDZEN","Australia,Fiji,New Zealand",125.731,"LCD (LED)",58.81,6.224906673553365,166797,50
"HYUNDAI","H55UHDMLDGTV","Australia",138.798,"LCD (LED)",92.2,4.533974058879906,164907,55
"HYUNDAI","H55UHDQLDZEN","Australia,Fiji,New Zealand",138.783,"LCD (LED)",71.5,6.17246824819191,166798,55
"HYUNDAI","H65UHDMLDGTV","Australia,Fiji,New Zealand",163.829,"LCD (LED)",149.6,4.045233878084586,165159,64
"HYUNDAI","H65UHDQLDZEN","Australia,Fiji,New Zealand",163.896,"LCD (LED)",92,6.43826125058401,166799,65
"HYUNDAI","H75UHDQLDZEN","Australia,Fiji,New Zealand",189.34,"LCD (LED)",122.94,6.374071835005367,170862,75
"SAMSUNG","HG24F800FAW","Australia,Fiji,New Zealand",60.446,"LCD (LED)",21,5.351487569550856,173212,24
"SAMSUNG","HG32F800FAW","Australia,Fiji,New Zealand",80.008,"LCD (LED)",32,5.408184154225782,176862,31
"SAMSUNG ELECTRONICS","HG43AJ690YK","Australia,Fiji,New Zealand",107.987,"LCD (LED)",69,4.285387548332183,142402,43
"SAMSUNG ELECTRONICS","HG43AU800AW","Australia,Fiji,New Zealand",107.987,"LCD (LED)",68,4.356241516253395,144231,43
"SAMSUNG ELECTRONICS","HG43BU800AW","Australia,Fiji,New Zealand",107.987,"LCD (LED)",73,4.029236682652612,147021,43
"SAMSUNG ELECTRONICS","HG43CU700AW","Australia,Fiji,New Zealand",107.987,"LCD (LED)",70,4.2156364107821895,157291,43
"SAMSUNG ELECTRONICS","HG43Q60BAAW","Australia,Fiji,New Zealand",107.987,"LCD (LED)",70,4.2156364107821895,148158,43
"SAMSUNG","HG43U700FAW","Australia,Fiji,New Zealand",107.987,"LCD (LED)",58,5.050032172951,171058,43
"SAMSUNG","HG43U800FAW","Australia,Fiji,New Zealand",107.986,"LCD (LED)",66,4.482955455249254,169599,43
"SAMSUNG ELECTRONICS","HG50AJ690YK","Australia,Fiji,New Zealand",125.727,"LCD (LED)",85,4.5831222380335825,142408,49
"SAMSUNG ELECTRONICS","HG50AU800AW","Australia,Fiji,New Zealand",125.727,"LCD (LED)",79,4.909727792796122,144232,49
"SAMSUNG ELECTRONICS","HG50BU800AW","Australia,Fiji,New Zealand",125.727,"LCD (LED)",94,4.13392447306466,147005,49
"SAMSUNG ELECTRONICS","HG50CU700AW","Australia,Fiji,New Zealand",125.727,"LCD (LED)",80,4.8485470457482105,157176,49
"SAMSUNG ELECTRONICS","HG50Q60BAAW","Australia,Fiji,New Zealand",125.727,"LCD (LED)",80,4.8485470457482105,148160,49
"SAMSUNG","HG50U700FAW","Australia,Fiji,New Zealand",125.727,"LCD (LED)",66,5.699152541308105,171065,49
"SAMSUNG","HG50U800FAW","Australia,Fiji,New Zealand",125.727,"LCD (LED)",73,5.245392022087018,169600,49
"SAMSUNG ELECTRONICS","HG55AJ690YK","Australia,Fiji,New Zealand",138.783,"LCD (LED)",91,5.088069894655924,142403,55
"SAMSUNG ELECTRONICS","HG55AU800AW","Australia,Fiji,New Zealand",138.783,"LCD (LED)",86,5.33557316160007,144269,55
"SAMSUNG ELECTRONICS","HG55BU800AW","Australia,Fiji,New Zealand",138.783,"LCD (LED)",113,4.1175971780535745,147006,55
"SAMSUNG ELECTRONICS","HG55CU700AW","Australia,Fiji,New Zealand",138.783,"LCD (LED)",81,5.597548917306669,157177,55
"SAMSUNG ELECTRONICS","HG55Q60BAAW","Australia,Fiji,New Zealand",138.783,"LCD (LED)",87,5.279379069595689,148162,55
"SAMSUNG","HG55U700FAW","Australia,Fiji,New Zealand",138.783,"LCD (LED)",68,6.381755466087895,171085,55
"SAMSUNG","HG55U800FAW","Australia,Fiji,New Zealand",138.783,"LCD (LED)",81,5.597548917306669,169602,55
"SAMSUNG ELECTRONICS","HG65AJ690YK","Australia,Fiji,New Zealand",163.897,"LCD (LED)",116,5.401243988893101,142409,65
"SAMSUNG ELECTRONICS","HG65AU800AW","Australia,Fiji,New Zealand",163.897,"LCD (LED)",114,5.475494068044627,144270,65
"SAMSUNG ELECTRONICS","HG65BU800AW","Australia,Fiji,New Zealand",163.897,"LCD (LED)",119,5.286995341885052,147023,65
"SAMSUNG ELECTRONICS","HG65CU700AW","Australia,Fiji,New Zealand",163.897,"LCD (LED)",126,5.027996779523445,157297,65
"SAMSUNG ELECTRONICS","HG65Q60BAAW","Australia,Fiji,New Zealand",163.897,"LCD (LED)",117,5.359361253034525,148163,65
"SAMSUNG","HG65U700FAW","Australia,Fiji,New Zealand",163.897,"LCD (LED)",95,6.281870790019923,171086,65
"SAMSUNG","HG65U800FAW","Australia,Fiji,New Zealand",163.897,"LCD (LED)",103,5.925136077633466,169605,65
"SAMSUNG ELECTRONICS","HG75AJ690YK","Australia,Fiji,New Zealand",189.333,"LCD (LED)",154,5.363765317705205,142410,75
"SAMSUNG ELECTRONICS","HG75AU800AW","Australia,Fiji,New Zealand",189.338,"LCD (LED)",157,5.277816565063631,144271,75
"SAMSUNG ELECTRONICS","HG75BU800AW","Australia,Fiji,New Zealand",189.338,"LCD (LED)",157,5.277816565063631,147053,75
"SAMSUNG ELECTRONICS","HG75CU700AW","Australia,Fiji,New Zealand",189.338,"LCD (LED)",143,5.69328632683023,157446,75
"SAMSUNG ELECTRONICS","HG75Q60BAAW","Australia,Fiji,New Zealand",189.338,"LCD (LED)",183,4.593676354079774,148164,75
"SAMSUNG","HG75U700FAW","Australia,Fiji,New Zealand",189.338,"LCD (LED)",118,6.546341355174655,171087,75
"SAMSUNG","HG75U800FAW","Australia,Fiji,New Zealand",189.338,"LCD (LED)",140,5.788180384990315,169604,75
"SAMSUNG","HG85U800FAW","Australia,Fiji,New Zealand",214.783,"LCD (LED)",164,6.166093442479324,169625,85
"ILUMA","ILU-SMARTTV24-DVD","Australia,New Zealand",60.493,"LCD",30.28,3.8510476715487516,149456,24
"ILUMA","ILU-SMARTTV24-DVD, VK2401D, VK2402D, VK2403D, VK2404D, VK2405D","Australia,New Zealand",60.493,"LCD",30.28,3.8510476715487516,149456,24
"ILUMA","ILU-SMARTTV32-DVD","Australia,New Zealand",80.376,"LCD",32.18,5.483988771987925,149571,32
"ILUMA","ILU-SMARTTV32-DVD, VK3201D, VK3202D; VK3203D, VK3204D, VK3205D","Australia,New Zealand",80.376,"LCD",32.18,5.483988771987925,149571,32
"LOEWE","Inspire 48 OLED","Australia",120.664,"OLED",61,5.7272967610449665,172437,48
"LOEWE","Inspire 55 OLED","Australia",138.711,"OLED",76.5,5.871317766395888,172438,55
"LOEWE","Inspire 65 OLED","Australia",163.965,"OLED",98,6.159730989517401,172439,65
"JVC","JV55ID7A2022Q","New Zealand",138.798,"LCD (LED)",100.2,4.292298502011051,148264,55
"JVC","JV65ID7A2021QN","New Zealand",163.878,"LCD (LED)",160,3.6489006861400743,143415,65
"JVC","JV100A5D","New Zealand",252.79,"LCD (LED)",295.9,4.526346449700096,160729,100
"JVC","JV5524M","New Zealand",138.783,"LCD (LED)",65.9,6.054750632487112,165650,55
"JVC","JV6524M","New Zealand",163.897,"LCD (LED)",97.7,5.1556252552474255,165651,65
"JVC","JVG3B5022Q","New Zealand",125.812,"LCD (LED)",74.7,4.513908184574289,149762,50
"JVC","JVG3B5522Q","New Zealand",138.526,"LCD (LED)",73.9,5.562529542658195,149766,55
"JVC","JVG3B5523Q","New Zealand",138.711,"LCD (LED)",76.8,5.518750857743906,163852,55
"JVC","JVG3B6522Q","New Zealand",163.829,"LCD",114.8,5.053020882854866,149770,64
"JVC","JVG3B7522Q","New Zealand",189.344,"LCD (LED)",175.4,4.732242536302513,149774,75
"JVC","JVG4F5025","New Zealand",125.727,"LCD (LED)",54.9,5.50154288776659,170567,49
"JVC","JVG4F5525","New Zealand",138.783,"LCD (LED)",63.9,5.52322847238293,170569,55
"JVC","JVG4F6525","New Zealand",163.897,"LCD (LED)",107.6,5.518481640999099,170687,65
"JVC","JVG4F7525","New Zealand",189.338,"LCD (LED)",137.2,5.567040792057734,172180,75
"JVC","JVG518622Q","New Zealand",217.24,"LCD (LED)",237.5,4.07789184606401,149776,86
"JVC","JVG518623Q","New Zealand",217.24,"LCD (LED)",212,4.904106439037617,158312,86
"EKO","K32DVD","Australia",80.043,"LCD",35.2,5.017184873170333,148284,32
"EKO","K32FSG11","Australia",79.831,"LCD",31.814,5.03098766900437,146846,31
"EKO","K32HST","Australia,Fiji,New Zealand",80.039,"LCD",30.1,5.718939505764904,181975,32
"EKO","K32HSTQ","Australia,Fiji,New Zealand",80.039,"LCD (LED)",31,5.0167187257265855,165432,32
"EKO","K32HSTQ12V","Australia,Fiji,New Zealand",80.039,"LCD (LED)",32.52,5.016707910976807,181583,32
"EKO","K32HSW","Australia,Fiji,New Zealand",80.039,"LCD (LED)",48.19,3.5926914137508845,153525,32
"EKO","K32HSW2","Australia,Fiji,New Zealand",80.039,"LCD (LED)",34.8,5.0167187257265855,158914,32
"EKO","K32HSWV12","Australia,Fiji,New Zealand",80.039,"LCD (LED)",35.3,5.0167187257265855,166155,32
"EKO","K40FST","Australia,Fiji,New Zealand",100.332,"LCD (LED)",43.2,5.574444892258945,172319,40
"EKO","K40FSTQ","Australia,Fiji,New Zealand",100.332,"LCD (LED)",43.2,5.574444892258945,172319,40
"EKO","K40FSW","Australia,Fiji,New Zealand",100.353,"LCD (LED)",48.68,5.243148836529163,152717,40
"EKO","K42FST","Australia,Fiji,New Zealand",105.422,"LCD (LED)",55,5.026256218529832,165872,42
"EKO","K42FSW2","Australia,Fiji",105.415,"LCD",70.2,3.955295133705826,151749,42
"EKO","K42FSW3","Australia,Fiji,New Zealand",105.422,"LCD",53.12,5.004342140057064,159305,42
"EKO","K43FSG11","Australia,Fiji,New Zealand",107.953,"LCD (LED)",53.5,5.110651021546228,152294,43
"EKO","K43FST","Australia,Fiji,New Zealand",108.593,"LCD (LED)",50,5.805026808133116,170724,43
"EKO","K45FSW","Australia",116.809,"LCD",66.49,5.087619010444134,142458,46
"EKO","K49FST","Australia,Fiji,New Zealand",125.731,"LCD (LED)",47.9,6.082627418214837,166640,50
"EKO","K50***","Australia,Fiji,New Zealand",125.731,"LCD (LED)",76.8,5.0190601095993035,165788,50
"EKO","K50FST","Australia,Fiji,New Zealand",125.731,"LCD (LED)",55.52,6.003308177326366,175210,50
"EKO","K50UST","Australia,Fiji,New Zealand",125.731,"LCD (LED)",76.8,5.0190601095993035,165788,50
"EKO","K50USTQ","Australia,Fiji,New Zealand",125.731,"LCD (LED)",76.8,5.0190601095993035,165788,50
"EKO","K50USW2","Australia,Fiji,New Zealand",125.731,"LCD (LED)",78.5,4.346316418754582,152799,50
"EKO","K50USW3","Australia,Fiji,New Zealand",125.731,"LCD (LED)",69.5,5.0190601095993035,167720,50
"EKO","K55DVAQ","Australia",138.613,"LCD",76.044,4.506588374804526,146844,55
"EKO","K55OLED","Australia,Fiji,New Zealand",138.847,"OLED",74.74,5.977526543341521,152722,55
"EKO","K55USTW","Australia,Fiji,New Zealand",138.783,"LCD",82,5.552808910591775,172870,55
"EKO","K55USTWQ","Australia,Fiji,New Zealand",138.783,"LCD",92.1,5.034877339973175,165765,55
"EKO","K55USW","Australia,Fiji,New Zealand",138.783,"LCD (LED)",96.1,4.716007447308886,153054,55
"EKO","K55USW2","Australia,Fiji,New Zealand",138.783,"LCD",82.242,5.567672672535419,156874,55
"EKO","K55USW3","Australia,Fiji,New Zealand",138.783,"LCD (LED)",102,4.53503722787905,164639,55
"EKO","K55USWQ","Australia,Fiji,New Zealand",138.783,"LCD (LED)",117.3,3.570651350024759,153945,55
"EKO","K55USWQ2","Australia,Fiji,New Zealand",138.783,"LCD",102.7,4.546877182237033,156804,55
"EKO","K58USG","Australia",146.059,"LCD (LED)",126,4.0632890123612855,146866,58
"EKO","K65DVAQ","Australia",163.644,"LCD",198,3.0007306870974766,146941,64
"EKO","K65USTW","Australia,Fiji,New Zealand",163.896,"LCD",100.8,6.008726279819099,173894,65
"EKO","K65USTWQ","Australia,Fiji,New Zealand",163.896,"LCD (LED)",104.98,5.50774202403524,182063,65
"EKO","K65USW","Australia,Fiji,New Zealand",163.897,"LCD (LED)",154.08,4.01060819074902,153057,65
"EKO","K65USW2","Australia,Fiji,New Zealand",163.896,"LCD",111.438,5.605759980143996,156876,65
"EKO","K65USW3","Australia,Fiji,New Zealand",165.366,"LCD",120,5.099926865732628,163530,65
"EKO","K65USWQ2","Australia,Fiji,New Zealand",163.897,"LCD (LED)",113.9,5.037686340309588,153944,65
"EKO","K70USTW","Australia,Fiji,New Zealand",176.538,"LCD",142.28,5.1409897508048665,181235,70
"EKO","K70USW","Australia",176.538,"LCD",171.7,4.298248697364598,149838,70
"EKO","K70USW2","Australia,Fiji,New Zealand",176.538,"LCD",145.2,5.055950764254519,155332,70
"EKO","K70USW3","Australia,Fiji,New Zealand",176.57,"LCD (LED)",182.3,2.8721265607586197,164862,70
"EKO","K75QHZ","Australia",189.34,"LCD",227.32,3.6298065505640733,143238,75
"EKO","K75USTW","Australia,Fiji,New Zealand",189.34,"LCD (LED)",100.3,7.002391582031315,174225,75
"EKO","K75USW","Australia",189.34,"LCD",228.91,3.586921820264716,149014,75
"EKO","K75USW2","Australia,Fiji,New Zealand",189.34,"LCD (LED)",186.3,4.5207253416601745,157581,75
"EKO","K75USWW","Australia,Fiji,New Zealand",189.34,"LCD",162.1,5.094795270514794,162967,75
"EKO","K240HAT","Australia,Fiji,New Zealand",59.796,"LCD (LED)",18.72,5.173357206775349,156319,24
"EKO","K240HGT","Australia,Fiji,New Zealand",59.774,"LCD",20.94,5.395247284012249,156077,24
"EKO","K240HSG","Australia,Fiji,New Zealand",59.774,"LCD",20.8,5.395247284012249,155641,24
"EKO","K320****","Australia,Fiji,New Zealand",79.831,"LCD",34.296,5.03098766900437,155853,31
"EKO","K320FGTQ","Australia,Fiji,New Zealand",79.831,"LCD",34.296,5.03098766900437,155853,31
"EKO","K320HAT","Australia,Fiji,New Zealand",79.994,"LCD (LED)",28.86,5.048057871940883,156316,31
"EKO","K320HATTA","Australia,Fiji,New Zealand",80.039,"LCD (LED)",24.687,5.051045905816841,157113,32
"EKO","K320HGPB","Australia,Fiji,New Zealand",80.054,"LCD (LED)",32.4,5.154958966766685,168020,32
"EKO","K320HGT","Australia,Fiji,New Zealand",80.039,"LCD",29.6,5.051048463058364,162653,32
"EKO","K320HGT12V","Australia,Fiji,New Zealand",80.054,"LCD (LED)",31.784,5.050329620054731,174073,32
"EKO","K320HGTLB","Australia,Fiji,New Zealand",79.831,"LCD",34.296,5.03098766900437,155853,31
"EKO","K320HGTLW","Australia,Fiji,New Zealand",79.831,"LCD",34.296,5.03098766900437,155853,31
"EKO","K320HSG","Australia",80.139,"LCD",31.9,5.532205229661681,148837,32
"EKO","K400DVD","Australia,Fiji,New Zealand",100.332,"LCD",47.02,5.364749558330739,149933,40
"EKO","K400FAT","Australia,Fiji,New Zealand",100.332,"LCD (LED)",40,5.601360409309915,163784,40
"EKO","K400FGT","Australia,Fiji,New Zealand",100.332,"LCD (LED)",46.5216,5.164429277262144,157771,40
"EKO","K400FGTQ","Australia,Fiji,New Zealand",100.791,"LCD",50.5,5.118073049588307,155646,40
"EKO","K400FSG","Australia,Fiji,New Zealand",100.36,"LCD (LED)",54.48,4.550480363705366,156044,40
"EKO","K420FAT","Australia,Fiji,New Zealand",105.421,"LCD (LED)",53.38,4.297937918289465,158097,42
"EKO","K420FSG","Australia,Fiji,New Zealand",105.348,"LCD",48.96,5.597196157966405,153313,41
"EKO","K430FGT","Australia,Fiji,New Zealand",108.135,"LCD",45.012,5.479867364841652,171415,43
"EKO","K430FGTQ","Australia,Fiji,New Zealand",108.135,"LCD",45.012,5.479867364841652,166809,43
"EKO","K430USGQ","Australia",107.987,"LCD",51.49,5.580525627381117,143237,43
"EKO","K500UAT","Australia,Fiji,New Zealand",125.731,"LCD (LED)",91.8,3.702306229708963,158218,50
"EKO","K500UGT","Australia,Fiji,New Zealand",125.731,"LCD (LED)",76.8,5.0190601095993035,165788,50
"EKO","K500UGTQ","Australia,Fiji,New Zealand",125.638,"LCD",96.612,3.7556918786576565,166537,49
"EKO","K500USG","Australia",125.731,"LCD",86.21,4.305760303793525,152081,50
"EKO","K550UAT","Australia,Fiji,New Zealand",138.798,"LCD",110.12,4.247706889147649,156534,55
"EKO","K550UATW","Australia,Fiji,New Zealand",138.798,"LCD",110.12,4.247706889147649,156534,55
"EKO","K550UGT","Australia,Fiji,New Zealand",138.798,"LCD",94.96,4.903531155172063,156535,55
"EKO","K550UGT2","Australia,Fiji,New Zealand",138.783,"LCD",88.8,5.02167727117258,163494,55
"EKO","K550UGTQ","Australia,Fiji,New Zealand",138.798,"LCD",87.96,4.903531155172063,166520,55
"EKO","K550USG","Australia",138.783,"LCD",91.788,4.840846163637017,152075,55
"EKO","K650UAT","Australia,Fiji,New Zealand",163.878,"LCD",147.21,4.339714643878866,156532,65
"EKO","K650UATW","Australia,Fiji,New Zealand",163.878,"LCD",147.21,4.339714643878866,156532,65
"EKO","K650UGT","Australia,New Zealand",163.896,"LCD (LED)",143.934,4.223907358866596,159420,65
"EKO","K650UGT2","Australia,Fiji,New Zealand",163.829,"LCD",94.65,4.014220466297351,166773,64
"EKO","K650UGT2Q","Australia,Fiji,New Zealand",163.829,"LCD",94.65,4.014220466297351,166773,64
"EKO","K650UGT**","Australia,Fiji,New Zealand",163.829,"LCD",94.65,4.014220466297351,166773,64
"EKO","K650UGTQ","Australia,Fiji,New Zealand",163.954,"LCD",234.49,2.2600521183951523,154241,65
"EKO","K650USG","Australia",163.896,"LCD",143.934,4.223907358866596,152060,65
"EKO","K650USGQ2","Australia,Fiji,New Zealand",163.954,"LCD",234.49,2.2600521183951523,154241,65
"EKO","K700UATW","Australia,Fiji,New Zealand",176.539,"LCD",153.11,4.819594333692885,165324,70
"EKO","K700UGT","Australia,Fiji,New Zealand",176.539,"LCD",161.454,4.578557884086625,159529,70
"EKO","K700UGT2","Australia,Fiji,New Zealand",176.538,"LCD",142.1,5.072829956027233,162968,70
"EKO","K700USG","Australia",176.538,"LCD",189.9,3.858208975844934,149839,70
"EKO","K750UATW","Australia,Fiji,New Zealand",189.306,"LCD",195.75,4.045422807070926,174262,75
"EKO","K750UGT","Australia,Fiji,New Zealand",189.306,"LCD",204.81,3.742547514126096,159526,75
"EKO","K750UGT2","Australia,Fiji,New Zealand",189.34,"LCD",163.1,5.020720524218696,162964,75
"EKO","K750UGTWQ","Australia,Fiji,New Zealand",189.306,"LCD",204.81,3.742547514126096,166440,75
"EKO","K750USG","Australia",189.34,"LCD",259.3,3.040157613752783,149830,75
"SONY","K-43S20M2","Australia,New Zealand",107.95,"LCD (LED)",57,5.067119924693827,174318,42
"SONY","K-43S30","Australia,New Zealand",107.95,"LCD (LED)",63.2,4.628587018735154,158508,42
"SONY","K-43XR30M2","New Zealand",107.987,"LCD (LED)",66.2,4.428233749097203,176233,43
"SONY","K-48A60","Australia,New Zealand",120.713,"OLED",71.4,4.9671194636148535,179327,48
"SONY","K-50S20M2","Australia,New Zealand",125.725,"LCD (LED)",65.8,5.660674594560302,174319,49
"SONY","K-50S30","Australia,New Zealand",125.725,"LCD (LED)",83.3,4.6243875937263965,157958,49
"SONY","K-50XR30M2","Australia,New Zealand",125.566,"LCD (LED)",85.5,4.501636875483734,176236,49
"SONY","K-50XR70M2","Australia,New Zealand",125.725,"LCD (LED)",105.8,3.5726451573931013,176269,49
"SONY","K-55A60","Australia,New Zealand",138.798,"OLED",78.4,5.702649565199762,179759,55
"SONY","K-55S20M2","Australia,New Zealand",138.798,"LCD (LED)",83.6,5.420144829841371,174325,55
"SONY","K-55S30","Australia,New Zealand",138.798,"LCD (LED)",119,3.8651735448120057,159153,55
"SONY","K-55XR30M2","Australia,New Zealand",138.783,"LCD (LED)",100.4,4.618581433837434,176238,55
"SONY","K-55XR50","Australia,New Zealand",138.798,"LCD (LED)",111.8,4.1381312562415715,166434,55
"SONY","K-55XR70","Australia,New Zealand",138.798,"LCD (LED)",148,2.889684563715858,158329,55
"SONY","K-55XR70M2","Australia,New Zealand",138.798,"LCD (LED)",105.9,4.382835321016284,176268,55
"SONY","K-55XR80","Australia,New Zealand",138.798,"OLED",100,4.617518264838292,159896,55
"SONY","K-55XR80M2","Australia,New Zealand",138.798,"OLED",91.6,5.007452800150534,165774,55
"SONY","K-65A60","Australia,New Zealand",163.878,"OLED",98.8,6.082699390094055,179761,65
"SONY","K-65S20M2","Australia,New Zealand",163.878,"LCD (LED)",109.8,5.606862865059476,174327,65
"SONY","K-65S30","Australia,New Zealand",163.878,"LCD (LED)",140,4.534774123722858,159152,65
"SONY","K-65XR30M2","Australia,New Zealand",163.897,"LCD (LED)",130.2,4.8570744481591746,176261,65
"SONY","K-65XR50","Australia,New Zealand",163.878,"LCD (LED)",150.7,4.20886096462041,166435,65
"SONY","K-65XR70","Australia,New Zealand",163.878,"LCD (LED)",171.9,3.6205371729918245,158330,65
"SONY","K-65XR70M2","Australia,New Zealand",163.878,"LCD (LED)",129.4,4.895646679285525,176267,65
"SONY","K-65XR80","Australia,New Zealand",163.878,"OLED",117.9,5.288144223027779,159898,65
"SONY","K-65XR80M2","Australia,New Zealand",163.878,"OLED",102.9,5.902698482656776,165775,65
"SONY","K-65XR90M2","Australia,New Zealand",163.878,"LCD (LED)",151.4,4.184745641220633,176385,65
"SONY","K-75S20M2","Australia,New Zealand",189.306,"LCD (LED)",133,5.991431353096066,174328,75
"SONY","K-75S30","Australia,New Zealand",189.306,"LCD (LED)",179.2,4.665846519997129,159287,75
"SONY","K-75XR30M2","Australia,New Zealand",189.338,"LCD (LED)",172,4.8549373875452435,176262,75
"SONY","K-75XR50","Australia,New Zealand",189.306,"LCD (LED)",195.4,4.28214050565656,166818,75
"SONY","K-75XR70","Australia,New Zealand",189.306,"LCD (LED)",200.3,4.171330516648757,158722,75
"SONY","K-75XR70M2","Australia,New Zealand",189.306,"LCD (LED)",140.5,5.742892889650735,177005,75
"SONY","K-75XR90","Australia,New Zealand",189.306,"LCD (LED)",238.4,3.386818930206902,159318,75
"SONY","K-75XR90M2","Australia,New Zealand",189.306,"LCD (LED)",181.2,4.611852853385589,176648,75
"SONY","K-77A60","Australia,New Zealand",194.726,"OLED",119.1,6.726470249064653,179762,77
"SONY","K-77XR80","Australia,New Zealand",194.726,"OLED",152.2,5.629745196783028,159933,77
"SONY","K-83A60","Australia,New Zealand",209.636,"OLED",131,6.934705686399479,180681,83
"SONY","K-85S30","Australia,New Zealand",214.783,"LCD (LED)",229.8,4.646537174546252,159289,85
"SONY","K-85XR30M2","Australia,New Zealand",214.783,"LCD (LED)",166.9,6.070348697126533,176263,85
"SONY","K-85XR50","Australia,New Zealand",214.783,"LCD (LED)",216.9,4.908619355377953,166824,85
"SONY","K-85XR70","Australia,New Zealand",214.783,"LCD (LED)",227.9,4.683815988234116,158724,85
"SONY","K-85XR70M2","Australia,New Zealand",214.783,"LCD (LED)",197.9,5.308276644402545,177010,85
"SONY","K-85XR90","Australia,New Zealand",214.783,"LCD (LED)",272.5,3.8828285516263286,159315,85
"SONY","K-85XR90M2","Australia,New Zealand",214.783,"LCD (LED)",228.1,4.678471419779866,176649,85
"SONY","K-98XR50","Australia,New Zealand",247.691,"LCD (LED)",356.4,3.9339256901459634,167174,98
"SONY","K-98XR70M2","Australia,New Zealand",247.691,"LCD (LED)",217,6.141543653942338,177516,98
"SONY","K-100XR30M2","Australia,New Zealand",252.769,"LCD (LED)",191.6,6.874359862273617,176284,100
"SONY","K-115XR90M2","Australia,New Zealand",290.768,"LCD (LED)",351.3,5.4029876245966495,178572,114
"KOGAN","KAL24DH5300QA","Australia,Fiji,New Zealand",60.47,"LCD (LED)",25.23,4.536463658690008,158063,24
"KOGAN","KAL24DH5400Q*","Australia,Fiji,New Zealand",59.816,"LCD (LED)",20.83,5.014809056072118,167807,24
"KOGAN","KAL24DH5400QA","Australia,Fiji,New Zealand",59.816,"LCD (LED)",20.83,5.014809056072118,167807,24
"KOGAN","KAL24DH5400QB","Australia,Fiji,New Zealand",59.816,"LCD (LED)",20.83,5.014809056072118,167807,24
"KOGAN","KAL24DH5400QC","Australia,Fiji,New Zealand",59.816,"LCD (LED)",20.83,5.014809056072118,167807,24
"KOGAN","KAL24DH5400QD","Australia,Fiji,New Zealand",59.816,"LCD (LED)",20.83,5.014809056072118,167807,24
"KOGAN","KAL24DH5400VA","Australia,Fiji,New Zealand",59.827,"LCD (LED)",23,4.564121606088888,171844,24
"KOGAN","KAL24DH5400VA,KAL24DH5400VB,KAL24DH5400VC","Australia,Fiji,New Zealand",59.827,"LCD (LED)",23,4.564121606088888,171844,24
"KOGAN","KAL24DH5400VB","Australia,Fiji,New Zealand",59.827,"LCD (LED)",23,4.564121606088888,171844,24
"KOGAN","KAL24DH5400VC","Australia,Fiji,New Zealand",59.827,"LCD (LED)",23,4.564121606088888,171844,24
"KOGAN","KAL24R98T*","Australia,Fiji,New Zealand",59.824,"LCD (LED)",19.2,5.121511445327967,172429,24
"KOGAN","KAL24R98TA","Australia,Fiji,New Zealand",59.824,"LCD (LED)",19.2,5.121511445327967,172429,24
"KOGAN","KAL24R98TB","Australia,Fiji,New Zealand",59.824,"LCD (LED)",19.2,5.121511445327967,172429,24
"KOGAN","KAL24R98TC","Australia,Fiji,New Zealand",59.824,"LCD (LED)",19.2,5.121511445327967,172429,24
"KOGAN","KAL24R98TD","Australia,Fiji,New Zealand",59.824,"LCD (LED)",19.2,5.121511445327967,172429,24
"KOGAN","KAL24R98TE","Australia,Fiji,New Zealand",59.824,"LCD (LED)",19.2,5.121511445327967,172429,24
"KOGAN","KAL32R98T*","Australia,Fiji,New Zealand",80.039,"LCD (LED)",27.7,5.561680559205171,171497,32
"KOGAN","KAL32R98TA","Australia,Fiji,New Zealand",80.039,"LCD (LED)",27.7,5.561680559205171,171497,32
"KOGAN","KAL32R98TB","Australia,Fiji,New Zealand",80.039,"LCD (LED)",27.7,5.561680559205171,171497,32
"KOGAN","KAL32R98TC","Australia,Fiji,New Zealand",80.039,"LCD (LED)",27.7,5.561680559205171,171497,32
"KOGAN","KAL32R98TD","Australia,Fiji,New Zealand",80.039,"LCD (LED)",27.7,5.561680559205171,171497,32
"KOGAN","KAL32R98TE","Australia,Fiji,New Zealand",80.039,"LCD (LED)",27.7,5.561680559205171,171497,32
"KOGAN","KAL32R98VA","Australia,Fiji,New Zealand",79.967,"LCD (LED)",38.1,4.3445623134294555,176439,31
"KOGAN","KAL32R98VA, KAL32R98VB,KAL32R98VC","Australia,Fiji,New Zealand",79.967,"LCD (LED)",38.1,4.3445623134294555,176439,31
"KOGAN","KAL32R98VB","Australia,Fiji,New Zealand",79.967,"LCD (LED)",38.1,4.3445623134294555,176439,31
"KOGAN","KAL32R98VC","Australia,Fiji,New Zealand",79.967,"LCD (LED)",38.1,4.3445623134294555,176439,31
"KOGAN","KAL40F98T*","Australia,Fiji,New Zealand",100.332,"LCD (LED)",40.4,5.574444892258945,171080,40
"KOGAN","KAL40F98TA","Australia,Fiji,New Zealand",100.332,"LCD (LED)",40.4,5.574444892258945,171080,40
"KOGAN","KAL40F98TB","Australia,Fiji,New Zealand",100.332,"LCD (LED)",40.4,5.574444892258945,171080,40
"KOGAN","KAL40F98TC","Australia,Fiji,New Zealand",100.332,"LCD (LED)",40.4,5.574444892258945,171080,40
"KOGAN","KAL40F98TD","Australia,Fiji,New Zealand",100.332,"LCD (LED)",40.4,5.574444892258945,171080,40
"KOGAN","KAL40F98TE","Australia,Fiji,New Zealand",100.332,"LCD (LED)",40.4,5.574444892258945,171080,40
"KOGAN","KAL40F98VB","Australia,Fiji,New Zealand",100.305,"LCD (LED)",45.18,4.544406853380655,178958,39
"KOGAN","KAL43F9Q*","Australia,Fiji,New Zealand",107.953,"LCD",57.66,5.006184283739305,181840,43
"KOGAN","KAL43F9QA","Australia,Fiji,New Zealand",107.953,"LCD",57.66,5.006184283739305,181840,43
"KOGAN","KAL43F9QB","Australia,Fiji,New Zealand",107.953,"LCD",57.66,5.006184283739305,181840,43
"KOGAN","KAL43F9QC","Australia,Fiji,New Zealand",107.953,"LCD",57.66,5.006184283739305,181840,43
"KOGAN","KAL43F9QD","Australia,Fiji,New Zealand",107.953,"LCD",57.66,5.006184283739305,181840,43
"KOGAN","KAL50F9Q*","Australia,Fiji,New Zealand",125.731,"LCD",55.47,6.023006759011338,181845,50
"KOGAN","KAL50F9QA","Australia,Fiji,New Zealand",125.731,"LCD",55.47,6.023006759011338,181845,50
"KOGAN","KAL50F9QB","Australia,Fiji,New Zealand",125.731,"LCD",55.47,6.023006759011338,181845,50
"KOGAN","KAL50F9QC","Australia,Fiji,New Zealand",125.731,"LCD",55.47,6.023006759011338,181845,50
"KOGAN","KAL50F9QD","Australia,Fiji,New Zealand",125.731,"LCD",55.47,6.023006759011338,181845,50
"KOGAN","KAL50U9Q*","Australia,Fiji,New Zealand",125.731,"LCD",84.99,4.0064541375241625,181850,50
"KOGAN","KAL50U9QA","Australia,Fiji,New Zealand",125.731,"LCD",84.99,4.0064541375241625,181850,50
"KOGAN","KAL50U9QB","Australia,Fiji,New Zealand",125.731,"LCD",84.99,4.0064541375241625,181850,50
"KOGAN","KAL50U9QC","Australia,Fiji,New Zealand",125.731,"LCD",84.99,4.0064541375241625,181850,50
"KOGAN","KAL50U9QD","Australia,Fiji,New Zealand",125.731,"LCD",84.99,4.0064541375241625,181850,50
"KOGAN","KAL50U96VA","Australia,Fiji,New Zealand",125.725,"LCD (LED)",60.48,5.642494366309377,175887,49
"KOGAN","KAL50U96VA, KAL50U96V,KAL50U96VC","Australia,Fiji,New Zealand",125.725,"LCD (LED)",60.48,5.642494366309377,175887,49
"KOGAN","KAL50U96VB","Australia,Fiji,New Zealand",125.725,"LCD (LED)",60.48,5.642494366309377,175887,49
"KOGAN","KAL50U96VC","Australia,Fiji,New Zealand",125.725,"LCD (LED)",60.48,5.642494366309377,175887,49
"KOGAN","KAL55U96VA","Australia,Fiji,New Zealand",140.494,"LCD (LED)",58.7,5.214645309859157,175888,55
"KOGAN","KAL55U96VA,KAL55U96VB,KAL55U96VC","Australia,Fiji,New Zealand",140.494,"LCD (LED)",58.7,5.214645309859157,175888,55
"KOGAN","KAL55U96VB","Australia,Fiji,New Zealand",140.494,"LCD (LED)",58.7,5.214645309859157,175888,55
"KOGAN","KAL55U96VC","Australia,Fiji,New Zealand",140.494,"LCD (LED)",58.7,5.214645309859157,175888,55
"KOGAN","KAL65U9Q*","Australia,Fiji,New Zealand",163.896,"LCD",104.15,5.008726279819099,181849,65
"KOGAN","KAL65U9QA","Australia,Fiji,New Zealand",163.896,"LCD",104.15,5.008726279819099,181849,65
"KOGAN","KAL65U9QB","Australia,Fiji,New Zealand",163.896,"LCD",104.15,5.008726279819099,181849,65
"KOGAN","KAL65U9QC","Australia,Fiji,New Zealand",163.896,"LCD",104.15,5.008726279819099,181849,65
"KOGAN","KAL65U9QD","Australia,Fiji,New Zealand",163.896,"LCD",104.15,5.008726279819099,181849,65
"KOGAN","KAL65U96VA","Australia,Fiji,New Zealand",163.851,"LCD (LED)",122.82,4.62701334569581,176330,65
"KOGAN","KAL65U96VA, KAL65U96VB, KAL65U96VC","Australia,Fiji,New Zealand",163.851,"LCD (LED)",122.82,4.62701334569581,176330,65
"KOGAN","KAL65U96VB","Australia,Fiji,New Zealand",163.851,"LCD (LED)",122.82,4.62701334569581,176330,65
"KOGAN","KAL65U96VC","Australia,Fiji,New Zealand",163.851,"LCD (LED)",122.82,4.62701334569581,176330,65
"KOGAN","KAL75U96VA","Australia,Fiji,New Zealand",189.306,"LCD (LED)",130.8,5.5485690204715645,178959,75
"KOGAN","KAL75U96VB","Australia,Fiji,New Zealand",189.306,"LCD (LED)",130.8,5.5485690204715645,178959,75
"KOGAN","KAL75U96VC","Australia,Fiji,New Zealand",189.306,"LCD (LED)",130.8,5.5485690204715645,178959,75
"KOGAN","KALD24D97SNA","Australia,Fiji,New Zealand",59.824,"LCD",22,5.121511445327967,170148,24
"KOGAN","KALD24D97SNB","Australia,Fiji,New Zealand",59.824,"LCD",22,5.121511445327967,170148,24
"KOGAN","KALD24D97SNC","Australia,Fiji,New Zealand",59.824,"LCD",22,5.121511445327967,170148,24
"KOGAN","KALD24D97SND","Australia,Fiji,New Zealand",59.824,"LCD",22,5.121511445327967,170148,24
"KOGAN","KALD24DH67NA","Australia,Fiji,New Zealand",59.824,"LCD",22.3,5.121511445327967,170107,24
"KOGAN","KALD24DH67NB","Australia,Fiji,New Zealand",59.824,"LCD",22.3,5.121511445327967,170107,24
"KOGAN","KALD24DH67NC","Australia,Fiji,New Zealand",59.824,"LCD",22.3,5.121511445327967,170107,24
"KOGAN","KALD24DH67ND","Australia,Fiji,New Zealand",59.824,"LCD",22.3,5.121511445327967,170107,24
"KOGAN","KALD32D97SNA","Australia,Fiji,New Zealand",80.039,"LCD",35.2,5.016705353735284,170150,32
"KOGAN","KALD32D97SNB","Australia,Fiji,New Zealand",80.039,"LCD",35.2,5.016705353735284,170150,32
"KOGAN","KALD32D97SNC","Australia,Fiji,New Zealand",80.039,"LCD",35.2,5.016705353735284,170150,32
"KOGAN","KALD32D97SND","Australia,Fiji,New Zealand",80.039,"LCD",35.2,5.016705353735284,170150,32
"KOGAN","KALED19PRIZC","Australia,Fiji,New Zealand",47.013,"LCD (LED)",15.8694,5.065515602883841,145780,19
"KOGAN","KALED19PRIZD","Australia,Fiji,New Zealand",47.013,"LCD (LED)",15.8694,5.065515602883841,153194,19
"KOGAN","KALED19PRIZE","Australia,Fiji,New Zealand",47.013,"LCD",15.8718,5.065515602883841,161820,19
"KOGAN","KALED19PRIZF","Australia,Fiji,New Zealand",47.013,"LCD (LED)",14.76,5.521646616800624,179458,19
"KOGAN","KALED22F5Z*","Australia,Fiji,New Zealand",54.626,"LCD",25.2,3.9760647614621036,154899,22
"KOGAN","KALED22F5ZA","Australia,Fiji,New Zealand",54.626,"LCD",25.2,3.9760647614621036,154899,22
"KOGAN","KALED22F5ZB","Australia,Fiji,New Zealand",54.626,"LCD",25.2,3.9760647614621036,154899,22
"KOGAN","KALED22F5ZC","Australia,Fiji,New Zealand",54.626,"LCD",25.2,3.9760647614621036,154899,22
"KOGAN","KALED22F5ZD","Australia,Fiji,New Zealand",54.626,"LCD",25.2,3.9760647614621036,154899,22
"KOGAN","KALED24*","Australia,Fiji,New Zealand",59.827,"LCD (LED)",22.3,5.121853047308811,145811,24
"KOGAN","KALED24D95SNA","Australia,Fiji,New Zealand",59.824,"LCD",22.1,5.121511445327967,159338,24
"KOGAN","KALED24D95SNB","Australia,Fiji,New Zealand",59.824,"LCD",22.1,5.121511445327967,159338,24
"KOGAN","KALED24D95SNC","Australia,Fiji,New Zealand",59.824,"LCD",22.1,5.121511445327967,159338,24
"KOGAN","KALED24D95SND","Australia,Fiji,New Zealand",59.824,"LCD",22.1,5.121511445327967,159338,24
"KOGAN","KALED24D95SNE","Australia,Fiji,New Zealand",59.824,"LCD",22.1,5.121511445327967,159338,24
"KOGAN","KALED24D96SQA","Australia,Fiji,New Zealand",59.816,"LCD (LED)",23.98,4.516360257282469,164908,24
"KOGAN","KALED24D96SQB","Australia,Fiji,New Zealand",59.816,"LCD (LED)",23.98,4.516360257282469,164908,24
"KOGAN","KALED24D96SQC","Australia,Fiji,New Zealand",59.816,"LCD (LED)",23.98,4.516360257282469,164908,24
"KOGAN","KALED24D96SQD","Australia,Fiji,New Zealand",59.816,"LCD (LED)",23.98,4.516360257282469,164908,24
"KOGAN","KALED24DH65NA","Australia,Fiji,New Zealand",59.824,"LCD",25.3,4.563780004108044,159326,24
"KOGAN","KALED24DH65NB","Australia,Fiji,New Zealand",59.824,"LCD",25.3,4.563780004108044,159326,24
"KOGAN","KALED24DH65NC","Australia,Fiji,New Zealand",59.824,"LCD",25.3,4.563780004108044,159326,24
"KOGAN","KALED24DH65ND","Australia,Fiji,New Zealand",59.824,"LCD",25.3,4.563780004108044,159326,24
"KOGAN","KALED24DH65NE","Australia,Fiji,New Zealand",59.824,"LCD",25.3,4.563780004108044,159326,24
"KOGAN","KALED24DH5200VA","Australia,New Zealand",59.824,"LCD (LED)",17.1498,5.884900594348791,148496,24
"KOGAN","KALED24EH6300NA","Australia,Fiji,New Zealand",59.827,"LCD (LED)",22.3,5.121853047308811,145811,24
"KOGAN","KALED24EH6300NB","Australia,Fiji,New Zealand",59.827,"LCD (LED)",22.3,5.121853047308811,145811,24
"KOGAN","KALED24EH6300NC","Australia,Fiji,New Zealand",59.827,"LCD (LED)",22.3,5.121853047308811,145811,24
"KOGAN","KALED24EH6300ND","Australia,Fiji,New Zealand",59.827,"LCD (LED)",22.3,5.121853047308811,145811,24
"KOGAN","KALED24EH7520SVA","Australia,Fiji,New Zealand",59.824,"LCD (LED)",18.4,5.067844048828729,142563,24
"KOGAN","KALED24R98T*","Australia,Fiji,New Zealand",59.774,"LCD (LED)",16.2,6.076495773620495,158395,24
"KOGAN","KALED24R98TA","Australia,Fiji,New Zealand",59.774,"LCD (LED)",16.2,6.076495773620495,158395,24
"KOGAN","KALED24R98TB","Australia,Fiji,New Zealand",59.774,"LCD (LED)",16.2,6.076495773620495,158395,24
"KOGAN","KALED24R98TC","Australia,Fiji,New Zealand",59.774,"LCD (LED)",16.2,6.076495773620495,158395,24
"KOGAN","KALED24R98TD","Australia,Fiji,New Zealand",59.774,"LCD (LED)",16.2,6.076495773620495,158395,24
"KOGAN","KALED24R98TE","Australia,Fiji,New Zealand",59.774,"LCD (LED)",16.2,6.076495773620495,158395,24
"KOGAN","KALED24RH9310STA","Australia,Fiji,New Zealand",59.774,"LCD (LED)",18,6.010103150137152,145329,24
"KOGAN","KALED32D95SNA","Australia,Fiji,New Zealand",80.039,"LCD",35.2,5.0167187257265855,159490,32
"KOGAN","KALED32D95SNB","Australia,Fiji,New Zealand",80.039,"LCD",35.2,5.0167187257265855,159490,32
"KOGAN","KALED32D95SNC","Australia,Fiji,New Zealand",80.039,"LCD",35.2,5.0167187257265855,159490,32
"KOGAN","KALED32D95SND","Australia,Fiji,New Zealand",80.039,"LCD",35.2,5.0167187257265855,159490,32
"KOGAN","KALED32D95SNE","Australia,Fiji,New Zealand",80.039,"LCD",35.2,5.0167187257265855,159490,32
"KOGAN","KALED32D96SQA","Australia,Fiji,New Zealand",80.029,"LCD (LED)",31.84,5.016703576803088,164909,32
"KOGAN","KALED32D96SQB","Australia,Fiji,New Zealand",80.029,"LCD (LED)",31.84,5.016703576803088,164909,32
"KOGAN","KALED32D96SQC","Australia,Fiji,New Zealand",80.029,"LCD (LED)",31.84,5.016703576803088,164909,32
"KOGAN","KALED32D96SQD","Australia,Fiji,New Zealand",80.029,"LCD (LED)",31.84,5.016703576803088,164909,32
"KOGAN","KALED32EH7520SVA","Australia,Fiji,New Zealand",80.039,"LCD (LED)",24.61,5.799687998815937,144166,32
"KOGAN","KALED32F98 series","Australia,Fiji,New Zealand",79.967,"LCD (LED)",37.86,4.3445623134294555,164364,31
"KOGAN","KALED32F98TA","Australia,Fiji,New Zealand",79.967,"LCD (LED)",28,6.04521473860549,153980,31
"KOGAN","KALED32F98TB","Australia,Fiji,New Zealand",79.967,"LCD (LED)",28,6.04521473860549,153980,31
"KOGAN","KALED32F98TC","Australia,Fiji,New Zealand",79.967,"LCD (LED)",28,6.04521473860549,153980,31
"KOGAN","KALED32F98TD","Australia,Fiji,New Zealand",79.967,"LCD (LED)",28,6.04521473860549,153980,31
"KOGAN","KALED32F98TE","Australia,Fiji,New Zealand",79.967,"LCD (LED)",28,6.04521473860549,153980,31
"KOGAN","KALED32F98VA","Australia,Fiji,New Zealand",79.967,"LCD (LED)",37.86,4.3445623134294555,164364,31
"KOGAN","KALED32F98VB","Australia,Fiji,New Zealand",79.967,"LCD (LED)",37.86,4.3445623134294555,164364,31
"KOGAN","KALED32F98VC","Australia,Fiji,New Zealand",79.967,"LCD (LED)",37.86,4.3445623134294555,164364,31
"KOGAN","KALED32QH6200VA","Australia,New Zealand",80.039,"LCD (LED)",26.4498,5.799685441574415,148494,32
"KOGAN","KALED32R94KA","Australia,Fiji,New Zealand",80.043,"LCD (LED)",31.8,5.051525425251889,156703,32
"KOGAN","KALED32R94KB","Australia,Fiji,New Zealand",80.043,"LCD (LED)",31.8,5.051525425251889,156703,32
"KOGAN","KALED32R94KC","Australia,Fiji,New Zealand",80.043,"LCD (LED)",31.8,5.051525425251889,156703,32
"KOGAN","KALED32R95T*","Australia,Fiji,New Zealand",79.967,"LCD (LED)",22.9,6.04521473860549,160381,31
"KOGAN","KALED32R95TA","Australia,Fiji,New Zealand",79.967,"LCD (LED)",22.9,6.04521473860549,160381,31
"KOGAN","KALED32R95TB","Australia,Fiji,New Zealand",79.967,"LCD (LED)",22.9,6.04521473860549,160381,31
"KOGAN","KALED32R95TC","Australia,Fiji,New Zealand",79.967,"LCD (LED)",22.9,6.04521473860549,160381,31
"KOGAN","KALED32R95TD","Australia,Fiji,New Zealand",79.967,"LCD (LED)",22.9,6.04521473860549,160381,31
"KOGAN","KALED32R95TE","Australia,Fiji,New Zealand",79.967,"LCD (LED)",22.9,6.04521473860549,160381,31
"KOGAN","KALED32R98VA","Australia,Fiji,New Zealand",79.994,"LCD (LED)",28.86,4.558689968087691,157676,31
"KOGAN","KALED32R98VB","Australia,Fiji,New Zealand",79.994,"LCD (LED)",28.86,4.558689968087691,157676,31
"KOGAN","KALED32R98VC","Australia,Fiji,New Zealand",79.994,"LCD (LED)",28.86,4.558689968087691,157676,31
"KOGAN","KALED32RH9310STA","Australia,Fiji,New Zealand",79.967,"LCD (LED)",28,6.04521473860549,144853,31
"KOGAN","KALED32RH9320STA","Australia,Fiji,New Zealand",79.967,"LCD (LED)",28,6.04521473860549,152082,31
"KOGAN","KALED32RH9510STA","Australia,Fiji,New Zealand",79.967,"LCD (LED)",28,6.04521473860549,149667,31
"KOGAN","KALED32T96Q*","Australia,Fiji,New Zealand",80.147,"LCD (LED)",35.2,4.570732207347719,162231,32
"KOGAN","KALED32T96QA","Australia,Fiji,New Zealand",80.147,"LCD (LED)",35.2,4.570732207347719,162231,32
"KOGAN","KALED32T96QB","Australia,Fiji,New Zealand",80.147,"LCD (LED)",35.2,4.570732207347719,162231,32
"KOGAN","KALED32T96QC","Australia,Fiji,New Zealand",80.147,"LCD (LED)",35.2,4.570732207347719,162231,32
"KOGAN","KALED32T96QD","Australia,Fiji,New Zealand",80.147,"LCD (LED)",35.2,4.570732207347719,162231,32
"KOGAN","KALED40F98TA","Australia,Fiji,New Zealand",100.305,"LCD (LED)",40,6.082256469696936,153981,39
"KOGAN","KALED40F98TB","Australia,Fiji,New Zealand",100.305,"LCD (LED)",40,6.082256469696936,153981,39
"KOGAN","KALED40F98TC","Australia,Fiji,New Zealand",100.305,"LCD (LED)",40,6.082256469696936,153981,39
"KOGAN","KALED40F98TD","Australia,Fiji,New Zealand",100.305,"LCD (LED)",40,6.082256469696936,153981,39
"KOGAN","KALED40F98TE","Australia,Fiji,New Zealand",100.305,"LCD (LED)",40,6.082256469696936,153981,39
"KOGAN","KALED40F98VA","Australia,Fiji,New Zealand",100.36,"LCD (LED)",54.48,4.550480363705366,157472,40
"KOGAN","KALED40F98VB","Australia,Fiji,New Zealand",100.36,"LCD (LED)",54.48,4.550480363705366,157472,40
"KOGAN","KALED40F98VC","Australia,Fiji,New Zealand",100.36,"LCD (LED)",54.48,4.550480363705366,157472,40
"KOGAN","KALED40GF7600VA","Australia,Fiji,New Zealand",100.332,"LCD (LED)",34.7106,6.025786528657009,148246,40
"KOGAN","KALED40R93STA","Australia,Fiji,New Zealand",100.305,"LCD (LED)",40,6.082256469696936,155556,39
"KOGAN","KALED40R93STB","Australia,Fiji,New Zealand",100.305,"LCD (LED)",40,6.082256469696936,155556,39
"KOGAN","KALED40R93STC","Australia,Fiji,New Zealand",100.305,"LCD (LED)",40,6.082256469696936,155556,39
"KOGAN","KALED40R93STD","Australia,Fiji,New Zealand",100.305,"LCD (LED)",40,6.082256469696936,155556,39
"KOGAN","KALED40R93STE","Australia,Fiji,New Zealand",100.305,"LCD (LED)",40,6.082256469696936,155556,39
"KOGAN","KALED40R94KA","Australia,Fiji,New Zealand",100.333,"LCD (LED)",40.7,5.823038132488297,156684,40
"KOGAN","KALED40R94KB","Australia,Fiji,New Zealand",100.333,"LCD (LED)",40.7,5.823038132488297,156684,40
"KOGAN","KALED40R94KC","Australia,Fiji,New Zealand",100.333,"LCD (LED)",40.7,5.823038132488297,156684,40
"KOGAN","KALED40R95T*","Australia,Fiji,New Zealand",100.305,"LCD (LED)",36.5,6.112434496987815,160387,39
"KOGAN","KALED40R95TA","Australia,Fiji,New Zealand",100.305,"LCD (LED)",36.5,6.112434496987815,160387,39
"KOGAN","KALED40R95TB","Australia,Fiji,New Zealand",100.305,"LCD (LED)",36.5,6.112434496987815,160387,39
"KOGAN","KALED40R95TC","Australia,Fiji,New Zealand",100.305,"LCD (LED)",36.5,6.112434496987815,160387,39
"KOGAN","KALED40R95TD","Australia,Fiji,New Zealand",100.305,"LCD (LED)",36.5,6.112434496987815,160387,39
"KOGAN","KALED40R95TE","Australia,Fiji,New Zealand",100.305,"LCD (LED)",36.5,6.112434496987815,160387,39
"KOGAN","KALED40RF9210STB","Australia,Fiji,New Zealand",100.305,"LCD (LED)",40,6.082256469696936,142807,39
"KOGAN","KALED40RF9220STB","Australia,Fiji,New Zealand",100.305,"LCD (LED)",40,6.082256469696936,142807,39
"KOGAN","KALED40RT9220SVA","Australia,Fiji,New Zealand",100.332,"LCD (LED)",34.52,6.025786528657009,143136,40
"KOGAN","KALED40RT9220SVB","Australia,Fiji,New Zealand",100.332,"LCD (LED)",34.52,6.025786528657009,143136,40
"KOGAN","KALED40RT9220SVC","Australia,Fiji,New Zealand",100.332,"LCD (LED)",34.52,6.025786528657009,143136,40
"KOGAN","KALED40RT9220SVD","Australia,Fiji,New Zealand",100.332,"LCD (LED)",34.52,6.025786528657009,143136,40
"KOGAN","KALED42F98T*","Australia,Fiji,New Zealand",105.38,"LCD (LED)",39.8,6.027036614996438,158394,41
"KOGAN","KALED42F98TA","Australia,Fiji,New Zealand",105.38,"LCD (LED)",39.8,6.027036614996438,158394,41
"KOGAN","KALED42F98TB","Australia,Fiji,New Zealand",105.38,"LCD (LED)",39.8,6.027036614996438,158394,41
"KOGAN","KALED42F98TC","Australia,Fiji,New Zealand",105.38,"LCD (LED)",39.8,6.027036614996438,158394,41
"KOGAN","KALED42F98TD","Australia,Fiji,New Zealand",105.38,"LCD (LED)",39.8,6.027036614996438,158394,41
"KOGAN","KALED42F98TE","Australia,Fiji,New Zealand",105.38,"LCD (LED)",39.8,6.027036614996438,158394,41
"KOGAN","KALED42F98TF","Australia,Fiji,New Zealand",105.38,"LCD (LED)",39.8,6.027036614996438,158394,41
"KOGAN","KALED42RF7510SP*","Australia",105.415,"LCD (LED)",44.2,5.6032243611452595,150674,42
"KOGAN","KALED42RF7510SPA","Australia",105.415,"LCD (LED)",44.2,5.6032243611452595,150674,42
"KOGAN","KALED42RF7510SPB","Australia",105.415,"LCD (LED)",44.2,5.6032243611452595,150674,42
"KOGAN","KALED42RF7510SPC","Australia",105.415,"LCD (LED)",44.2,5.6032243611452595,150674,42
"KOGAN","KALED42RF7510SPD","Australia",105.415,"LCD (LED)",44.2,5.6032243611452595,150674,42
"KOGAN","KALED42T96Q*","Australia,Fiji,New Zealand",105.055,"LCD (LED)",54.39,5.004339796237608,162239,41
"KOGAN","KALED42T96QA","Australia,Fiji,New Zealand",105.055,"LCD (LED)",54.39,5.004339796237608,162239,41
"KOGAN","KALED42T96QB","Australia,Fiji,New Zealand",105.055,"LCD (LED)",54.39,5.004339796237608,162239,41
"KOGAN","KALED42T96QC","Australia,Fiji,New Zealand",105.055,"LCD (LED)",54.39,5.004339796237608,162239,41
"KOGAN","KALED42T96QD","Australia,Fiji,New Zealand",105.055,"LCD (LED)",54.39,5.004339796237608,162239,41
"KOGAN","KALED43F98VA","Australia,Fiji,New Zealand",107.947,"LCD (LED)",39.24,4.7649139916034216,158767,42
"KOGAN","KALED43F98VB","Australia,Fiji,New Zealand",107.947,"LCD (LED)",39.24,4.7649139916034216,158767,42
"KOGAN","KALED43F98VC","Australia,Fiji,New Zealand",107.947,"LCD (LED)",39.24,4.7649139916034216,158767,42
"KOGAN","KALED43R95T*","Australia,Fiji,New Zealand",107.863,"LCD (LED)",52.9,5.062942946872196,160391,42
"KOGAN","KALED43R95TA","Australia,Fiji,New Zealand",107.863,"LCD (LED)",52.9,5.062942946872196,160391,42
"KOGAN","KALED43R95TB","Australia,Fiji,New Zealand",107.863,"LCD (LED)",52.9,5.062942946872196,160391,42
"KOGAN","KALED43R95TC","Australia,Fiji,New Zealand",107.863,"LCD (LED)",52.9,5.062942946872196,160391,42
"KOGAN","KALED43R95TD","Australia,Fiji,New Zealand",107.863,"LCD (LED)",52.9,5.062942946872196,160391,42
"KOGAN","KALED43R95TE","Australia,Fiji,New Zealand",107.863,"LCD (LED)",52.9,5.062942946872196,160391,42
"KOGAN","KALED43RF9820STA","Australia,Fiji,New Zealand",107.863,"LCD (LED)",55,5.299427647726304,150816,42
"KOGAN","KALED43RF9820STB","Australia,Fiji,New Zealand",107.863,"LCD (LED)",55,5.299427647726304,150816,42
"KOGAN","KALED43RF9820STC","Australia,Fiji,New Zealand",107.863,"LCD (LED)",55,5.299427647726304,150816,42
"KOGAN","KALED43RF9820STD","Australia,Fiji,New Zealand",107.863,"LCD (LED)",55,5.299427647726304,150816,42
"KOGAN","KALED43RF9820STE","Australia,Fiji,New Zealand",107.863,"LCD (LED)",55,5.299427647726304,150816,42
"KOGAN","KALED43RT9220SVA","Australia,Fiji,New Zealand",107.987,"LCD (LED)",47.23,5.51068390027356,143011,43
"KOGAN","KALED43RT9220SVB","Australia,Fiji,New Zealand",107.987,"LCD (LED)",47.23,5.51068390027356,143011,43
"KOGAN","KALED43RT9220SVC","Australia,Fiji,New Zealand",107.987,"LCD (LED)",47.23,5.51068390027356,143011,43
"KOGAN","KALED43RT9220SVD","Australia,Fiji,New Zealand",107.987,"LCD (LED)",47.23,5.51068390027356,143011,43
"KOGAN","KALED43U94V*","Australia,Fiji,New Zealand",107.987,"LCD (LED)",51.44,4.926734502287409,155258,43
"KOGAN","KALED43U94VA","Australia,Fiji,New Zealand",107.987,"LCD (LED)",51.44,4.926734502287409,155258,43
"KOGAN","KALED43U94VB","Australia,Fiji,New Zealand",107.987,"LCD (LED)",51.44,4.926734502287409,155258,43
"KOGAN","KALED43U94VC","Australia,Fiji,New Zealand",107.987,"LCD (LED)",51.44,4.926734502287409,155258,43
"KOGAN","KALED43U95****","Australia,Fiji,New Zealand",107.95,"LCD (LED)",63.12,4.04206066023001,170005,42
"KOGAN","KALED43U95T*","Australia,Fiji,New Zealand",107.987,"LCD (LED)",66.3,4.233024634840268,171839,43
"KOGAN","KALED43U95TA","Australia,Fiji,New Zealand",107.987,"LCD (LED)",66.3,4.233024634840268,171839,43
"KOGAN","KALED43U95TB","Australia,Fiji,New Zealand",107.987,"LCD (LED)",66.3,4.233024634840268,171839,43
"KOGAN","KALED43U95TC","Australia,Fiji,New Zealand",107.987,"LCD (LED)",66.3,4.233024634840268,171839,43
"KOGAN","KALED43U95TD","Australia,Fiji,New Zealand",107.987,"LCD (LED)",66.3,4.233024634840268,171839,43
"KOGAN","KALED43U95TE","Australia,Fiji,New Zealand",107.987,"LCD (LED)",66.3,4.233024634840268,171839,43
"KOGAN","KALED43U95VA","Australia,Fiji,New Zealand",107.95,"LCD (LED)",63.12,4.04206066023001,170005,42
"KOGAN","KALED43U95VB","Australia,Fiji,New Zealand",107.95,"LCD (LED)",63.12,4.04206066023001,170005,42
"KOGAN","KALED43U95VC","Australia,Fiji,New Zealand",107.95,"LCD (LED)",63.12,4.04206066023001,170005,42
"KOGAN","KALED43XT9610STA","Australia,Fiji,New Zealand",107.95,"LCD",65,4.553267260591147,142382,42
"KOGAN","KALED50R93STA","Australia,Fiji,New Zealand",125.638,"LCD (LED)",69.15,5.141294446384899,154785,49
"KOGAN","KALED50R93STB","Australia,Fiji,New Zealand",125.638,"LCD (LED)",69.15,5.141294446384899,154785,49
"KOGAN","KALED50R93STC","Australia,Fiji,New Zealand",125.638,"LCD (LED)",69.15,5.141294446384899,154785,49
"KOGAN","KALED50R93STD","Australia,Fiji,New Zealand",125.638,"LCD (LED)",69.15,5.141294446384899,154785,49
"KOGAN","KALED50R93STE","Australia,Fiji,New Zealand",125.638,"LCD (LED)",69.15,5.141294446384899,154785,49
"KOGAN","KALED50R94****","Australia,Fiji,New Zealand",125.812,"LCD (LED)",66.4,5.004902443051654,156714,50
"KOGAN","KALED50R94KA","Australia,Fiji,New Zealand",125.812,"LCD (LED)",66.4,5.004902443051654,156714,50
"KOGAN","KALED50R94KB","Australia,Fiji,New Zealand",125.812,"LCD (LED)",66.4,5.004902443051654,156714,50
"KOGAN","KALED50R94KC","Australia,Fiji,New Zealand",125.812,"LCD (LED)",66.4,5.004902443051654,156714,50
"KOGAN","KALED50R94KD","Australia,Fiji,New Zealand",125.812,"LCD (LED)",66.4,5.004902443051654,156714,50
"KOGAN","KALED50R95T*","Australia,Fiji,New Zealand",125.725,"LCD (LED)",66.8,5.016951299027647,160333,49
"KOGAN","KALED50R95TA","Australia,Fiji,New Zealand",125.725,"LCD (LED)",66.8,5.016951299027647,160333,49
"KOGAN","KALED50R95TB","Australia,Fiji,New Zealand",125.725,"LCD (LED)",66.8,5.016951299027647,160333,49
"KOGAN","KALED50R95TC","Australia,Fiji,New Zealand",125.725,"LCD (LED)",66.8,5.016951299027647,160333,49
"KOGAN","KALED50R95TD","Australia,Fiji,New Zealand",125.725,"LCD (LED)",66.8,5.016951299027647,160333,49
"KOGAN","KALED50R95TE","Australia,Fiji,New Zealand",125.725,"LCD (LED)",66.8,5.016951299027647,160333,49
"KOGAN","KALED50RN9220STA","Australia,Fiji,New Zealand",125.638,"LCD (LED)",75,5.125086761023219,150434,49
"KOGAN","KALED50RN9220STB","Australia,Fiji,New Zealand",125.638,"LCD (LED)",75,5.125086761023219,150434,49
"KOGAN","KALED50RN9220STC","Australia,Fiji,New Zealand",125.638,"LCD (LED)",75,5.125086761023219,150434,49
"KOGAN","KALED50RN9220STD","Australia,Fiji,New Zealand",125.638,"LCD (LED)",75,5.125086761023219,150434,49
"KOGAN","KALED50RT9220SVA","Australia,Fiji,New Zealand",125.731,"LCD (LED)",50.6,6.371851645208939,143012,50
"KOGAN","KALED50RT9220SVB","Australia,Fiji,New Zealand",125.731,"LCD (LED)",50.6,6.371851645208939,143012,50
"KOGAN","KALED50RT9220SVC","Australia,Fiji,New Zealand",125.731,"LCD (LED)",50.6,6.371851645208939,143012,50
"KOGAN","KALED50RT9220SVD","Australia,Fiji,New Zealand",125.731,"LCD (LED)",50.6,6.371851645208939,143012,50
"KOGAN","KALED50T96QA","Australia,Fiji,New Zealand",125.731,"LCD (LED)",99.42,3.540587956597824,162234,50
"KOGAN","KALED50T96QB","Australia,Fiji,New Zealand",125.731,"LCD (LED)",99.42,3.540587956597824,162234,50
"KOGAN","KALED50T96QC","Australia,Fiji,New Zealand",125.731,"LCD (LED)",99.42,3.540587956597824,162234,50
"KOGAN","KALED50U94TA","Australia,Fiji,New Zealand",125.638,"LCD (LED)",75,5.141294446384899,154698,49
"KOGAN","KALED50U94TB","Australia,Fiji,New Zealand",125.638,"LCD (LED)",75,5.141294446384899,154698,49
"KOGAN","KALED50U94TC","Australia,Fiji,New Zealand",125.638,"LCD (LED)",75,5.141294446384899,154698,49
"KOGAN","KALED50U94TD","Australia,Fiji,New Zealand",125.638,"LCD (LED)",75,5.141294446384899,154698,49
"KOGAN","KALED50U94TE","Australia,Fiji,New Zealand",125.638,"LCD (LED)",75,5.141294446384899,154698,49
"KOGAN","KALED50U94V*","Australia,Fiji,New Zealand",125.731,"LCD (LED)",47.3,6.371851645208939,158750,50
"KOGAN","KALED50U94VA","Australia,Fiji,New Zealand",125.731,"LCD (LED)",47.3,6.371851645208939,158750,50
"KOGAN","KALED50U94VB","Australia,Fiji,New Zealand",125.731,"LCD (LED)",47.3,6.371851645208939,158750,50
"KOGAN","KALED50U94VC","Australia,Fiji,New Zealand",125.731,"LCD (LED)",47.3,6.371851645208939,158750,50
"KOGAN","KALED50U95T*","Australia,Fiji,New Zealand",125.731,"LCD (LED)",80.1,4.095449802120537,171972,50
"KOGAN","KALED50U95TA","Australia,Fiji,New Zealand",125.731,"LCD (LED)",80.1,4.095449802120537,171972,50
"KOGAN","KALED50U95TB","Australia,Fiji,New Zealand",125.731,"LCD (LED)",80.1,4.095449802120537,171972,50
"KOGAN","KALED50U95TC","Australia,Fiji,New Zealand",125.731,"LCD (LED)",80.1,4.095449802120537,171972,50
"KOGAN","KALED50U95TD","Australia,Fiji,New Zealand",125.731,"LCD (LED)",80.1,4.095449802120537,171972,50
"KOGAN","KALED50U95TE","Australia,Fiji,New Zealand",125.731,"LCD (LED)",80.1,4.095449802120537,171972,50
"KOGAN","KALED50U95V series","Australia,Fiji,New Zealand",125.725,"LCD (LED)",60.48,5.642494366309377,168733,49
"KOGAN","KALED50U95VA","Australia,Fiji,New Zealand",125.725,"LCD (LED)",60.48,5.642494366309377,168733,49
"KOGAN","KALED50U95VB","Australia,Fiji,New Zealand",125.725,"LCD (LED)",60.48,5.642494366309377,168733,49
"KOGAN","KALED50U95VC","Australia,Fiji,New Zealand",125.725,"LCD (LED)",60.48,5.642494366309377,168733,49
"KOGAN","KALED50XU9220STD","Australia,Fiji,New Zealand",125.638,"LCD (LED)",77,5.01324516028287,144837,49
"KOGAN","KALED50XU9220STE","Australia,Fiji,New Zealand",125.638,"LCD (LED)",77,5.01324516028287,147512,49
"KOGAN","KALED55R93STA","Australia,Fiji,New Zealand",138.783,"LCD (LED)",77.8,5.552808910591775,154784,55
"KOGAN","KALED55R93STB","Australia,Fiji,New Zealand",138.783,"LCD (LED)",77.8,5.552808910591775,154784,55
"KOGAN","KALED55R93STC","Australia,Fiji,New Zealand",138.783,"LCD (LED)",77.8,5.552808910591775,154784,55
"KOGAN","KALED55R93STD","Australia,Fiji,New Zealand",138.783,"LCD (LED)",77.8,5.552808910591775,154784,55
"KOGAN","KALED55R93STE","Australia,Fiji,New Zealand",138.783,"LCD (LED)",77.8,5.552808910591775,154784,55
"KOGAN","KALED55R94****","Australia,Fiji,New Zealand",138.439,"LCD (LED)",68.9,5.634430436780009,156712,55
"KOGAN","KALED55R94KA","Australia,Fiji,New Zealand",138.439,"LCD (LED)",68.9,5.634430436780009,156712,55
"KOGAN","KALED55R94KB","Australia,Fiji,New Zealand",138.439,"LCD (LED)",68.9,5.634430436780009,156712,55
"KOGAN","KALED55R94KC","Australia,Fiji,New Zealand",138.439,"LCD (LED)",68.9,5.634430436780009,156712,55
"KOGAN","KALED55R94KD","Australia,Fiji,New Zealand",138.439,"LCD (LED)",68.9,5.634430436780009,156712,55
"KOGAN","KALED55R95T*","Australia,Fiji,New Zealand",138.711,"LCD (LED)",70.8,5.54833129595275,160336,55
"KOGAN","KALED55R95TA","Australia,Fiji,New Zealand",138.711,"LCD (LED)",70.8,5.54833129595275,160336,55
"KOGAN","KALED55R95TB","Australia,Fiji,New Zealand",138.711,"LCD (LED)",70.8,5.54833129595275,160336,55
"KOGAN","KALED55R95TC","Australia,Fiji,New Zealand",138.711,"LCD (LED)",70.8,5.54833129595275,160336,55
"KOGAN","KALED55R95TD","Australia,Fiji,New Zealand",138.711,"LCD (LED)",70.8,5.54833129595275,160336,55
"KOGAN","KALED55R95TE","Australia,Fiji,New Zealand",138.711,"LCD (LED)",70.8,5.54833129595275,160336,55
"KOGAN","KALED55RT9230SVA","Australia,Fiji,New Zealand",138.783,"LCD (LED)",53.64,6.453747698931702,149021,55
"KOGAN","KALED55T96QA","Australia,Fiji,New Zealand",138.783,"LCD (LED)",115,4.02167727117258,162230,55
"KOGAN","KALED55T96QB","Australia,Fiji,New Zealand",138.783,"LCD (LED)",115,4.02167727117258,162230,55
"KOGAN","KALED55T96QC","Australia,Fiji,New Zealand",138.783,"LCD (LED)",115,4.02167727117258,162230,55
"KOGAN","KALED55U94TA","Australia,Fiji,New Zealand",138.783,"LCD (LED)",80.814,5.552808910591775,154692,55
"KOGAN","KALED55U94TB","Australia,Fiji,New Zealand",138.783,"LCD (LED)",80.814,5.552808910591775,154692,55
"KOGAN","KALED55U94TC","Australia,Fiji,New Zealand",138.783,"LCD (LED)",80.814,5.552808910591775,154692,55
"KOGAN","KALED55U94TD","Australia,Fiji,New Zealand",138.783,"LCD (LED)",80.814,5.552808910591775,154692,55
"KOGAN","KALED55U94TE","Australia,Fiji,New Zealand",138.783,"LCD (LED)",80.814,5.552808910591775,154692,55
"KOGAN","KALED55U94V Series","Australia,Fiji,New Zealand",138.711,"LCD (LED)",73.6,4.578108283365271,162190,55
"KOGAN","KALED55U94VA","Australia,Fiji,New Zealand",138.711,"LCD (LED)",73.6,4.578108283365271,162190,55
"KOGAN","KALED55U94VB","Australia,Fiji,New Zealand",138.711,"LCD (LED)",73.6,4.578108283365271,162190,55
"KOGAN","KALED55U94VC","Australia,Fiji,New Zealand",138.711,"LCD (LED)",73.6,4.578108283365271,162190,55
"KOGAN","KALED55U95TA","Australia,Fiji,New Zealand",138.783,"LCD (LED)",65.43,6.25848663027421,167749,55
"KOGAN","KALED55U95TB","Australia,New Zealand",138.783,"LCD (LED)",108.4,3.856063224498241,169348,55
"KOGAN","KALED55U95TC","Australia,New Zealand",138.783,"LCD (LED)",108.4,3.856063224498241,169348,55
"KOGAN","KALED55U95TD","Australia,New Zealand",138.783,"LCD (LED)",108.4,3.856063224498241,169348,55
"KOGAN","KALED55U95TE","Australia,New Zealand",138.783,"LCD (LED)",108.4,3.856063224498241,169348,55
"KOGAN","KALED55U95TF","Australia,New Zealand",138.783,"LCD (LED)",108.4,3.856063224498241,169348,55
"KOGAN","KALED58RT9220SVA","Australia,Fiji,New Zealand",146.068,"LCD (LED)",65.21,6.483384094694954,143014,58
"KOGAN","KALED58RT9220SVB","Australia,Fiji,New Zealand",146.068,"LCD (LED)",65.21,6.483384094694954,143014,58
"KOGAN","KALED58RT9220SVC","Australia,Fiji,New Zealand",146.068,"LCD (LED)",65.21,6.483384094694954,143014,58
"KOGAN","KALED58RT9220SVD","Australia,Fiji,New Zealand",146.068,"LCD (LED)",65.21,6.483384094694954,143014,58
"KOGAN","KALED58TU9420SKA","Australia,Fiji,New Zealand",146.092,"LCD (LED)",106.2,4.603408888721034,150017,58
"KOGAN","KALED58XU9230STA","Australia,Fiji,New Zealand",146.039,"LCD (LED)",122,4.227886810654365,145328,57
"KOGAN","KALED60U93NA","Australia,Fiji,New Zealand",152.663,"LCD",110.3,5.030432129486525,155515,60
"KOGAN","KALED60U93NB","Australia,Fiji,New Zealand",152.663,"LCD",110.3,5.030432129486525,155515,60
"KOGAN","KALED60U93NC","Australia,Fiji,New Zealand",152.663,"LCD",110.3,5.030432129486525,155515,60
"KOGAN","KALED60U93ND","Australia,Fiji,New Zealand",152.663,"LCD",110.3,5.030432129486525,155515,60
"KOGAN","KALED60U95T*","Australia,Fiji,New Zealand",152.661,"LCD (LED)",102,5.041608955141751,173483,60
"KOGAN","KALED60U95TA","Australia,Fiji,New Zealand",152.661,"LCD (LED)",102,5.041608955141751,173483,60
"KOGAN","KALED60U95TB","Australia,Fiji,New Zealand",152.661,"LCD (LED)",102,5.041608955141751,173483,60
"KOGAN","KALED60U95TC","Australia,Fiji,New Zealand",152.661,"LCD (LED)",102,5.041608955141751,173483,60
"KOGAN","KALED60U95TD","Australia,Fiji,New Zealand",152.661,"LCD (LED)",102,5.041608955141751,173483,60
"KOGAN","KALED60U95TE","Australia,Fiji,New Zealand",152.661,"LCD (LED)",102,5.041608955141751,173483,60
"KOGAN","KALED65R94K*","Australia,Fiji,New Zealand",163.916,"LCD (LED)",86.9,6.007529267450542,156156,65
"KOGAN","KALED65R94KA","Australia,Fiji,New Zealand",163.916,"LCD (LED)",86.9,6.007529267450542,156156,65
"KOGAN","KALED65R94KB","Australia,Fiji,New Zealand",163.916,"LCD (LED)",86.9,6.007529267450542,156156,65
"KOGAN","KALED65R94KC","Australia,Fiji,New Zealand",163.916,"LCD (LED)",86.9,6.007529267450542,156156,65
"KOGAN","KALED65R94KD","Australia,Fiji,New Zealand",163.916,"LCD (LED)",86.9,6.007529267450542,156156,65
"KOGAN","KALED65R95T*","Australia,Fiji,New Zealand",163.829,"LCD (LED)",94.2,6.016635675257843,160334,64
"KOGAN","KALED65R95TA","Australia,Fiji,New Zealand",163.829,"LCD (LED)",94.2,6.016635675257843,160334,64
"KOGAN","KALED65R95TB","Australia,Fiji,New Zealand",163.829,"LCD (LED)",94.2,6.016635675257843,160334,64
"KOGAN","KALED65R95TC","Australia,Fiji,New Zealand",163.829,"LCD (LED)",94.2,6.016635675257843,160334,64
"KOGAN","KALED65R95TD","Australia,Fiji,New Zealand",163.829,"LCD (LED)",94.2,6.016635675257843,160334,64
"KOGAN","KALED65R95TE","Australia,Fiji,New Zealand",163.829,"LCD (LED)",94.2,6.016635675257843,160334,64
"KOGAN","KALED65RT9220SVA","Australia,Fiji,New Zealand",163.896,"LCD (LED)",99.95,5.8431668676196225,143647,65
"KOGAN","KALED65T96QA","Australia,Fiji,New Zealand",163.896,"LCD (LED)",147.44,4.018374120182047,162235,65
"KOGAN","KALED65T96QB","Australia,Fiji,New Zealand",163.896,"LCD (LED)",147.44,4.018374120182047,162235,65
"KOGAN","KALED65T96QC","Australia,Fiji,New Zealand",163.896,"LCD (LED)",147.44,4.018374120182047,162235,65
"KOGAN","KALED65U92TA","Australia,Fiji,New Zealand",163.829,"LCD (LED)",101.3,5.634761250243758,152101,64
"KOGAN","KALED65U92TB","Australia,Fiji,New Zealand",163.829,"LCD (LED)",101.3,5.634761250243758,152101,64
"KOGAN","KALED65U92TC","Australia,Fiji,New Zealand",163.829,"LCD (LED)",101.3,5.634761250243758,152101,64
"KOGAN","KALED65U92TD","Australia,Fiji,New Zealand",163.829,"LCD (LED)",101.3,5.634761250243758,152101,64
"KOGAN","KALED65U92TE","Australia,Fiji,New Zealand",163.829,"LCD (LED)",101.3,5.634761250243758,152101,64
"KOGAN","KALED65U94TA","Australia,Fiji,New Zealand",163.791,"LCD (LED)",102.9,5.6370589836888305,154395,64
"KOGAN","KALED65U94TB","Australia,Fiji,New Zealand",163.791,"LCD (LED)",102.9,5.6370589836888305,154395,64
"KOGAN","KALED65U94TC","Australia,Fiji,New Zealand",163.791,"LCD (LED)",102.9,5.6370589836888305,154395,64
"KOGAN","KALED65U94TD","Australia,Fiji,New Zealand",163.791,"LCD (LED)",102.9,5.6370589836888305,154395,64
"KOGAN","KALED65U94TE","Australia,Fiji,New Zealand",163.791,"LCD (LED)",102.9,5.6370589836888305,154395,64
"KOGAN","KALED65U95T*","Australia,Fiji,New Zealand",163.896,"LCD (LED)",94.14,6.0207893291425405,165028,65
"KOGAN","KALED65U95TA","Australia,Fiji,New Zealand",163.896,"LCD (LED)",94.14,6.0207893291425405,165028,65
"KOGAN","KALED65U95TB","Australia,Fiji,New Zealand",163.896,"LCD (LED)",94.14,6.0207893291425405,165028,65
"KOGAN","KALED65U95TC","Australia,Fiji,New Zealand",163.896,"LCD (LED)",94.14,6.0207893291425405,165028,65
"KOGAN","KALED65U95TD","Australia,Fiji,New Zealand",163.896,"LCD (LED)",94.14,6.0207893291425405,165028,65
"KOGAN","KALED65U95TE","Australia,Fiji,New Zealand",163.896,"LCD (LED)",94.14,6.0207893291425405,165028,65
"KOGAN","KALED65XU9220STB","Australia,Fiji,New Zealand",163.829,"LCD (LED)",110,5.634761250243758,150477,64
"KOGAN","KALED65XU9220STC","Australia,Fiji,New Zealand",163.829,"LCD (LED)",110,5.634761250243758,150477,64
"KOGAN","KALED65XU9220STD","Australia,Fiji,New Zealand",163.829,"LCD (LED)",110,5.634761250243758,150477,64
"KOGAN","KALED65XU9220STE","Australia,Fiji,New Zealand",163.829,"LCD (LED)",110,5.634761250243758,150477,64
"KOGAN","KALED65XU9220STF","Australia,Fiji,New Zealand",163.829,"LCD (LED)",110,5.634761250243758,150477,64
"KOGAN","KALED70*","Australia,Fiji,New Zealand",176.537,"LCD (LED)",182.3,4.042599711063555,145723,70
"KOGAN","KALED70TX9520SKA","Australia,Fiji,New Zealand",176.539,"LCD (LED)",144.2,4.6703307864310215,150165,70
"KOGAN","KALED70UN8920SNA","Australia,Fiji,New Zealand",176.537,"LCD (LED)",182.3,4.042599711063555,145723,70
"KOGAN","KALED70UN8920SNB","Australia,Fiji,New Zealand",176.537,"LCD (LED)",182.3,4.042599711063555,145723,70
"KOGAN","KALED70UN8920SNC","Australia,Fiji,New Zealand",176.537,"LCD (LED)",182.3,4.042599711063555,145723,70
"KOGAN","KALED70UN8920SND","Australia,Fiji,New Zealand",176.537,"LCD (LED)",182.3,4.042599711063555,145723,70
"KOGAN","KALED75R95T*","Australia,Fiji,New Zealand",189.306,"LCD (LED)",109.4,6.018896730900076,160335,75
"KOGAN","KALED75R95TA","Australia,Fiji,New Zealand",189.306,"LCD (LED)",109.4,6.018896730900076,160335,75
"KOGAN","KALED75R95TB","Australia,Fiji,New Zealand",189.306,"LCD (LED)",109.4,6.018896730900076,160335,75
"KOGAN","KALED75R95TC","Australia,Fiji,New Zealand",189.306,"LCD (LED)",109.4,6.018896730900076,160335,75
"KOGAN","KALED75R95TD","Australia,Fiji,New Zealand",189.306,"LCD (LED)",109.4,6.018896730900076,160335,75
"KOGAN","KALED75R95TE","Australia,Fiji,New Zealand",189.306,"LCD (LED)",109.4,6.018896730900076,160335,75
"KOGAN","KALED75T96QA","Australia,Fiji,New Zealand",189.34,"LCD (LED)",180,4.533886643683078,162237,75
"KOGAN","KALED75T96QB","Australia,Fiji,New Zealand",189.34,"LCD (LED)",180,4.533886643683078,162237,75
"KOGAN","KALED75T96QC","Australia,Fiji,New Zealand",189.34,"LCD (LED)",180,4.533886643683078,162237,75
"KOGAN","KALED75U94TA","Australia,Fiji,New Zealand",189.306,"LCD (LED)",137.1,5.515617253494867,154675,75
"KOGAN","KALED75U94TB","Australia,Fiji,New Zealand",189.306,"LCD (LED)",137.1,5.515617253494867,154675,75
"KOGAN","KALED75U94TC","Australia,Fiji,New Zealand",189.306,"LCD (LED)",137.1,5.515617253494867,154675,75
"KOGAN","KALED75U94TD","Australia,Fiji,New Zealand",189.306,"LCD (LED)",137.1,5.515617253494867,154675,75
"KOGAN","KALED75U94TE","Australia,Fiji,New Zealand",189.306,"LCD (LED)",137.1,5.515617253494867,154675,75
"KOGAN","KALED75U95T*","Australia,Fiji,New Zealand",189.34,"LCD (LED)",171,4.501055580231206,171492,75
"KOGAN","KALED75U95TA","Australia,Fiji,New Zealand",189.34,"LCD (LED)",154.03,5.035437844893429,165030,75
"KOGAN","KALED75U95TB","Australia,Fiji,New Zealand",189.34,"LCD (LED)",171,4.501055580231206,171492,75
"KOGAN","KALED75U95TC","Australia,Fiji,New Zealand",189.34,"LCD (LED)",171,4.501055580231206,171492,75
"KOGAN","KALED75U95TD","Australia,Fiji,New Zealand",189.34,"LCD (LED)",171,4.501055580231206,171492,75
"KOGAN","KALED75U95TE","Australia,Fiji,New Zealand",189.34,"LCD (LED)",171,4.501055580231206,171492,75
"KOGAN","KALED75U95TF","Australia,Fiji,New Zealand",189.34,"LCD (LED)",171,4.501055580231206,171492,75
"KOGAN","KALED75U95TG","Australia,Fiji,New Zealand",189.34,"LCD (LED)",154.03,5.035437844893429,165030,75
"KOGAN","KALED75XU9220STA","Australia,Fiji,New Zealand",189.306,"LCD (LED)",146,5.598455473847803,144838,75
"KOGAN","KALED75XU9420STA","Australia,Fiji,New Zealand",189.306,"LCD (LED)",133,6.018896730900076,149665,75
"KOGAN","KALED98X98JSTA","Australia,Fiji,New Zealand",247.604,"LCD (LED)",337,4.189669496698741,152068,97
"KOGAN","KALED100T96QA","Australia,Fiji,New Zealand",253.136,"LCD (LED)",379.07,3.5008157002390408,162834,100
"KOGAN","KALED100T96QB","Australia,Fiji,New Zealand",253.136,"LCD (LED)",379.07,3.5008157002390408,162834,100
"KOGAN","KALED100T96QC","Australia,Fiji,New Zealand",253.136,"LCD (LED)",379.07,3.5008157002390408,162834,100
"KOGAN","KAOD48X98JST*","Australia,Fiji,New Zealand",120.719,"OLED",80.3,4.003721725242305,161603,48
"KOGAN","KAOD48X98JSTA","Australia,Fiji,New Zealand",120.719,"OLED",80.3,4.003721725242305,161603,48
"KOGAN","KAOD48X98JSTB","Australia,Fiji,New Zealand",120.719,"OLED",80.3,4.003721725242305,161603,48
"KOGAN","KAOD48X98JSTC","Australia,Fiji,New Zealand",120.719,"OLED",80.3,4.003721725242305,161603,48
"KOGAN","KAOD48X98JSTD","Australia,Fiji,New Zealand",120.719,"OLED",80.3,4.003721725242305,161603,48
"KOGAN","KAOD48X98JSTE","Australia,Fiji,New Zealand",120.719,"OLED",80.3,4.003721725242305,161603,48
"KOGAN","KAOD55X98JST*","Australia,Fiji,New Zealand",138.783,"OLED",88.3,4.546877182237033,161867,55
"KOGAN","KAOD55X98JSTA","Australia,Fiji,New Zealand",138.783,"OLED",88.3,4.546877182237033,161867,55
"KOGAN","KAOD55X98JSTB","Australia,Fiji,New Zealand",138.783,"OLED",88.3,4.546877182237033,161867,55
"KOGAN","KAOD55X98JSTC","Australia,Fiji,New Zealand",138.783,"OLED",88.3,4.546877182237033,161867,55
"KOGAN","KAOD55X98JSTD","Australia,Fiji,New Zealand",138.783,"OLED",88.3,4.546877182237033,161867,55
"KOGAN","KAOD55X98JSTE","Australia,Fiji,New Zealand",138.783,"OLED",88.3,4.546877182237033,161867,55
"KOGAN","KAOD55X98JSV series","Australia,Fiji,New Zealand",138.711,"LCD (LED)",96.66,4.048945386341494,169398,55
"KOGAN","KAOD55X98JSVA","Australia,Fiji,New Zealand",138.711,"LCD (LED)",96.66,4.048945386341494,169398,55
"KOGAN","KAOD55X98JSVB","Australia,Fiji,New Zealand",138.711,"LCD (LED)",96.66,4.048945386341494,169398,55
"KOGAN","KAOD55X98JSVC","Australia,Fiji,New Zealand",138.711,"LCD (LED)",96.66,4.048945386341494,169398,55
"KOGAN","KAOD65X98JST*","Australia,Fiji,New Zealand",163.897,"OLED",112.7,5.066881362898524,162367,65
"KOGAN","KAOD65X98JSTA","Australia,Fiji,New Zealand",163.897,"OLED",112.7,5.066881362898524,162367,65
"KOGAN","KAOD65X98JSTB","Australia,Fiji,New Zealand",163.897,"OLED",112.7,5.066881362898524,162367,65
"KOGAN","KAOD65X98JSTC","Australia,Fiji,New Zealand",163.897,"OLED",112.7,5.066881362898524,162367,65
"KOGAN","KAOD65X98JSTD","Australia,Fiji,New Zealand",163.897,"OLED",112.7,5.066881362898524,162367,65
"KOGAN","KAOD65X98JSTE","Australia,Fiji,New Zealand",163.897,"OLED",112.7,5.066881362898524,162367,65
"KOGAN","KAOD65X98JSV series","Australia,Fiji,New Zealand",163.829,"LCD (LED)",105.84,5.1714794128570825,169399,64
"KOGAN","KAOD65X98JSVA","Australia,Fiji,New Zealand",163.829,"LCD (LED)",105.84,5.1714794128570825,169399,64
"KOGAN","KAOD65X98JSVB","Australia,Fiji,New Zealand",163.829,"LCD (LED)",105.84,5.1714794128570825,169399,64
"KOGAN","KAOD65X98JSVC","Australia,Fiji,New Zealand",163.829,"LCD (LED)",105.84,5.1714794128570825,169399,64
"KOGAN","KAOD77X98JSV series","Australia,Fiji,New Zealand",194.677,"OLED",131.1,5.804199982629451,165599,77
"KOGAN","KAOD77X98JSVA","Australia,Fiji,New Zealand",194.677,"OLED",131.1,5.804199982629451,165599,77
"KOGAN","KAOD77X98JSVB","Australia,Fiji,New Zealand",194.677,"OLED",131.1,5.804199982629451,165599,77
"KOGAN","KAOD77X98JSVC","Australia,Fiji,New Zealand",194.677,"OLED",131.1,5.804199982629451,165599,77
"KOGAN","KAOLED55X2SKA","Australia,Fiji,New Zealand",138.554,"OLED",90.1,4.000700737851957,149422,55
"KOGAN","KAOLED65X2SKA","Australia,Fiji,New Zealand",164.249,"OLED",113.4,4.000233788824486,149423,65
"KOGAN","KAQL32FQ9TA","Australia,New Zealand",80.039,"LCD (LED)",27.1,5.561680559205171,169349,32
"KOGAN","KAQL32FQ9TB","Australia,New Zealand",80.039,"LCD (LED)",27.1,5.561680559205171,169349,32
"KOGAN","KAQL32FQ9TC","Australia,New Zealand",80.039,"LCD (LED)",27.1,5.561680559205171,169349,32
"KOGAN","KAQL32FQ9TD","Australia,New Zealand",80.039,"LCD (LED)",27.1,5.561680559205171,169349,32
"KOGAN","KAQL32FQ9TE","Australia,New Zealand",80.039,"LCD (LED)",27.1,5.561680559205171,169349,32
"KOGAN","KAQL32Q9VA","Australia,Fiji,New Zealand",79.967,"LCD (LED)",36.3,4.3445623134294555,178829,31
"KOGAN","KAQL32Q9VB","Australia,Fiji,New Zealand",79.967,"LCD (LED)",36.3,4.3445623134294555,178829,31
"KOGAN","KAQL32Q9VC","Australia,Fiji,New Zealand",79.967,"LCD (LED)",36.3,4.3445623134294555,178829,31
"KOGAN","KAQL40Q9VA","Australia,Fiji,New Zealand",100.305,"LCD (LED)",45.18,4.544406853380655,178958,39
"KOGAN","KAQL40Q9VB","Australia,Fiji,New Zealand",100.305,"LCD (LED)",45.18,4.544406853380655,178958,39
"KOGAN","KAQL40Q9VC","Australia,Fiji,New Zealand",100.305,"LCD (LED)",45.18,4.544406853380655,178958,39
"KOGAN","KAQL43MQ9VA","Australia,Fiji,New Zealand",107.95,"LCD (LED)",44.82,3.553267260591146,180958,42
"KOGAN","KAQL43MQ9VB","Australia,Fiji,New Zealand",107.95,"LCD (LED)",44.82,3.553267260591146,180958,42
"KOGAN","KAQL43MQ9VC","Australia,Fiji,New Zealand",107.95,"LCD (LED)",44.82,3.553267260591146,180958,42
"KOGAN","KAQL43Q9VA","Australia,Fiji,New Zealand",107.95,"LCD (LED)",62.52,4.04206066023001,178957,42
"KOGAN","KAQL43Q9VB","Australia,Fiji,New Zealand",107.95,"LCD (LED)",62.52,4.04206066023001,178957,42
"KOGAN","KAQL43Q9VC","Australia,Fiji,New Zealand",107.95,"LCD (LED)",62.52,4.04206066023001,178957,42
"KOGAN","KAQL43XQ98GSVA","Australia,Fiji,New Zealand",107.95,"LCD (LED)",87.66,3.018797767189196,159778,42
"KOGAN","KAQL43XQ98GSVB","Australia,Fiji,New Zealand",107.95,"LCD (LED)",87.66,3.018797767189196,159778,42
"KOGAN","KAQL43XQ98GSVC","Australia,Fiji,New Zealand",107.95,"LCD (LED)",87.66,3.018797767189196,159778,42
"KOGAN","KAQL50MQ9VA","Australia,Fiji,New Zealand",125.725,"LCD (LED)",105,3.054983381188823,181824,49
"KOGAN","KAQL50MQ9VB","Australia,Fiji,New Zealand",125.725,"LCD (LED)",105,3.054983381188823,181824,49
"KOGAN","KAQL50MQ9VC","Australia,Fiji,New Zealand",125.725,"LCD (LED)",105,3.054983381188823,181824,49
"KOGAN","KAQL50Q9VA","Australia,Fiji,New Zealand",125.725,"LCD (LED)",65.04,5.642494366309377,178956,49
"KOGAN","KAQL50Q9VB","Australia,Fiji,New Zealand",125.725,"LCD (LED)",65.04,5.642494366309377,178956,49
"KOGAN","KAQL50Q9VC","Australia,Fiji,New Zealand",125.725,"LCD (LED)",65.04,5.642494366309377,178956,49
"KOGAN","KAQL50Q97T*","Australia,Fiji,New Zealand",125.731,"LCD (LED)",102.2,3.244278478929851,171366,50
"KOGAN","KAQL50Q97TA","Australia,Fiji,New Zealand",125.731,"LCD (LED)",102.2,3.244278478929851,171366,50
"KOGAN","KAQL50Q97TB","Australia,Fiji,New Zealand",125.731,"LCD (LED)",102.2,3.244278478929851,171366,50
"KOGAN","KAQL50Q97TC","Australia,Fiji,New Zealand",125.731,"LCD (LED)",102.2,3.244278478929851,171366,50
"KOGAN","KAQL50Q97TD","Australia,Fiji,New Zealand",125.731,"LCD (LED)",102.2,3.244278478929851,171366,50
"KOGAN","KAQL50Q97TE","Australia,Fiji,New Zealand",125.731,"LCD (LED)",102.2,3.244278478929851,171366,50
"KOGAN","KAQL50R96KA","Australia,Fiji,New Zealand",125.812,"LCD (LED)",56.9,5.592095134190206,165597,50
"KOGAN","KAQL50T96QA","Australia,Fiji,New Zealand",125.731,"LCD (LED)",99.42,3.540587956597824,162234,50
"KOGAN","KAQL50T96QB","Australia,Fiji,New Zealand",125.731,"LCD (LED)",99.42,3.540587956597824,162234,50
"KOGAN","KAQL50T96QC","Australia,Fiji,New Zealand",125.731,"LCD (LED)",99.42,3.540587956597824,162234,50
"KOGAN","KAQL50W94QA","Australia,Fiji,New Zealand",125.731,"LCD (LED)",101.23,3.506680454728492,158082,50
"KOGAN","KAQL50W94QB","Australia,Fiji,New Zealand",125.731,"LCD (LED)",101.23,3.506680454728492,160104,50
"KOGAN","KAQL50W94QC","Australia,Fiji,New Zealand",125.731,"LCD (LED)",101.23,3.506680454728492,160104,50
"KOGAN","KAQL50W94QD","Australia,Fiji,New Zealand",125.731,"LCD (LED)",101.23,3.506680454728492,160104,50
"KOGAN","KAQL50W94QE","Australia,Fiji,New Zealand",125.731,"LCD (LED)",101.23,3.506680454728492,160104,50
"KOGAN","KAQL50W94QF","Australia,Fiji,New Zealand",125.731,"LCD (LED)",101.23,3.506680454728492,160104,50
"KOGAN","KAQL50XQ98GSVA","Australia,Fiji,New Zealand",125.665,"LCD (LED)",104.46,3.525501428231561,158236,49
"KOGAN","KAQL55MQ8TA","Australia,New Zealand",138.783,"LCD (LED)",93.2,4.546877182237033,169197,55
"KOGAN","KAQL55MQ8TB","Australia,New Zealand",138.783,"LCD (LED)",93.2,4.546877182237033,169197,55
"KOGAN","KAQL55MQ8TC","Australia,New Zealand",138.783,"LCD (LED)",93.2,4.546877182237033,169197,55
"KOGAN","KAQL55MQ8TD","Australia,New Zealand",138.783,"LCD (LED)",93.2,4.546877182237033,169197,55
"KOGAN","KAQL55MQ8TE","Australia,New Zealand",138.783,"LCD (LED)",93.2,4.546877182237033,169197,55
"KOGAN","KAQL55MQ8ZT*","Australia,Fiji,New Zealand",138.651,"LCD (LED)",131.3,3.1704639084528186,172723,55
"KOGAN","KAQL55MQ8ZTA","Australia,Fiji,New Zealand",138.651,"LCD (LED)",131.3,3.1704639084528186,172723,55
"KOGAN","KAQL55MQ8ZTB","Australia,Fiji,New Zealand",138.651,"LCD (LED)",131.3,3.1704639084528186,172723,55
"KOGAN","KAQL55MQ8ZTC","Australia,Fiji,New Zealand",138.651,"LCD (LED)",131.3,3.1704639084528186,172723,55
"KOGAN","KAQL55MQ8ZTD","Australia,Fiji,New Zealand",138.651,"LCD (LED)",131.3,3.1704639084528186,172723,55
"KOGAN","KAQL55MQ8ZTE","Australia,Fiji,New Zealand",138.651,"LCD (LED)",131.3,3.1704639084528186,172723,55
"KOGAN","KAQL55MQ9VA","Australia,Fiji,New Zealand",138.798,"LCD (LED)",104.88,3.6659665217587554,181825,55
"KOGAN","KAQL55MQ9VB","Australia,Fiji,New Zealand",138.798,"LCD (LED)",104.88,3.6659665217587554,181825,55
"KOGAN","KAQL55MQ9VC","Australia,Fiji,New Zealand",138.798,"LCD (LED)",104.88,3.6659665217587554,181825,55
"KOGAN","KAQL55MQ9ZT*","Australia,Fiji,New Zealand",138.783,"LCD (LED)",97.4,4.0111451391386845,175977,55
"KOGAN","KAQL55MQ9ZTA","Australia,Fiji,New Zealand",138.783,"LCD (LED)",97.4,4.0111451391386845,175977,55
"KOGAN","KAQL55MQ9ZTB","Australia,Fiji,New Zealand",138.783,"LCD (LED)",97.4,4.0111451391386845,175977,55
"KOGAN","KAQL55MQ9ZTC","Australia,Fiji,New Zealand",138.783,"LCD (LED)",97.4,4.0111451391386845,175977,55
"KOGAN","KAQL55MQ9ZTD","Australia,Fiji,New Zealand",138.783,"LCD (LED)",97.4,4.0111451391386845,175977,55
"KOGAN","KAQL55MQ9ZTE","Australia,Fiji,New Zealand",138.783,"LCD (LED)",97.4,4.0111451391386845,175977,55
"KOGAN","KAQL55Q9VA","Australia,Fiji,New Zealand",138.798,"LCD (LED)",80.58,5.0870067256567815,178952,55
"KOGAN","KAQL55Q9VB","Australia,Fiji,New Zealand",138.798,"LCD (LED)",80.58,5.0870067256567815,178952,55
"KOGAN","KAQL55Q9VC","Australia,Fiji,New Zealand",138.798,"LCD (LED)",80.58,5.0870067256567815,178952,55
"KOGAN","KAQL55Q97T*","Australia,Fiji,New Zealand",138.783,"LCD (LED)",129.3,3.1783337143544577,171487,55
"KOGAN","KAQL55Q97TA","Australia,Fiji,New Zealand",138.783,"LCD (LED)",129.3,3.1783337143544577,171487,55
"KOGAN","KAQL55Q97TB","Australia,Fiji,New Zealand",138.783,"LCD (LED)",129.3,3.1783337143544577,171487,55
"KOGAN","KAQL55Q97TC","Australia,Fiji,New Zealand",138.783,"LCD (LED)",129.3,3.1783337143544577,171487,55
"KOGAN","KAQL55Q97TD","Australia,Fiji,New Zealand",138.783,"LCD (LED)",129.3,3.1783337143544577,171487,55
"KOGAN","KAQL55Q97TE","Australia,Fiji,New Zealand",138.783,"LCD (LED)",129.3,3.1783337143544577,171487,55
"KOGAN","KAQL55R96KA","Australia,Fiji,New Zealand",138.783,"LCD (LED)",69.4,5.891771940265505,165604,55
"KOGAN","KAQL55T96QA","Australia,Fiji,New Zealand",138.783,"LCD (LED)",115,4.02167727117258,162230,55
"KOGAN","KAQL55T96QB","Australia,Fiji,New Zealand",138.783,"LCD (LED)",115,4.02167727117258,162230,55
"KOGAN","KAQL55T96QC","Australia,Fiji,New Zealand",138.783,"LCD (LED)",115,4.02167727117258,162230,55
"KOGAN","KAQL55T97Q*","Australia,Fiji,New Zealand",138.783,"LCD",110.95,4.000637701458118,170530,55
"KOGAN","KAQL55T97QA","Australia,Fiji,New Zealand",138.783,"LCD",110.95,4.000637701458118,170530,55
"KOGAN","KAQL55T97QB","Australia,Fiji,New Zealand",138.783,"LCD",110.95,4.000637701458118,170530,55
"KOGAN","KAQL55T97QC","Australia,Fiji,New Zealand",138.783,"LCD",110.95,4.000637701458118,170530,55
"KOGAN","KAQL55T97QD","Australia,Fiji,New Zealand",138.783,"LCD",110.95,4.000637701458118,170530,55
"KOGAN","KAQL55W94QA","Australia,Fiji,New Zealand",138.783,"LCD (LED)",111.7,4.000637701458118,157967,55
"KOGAN","KAQL55W94QB","Australia,Fiji,New Zealand",138.783,"LCD (LED)",111.7,4.000637701458118,160101,55
"KOGAN","KAQL55W94QC","Australia,Fiji,New Zealand",138.783,"LCD (LED)",111.7,4.000637701458118,160101,55
"KOGAN","KAQL55W94QD","Australia,Fiji,New Zealand",138.783,"LCD (LED)",111.7,4.000637701458118,160101,55
"KOGAN","KAQL55W94QE","Australia,Fiji,New Zealand",138.783,"LCD (LED)",111.7,4.000637701458118,160101,55
"KOGAN","KAQL55W94QF","Australia,Fiji,New Zealand",138.783,"LCD (LED)",111.7,4.000637701458118,160101,55
"KOGAN","KAQL55XQ98GST*","Australia,Fiji,New Zealand",138.783,"LCD (LED)",92.8,4.546877182237033,162553,55
"KOGAN","KAQL55XQ98GSTA","Australia,Fiji,New Zealand",138.783,"LCD (LED)",92.8,4.546877182237033,162553,55
"KOGAN","KAQL55XQ98GSTB","Australia,Fiji,New Zealand",138.783,"LCD (LED)",92.8,4.546877182237033,162553,55
"KOGAN","KAQL55XQ98GSTC","Australia,Fiji,New Zealand",138.783,"LCD (LED)",92.8,4.546877182237033,162553,55
"KOGAN","KAQL55XQ98GSTD","Australia,Fiji,New Zealand",138.783,"LCD (LED)",92.8,4.546877182237033,162553,55
"KOGAN","KAQL55XQ98GSTE","Australia,Fiji,New Zealand",138.783,"LCD (LED)",92.8,4.546877182237033,162553,55
"KOGAN","KAQL55XQ98GSVA","Australia,Fiji,New Zealand",138.798,"LCD (LED)",123.84,3.5221653033837876,181842,55
"KOGAN","KAQL55XQ98GSVB","Australia,Fiji,New Zealand",138.798,"LCD (LED)",123.84,3.5221653033837876,181842,55
"KOGAN","KAQL55XQ98GSVC","Australia,Fiji,New Zealand",138.798,"LCD (LED)",123.84,3.5221653033837876,181842,55
"KOGAN","KAQL65MQ8TA","Australia,New Zealand",163.896,"LCD (LED)",109.1,5.297308055358051,169170,65
"KOGAN","KAQL65MQ8TB","Australia,New Zealand",163.896,"LCD (LED)",109.1,5.297308055358051,169170,65
"KOGAN","KAQL65MQ8TC","Australia,New Zealand",163.896,"LCD (LED)",109.1,5.297308055358051,169170,65
"KOGAN","KAQL65MQ8TD","Australia,New Zealand",163.896,"LCD (LED)",109.1,5.297308055358051,169170,65
"KOGAN","KAQL65MQ8TE","Australia,New Zealand",163.896,"LCD (LED)",109.1,5.297308055358051,169170,65
"KOGAN","KAQL65MQ8ZT*","Australia,Fiji,New Zealand",163.896,"LCD (LED)",120.1,5.037732336536836,172724,65
"KOGAN","KAQL65MQ8ZTA","Australia,Fiji,New Zealand",163.896,"LCD (LED)",120.1,5.037732336536836,172724,65
"KOGAN","KAQL65MQ8ZTB","Australia,Fiji,New Zealand",163.896,"LCD (LED)",120.1,5.037732336536836,172724,65
"KOGAN","KAQL65MQ8ZTC","Australia,Fiji,New Zealand",163.896,"LCD (LED)",120.1,5.037732336536836,172724,65
"KOGAN","KAQL65MQ8ZTD","Australia,Fiji,New Zealand",163.896,"LCD (LED)",120.1,5.037732336536836,172724,65
"KOGAN","KAQL65MQ8ZTE","Australia,Fiji,New Zealand",163.896,"LCD (LED)",120.1,5.037732336536836,172724,65
"KOGAN","KAQL65MQ9T*","Australia,Fiji,New Zealand",165.513,"LCD (LED)",136.1,4.5045888629198965,160490,65
"KOGAN","KAQL65MQ9TA","Australia,Fiji,New Zealand",165.513,"LCD (LED)",136.1,4.5045888629198965,160490,65
"KOGAN","KAQL65MQ9TB","Australia,Fiji,New Zealand",165.513,"LCD (LED)",136.1,4.5045888629198965,160490,65
"KOGAN","KAQL65MQ9TC","Australia,Fiji,New Zealand",165.513,"LCD (LED)",136.1,4.5045888629198965,160490,65
"KOGAN","KAQL65MQ9TD","Australia,Fiji,New Zealand",165.513,"LCD (LED)",136.1,4.5045888629198965,160490,65
"KOGAN","KAQL65MQ9TE","Australia,Fiji,New Zealand",165.513,"LCD (LED)",136.1,4.5045888629198965,160490,65
"KOGAN","KAQL65MQ9VA","Australia,Fiji,New Zealand",163.878,"LCD (LED)",128.52,4.55214399088624,181823,65
"KOGAN","KAQL65MQ9VB","Australia,Fiji,New Zealand",163.878,"LCD (LED)",128.52,4.55214399088624,181823,65
"KOGAN","KAQL65MQ9VC","Australia,Fiji,New Zealand",163.878,"LCD (LED)",128.52,4.55214399088624,181823,65
"KOGAN","KAQL65MQ9ZT*","Australia,Fiji,New Zealand",163.896,"LCD (LED)",147.3,4.026107375108334,175845,65
"KOGAN","KAQL65MQ9ZTA","Australia,Fiji,New Zealand",163.896,"LCD (LED)",147.3,4.026107375108334,175845,65
"KOGAN","KAQL65MQ9ZTB","Australia,Fiji,New Zealand",163.896,"LCD (LED)",147.3,4.026107375108334,175845,65
"KOGAN","KAQL65MQ9ZTC","Australia,Fiji,New Zealand",163.896,"LCD (LED)",147.3,4.026107375108334,175845,65
"KOGAN","KAQL65MQ9ZTD","Australia,Fiji,New Zealand",163.896,"LCD (LED)",147.3,4.026107375108334,175845,65
"KOGAN","KAQL65MQ9ZTE","Australia,Fiji,New Zealand",163.896,"LCD (LED)",147.3,4.026107375108334,175845,65
"KOGAN","KAQL65MQXT*","Australia,Fiji,New Zealand",163.896,"LCD (LED)",197.274,2.5215522664520984,175833,65
"KOGAN","KAQL65MQXTA","Australia,Fiji,New Zealand",163.896,"LCD (LED)",208.5,2.5215522664520984,173205,65
"KOGAN","KAQL65MQXTB","Australia,Fiji,New Zealand",163.896,"LCD (LED)",197.274,2.5215522664520984,175833,65
"KOGAN","KAQL65MQXTC","Australia,Fiji,New Zealand",163.896,"LCD (LED)",197.274,2.5215522664520984,175833,65
"KOGAN","KAQL65MQXTD","Australia,Fiji,New Zealand",163.896,"LCD (LED)",197.274,2.5215522664520984,175833,65
"KOGAN","KAQL65Q9VA","Australia,Fiji,New Zealand",163.878,"LCD (LED)",102.66,4.6311524644559965,178955,65
"KOGAN","KAQL65Q9VB","Australia,Fiji,New Zealand",163.878,"LCD (LED)",102.66,4.6311524644559965,178955,65
"KOGAN","KAQL65Q9VC","Australia,Fiji,New Zealand",163.878,"LCD (LED)",102.66,4.6311524644559965,178955,65
"KOGAN","KAQL65Q97T*","Australia,Fiji,New Zealand",163.896,"LCD (LED)",180.8,3.20131462767076,171489,65
"KOGAN","KAQL65Q97TA","Australia,Fiji,New Zealand",163.896,"LCD (LED)",180.8,3.20131462767076,171489,65
"KOGAN","KAQL65Q97TB","Australia,Fiji,New Zealand",163.896,"LCD (LED)",180.8,3.20131462767076,171489,65
"KOGAN","KAQL65Q97TC","Australia,Fiji,New Zealand",163.896,"LCD (LED)",180.8,3.20131462767076,171489,65
"KOGAN","KAQL65Q97TD","Australia,Fiji,New Zealand",163.896,"LCD (LED)",180.8,3.20131462767076,171489,65
"KOGAN","KAQL65Q97TE","Australia,Fiji,New Zealand",163.896,"LCD (LED)",180.8,3.20131462767076,171489,65
"KOGAN","KAQL65R96KA","Australia,Fiji,New Zealand",163.897,"LCD (LED)",92.9,5.68346052076461,165605,65
"KOGAN","KAQL65T96QA","Australia,Fiji,New Zealand",163.896,"LCD (LED)",147.44,4.018374120182047,162235,65
"KOGAN","KAQL65T96QB","Australia,Fiji,New Zealand",163.896,"LCD (LED)",147.44,4.018374120182047,162235,65
"KOGAN","KAQL65T96QC","Australia,Fiji,New Zealand",163.896,"LCD (LED)",147.44,4.018374120182047,162235,65
"KOGAN","KAQL65T97Q*","Australia,Fiji,New Zealand",163.896,"LCD",162.79,3.5008528295690193,170531,65
"KOGAN","KAQL65T97QA","Australia,Fiji,New Zealand",163.896,"LCD",162.79,3.5008528295690193,170531,65
"KOGAN","KAQL65T97QB","Australia,Fiji,New Zealand",163.896,"LCD",162.79,3.5008528295690193,170531,65
"KOGAN","KAQL65T97QC","Australia,Fiji,New Zealand",163.896,"LCD",162.79,3.5008528295690193,170531,65
"KOGAN","KAQL65T97QD","Australia,Fiji,New Zealand",163.896,"LCD",162.79,3.5008528295690193,170531,65
"KOGAN","KAQL65W94QA","Australia,Fiji,New Zealand",163.896,"LCD (LED)",150.64,4.17563306674178,157789,65
"KOGAN","KAQL65W94QB","Australia,Fiji,New Zealand",163.881,"LCD (LED)",150.64,4.173950665703787,160102,65
"KOGAN","KAQL65W94QC","Australia,Fiji,New Zealand",163.881,"LCD (LED)",150.64,4.173950665703787,160102,65
"KOGAN","KAQL65W94QD","Australia,Fiji,New Zealand",163.881,"LCD (LED)",150.64,4.173950665703787,160102,65
"KOGAN","KAQL65W94QE","Australia,Fiji,New Zealand",163.881,"LCD (LED)",150.64,4.173950665703787,160102,65
"KOGAN","KAQL65W94QF","Australia,Fiji,New Zealand",163.881,"LCD (LED)",150.64,4.173950665703787,160102,65
"KOGAN","KAQL65XQ98****","Australia,Fiji,New Zealand",163.829,"LCD (LED)",157.32,3.615280634191649,170006,64
"KOGAN","KAQL65XQ98GST*","Australia,Fiji,New Zealand",163.896,"LCD (LED)",144.5,4.026107375108334,163413,65
"KOGAN","KAQL65XQ98GSTA","Australia,Fiji,New Zealand",163.829,"LCD (LED)",195.5,2.5229346480061015,157699,64
"KOGAN","KAQL65XQ98GSTB","Australia,Fiji,New Zealand",163.896,"LCD (LED)",144.5,4.026107375108334,163413,65
"KOGAN","KAQL65XQ98GSTC","Australia,Fiji,New Zealand",163.896,"LCD (LED)",144.5,4.026107375108334,163413,65
"KOGAN","KAQL65XQ98GSTD","Australia,Fiji,New Zealand",163.896,"LCD (LED)",144.5,4.026107375108334,163413,65
"KOGAN","KAQL65XQ98GSTE","Australia,Fiji,New Zealand",163.896,"LCD (LED)",144.5,4.026107375108334,163413,65
"KOGAN","KAQL65XQ98GSVA","Australia,Fiji,New Zealand",163.878,"LCD (LED)",151.62,3.6205371729918245,181843,65
"KOGAN","KAQL65XQ98GSVB","Australia,Fiji,New Zealand",163.878,"LCD (LED)",151.62,3.6205371729918245,181843,65
"KOGAN","KAQL65XQ98GSVC","Australia,Fiji,New Zealand",163.878,"LCD (LED)",151.62,3.6205371729918245,181843,65
"KOGAN","KAQL70T96QA","Australia,Fiji,New Zealand",176.538,"LCD (LED)",138.82,5.005691320259438,163478,70
"KOGAN","KAQL70T96QB","Australia,Fiji,New Zealand",176.538,"LCD (LED)",138.82,5.005691320259438,163478,70
"KOGAN","KAQL70T96QC","Australia,Fiji,New Zealand",176.538,"LCD (LED)",138.82,5.005691320259438,163478,70
"KOGAN","KAQL70T96QD","Australia,Fiji,New Zealand",176.538,"LCD (LED)",138.82,5.005691320259438,163478,70
"KOGAN","KAQL70T97Q*","Australia,Fiji,New Zealand",176.538,"LCD",139.61,5.005691320259438,172072,70
"KOGAN","KAQL70T97QA","Australia,Fiji,New Zealand",176.538,"LCD",139.61,5.005691320259438,172072,70
"KOGAN","KAQL70T97QB","Australia,Fiji,New Zealand",176.538,"LCD",139.61,5.005691320259438,172072,70
"KOGAN","KAQL70T97QC","Australia,Fiji,New Zealand",176.538,"LCD",139.61,5.005691320259438,172072,70
"KOGAN","KAQL70T97QD","Australia,Fiji,New Zealand",176.538,"LCD",139.61,5.005691320259438,172072,70
"KOGAN","KAQL70W94QA","Australia,Fiji,New Zealand",176.538,"LCD (LED)",142.43,5.005691320259438,159741,70
"KOGAN","KAQL70W94QB","Australia,Fiji,New Zealand",176.538,"LCD (LED)",142.43,5.005691320259438,159741,70
"KOGAN","KAQL70W94QC","Australia,Fiji,New Zealand",176.538,"LCD (LED)",142.43,5.005691320259438,159741,70
"KOGAN","KAQL70W94QD","Australia,Fiji,New Zealand",176.538,"LCD (LED)",142.43,5.005691320259438,159741,70
"KOGAN","KAQL70W94QE","Australia,Fiji,New Zealand",176.538,"LCD (LED)",142.43,5.005691320259438,159741,70
"KOGAN","KAQL70W94QF","Australia,Fiji,New Zealand",176.538,"LCD (LED)",142.43,5.005691320259438,159741,70
"KOGAN","KAQL75MQ8TA","Australia,New Zealand",189.34,"LCD (LED)",135.9,5.642279763141617,169168,75
"KOGAN","KAQL75MQ8TB","Australia,New Zealand",189.34,"LCD (LED)",135.9,5.642279763141617,169168,75
"KOGAN","KAQL75MQ8TC","Australia,New Zealand",189.34,"LCD (LED)",135.9,5.642279763141617,169168,75
"KOGAN","KAQL75MQ8TD","Australia,New Zealand",189.34,"LCD (LED)",135.9,5.642279763141617,169168,75
"KOGAN","KAQL75MQ8TE","Australia,New Zealand",189.34,"LCD (LED)",135.9,5.642279763141617,169168,75
"KOGAN","KAQL75MQ8ZT*","Australia,Fiji,New Zealand",189.34,"LCD (LED)",193.1,4.088824023638374,172426,75
"KOGAN","KAQL75MQ8ZTA","Australia,Fiji,New Zealand",189.34,"LCD (LED)",193.1,4.088824023638374,172426,75
"KOGAN","KAQL75MQ8ZTB","Australia,Fiji,New Zealand",189.34,"LCD (LED)",193.1,4.088824023638374,172426,75
"KOGAN","KAQL75MQ8ZTC","Australia,Fiji,New Zealand",189.34,"LCD (LED)",193.1,4.088824023638374,172426,75
"KOGAN","KAQL75MQ8ZTD","Australia,Fiji,New Zealand",189.34,"LCD (LED)",193.1,4.088824023638374,172426,75
"KOGAN","KAQL75MQ8ZTE","Australia,Fiji,New Zealand",189.34,"LCD (LED)",193.1,4.088824023638374,172426,75
"KOGAN","KAQL75MQ9T*","Australia,Fiji,New Zealand",189.306,"LCD (LED)",145.4,5.026249349641676,161247,75
"KOGAN","KAQL75MQ9TA","Australia,Fiji,New Zealand",189.306,"LCD (LED)",145.4,5.026249349641676,161247,75
"KOGAN","KAQL75MQ9TB","Australia,Fiji,New Zealand",189.306,"LCD (LED)",145.4,5.026249349641676,161247,75
"KOGAN","KAQL75MQ9TC","Australia,Fiji,New Zealand",189.306,"LCD (LED)",145.4,5.026249349641676,161247,75
"KOGAN","KAQL75MQ9TD","Australia,Fiji,New Zealand",189.306,"LCD (LED)",145.4,5.026249349641676,161247,75
"KOGAN","KAQL75MQ9TE","Australia,Fiji,New Zealand",189.306,"LCD (LED)",145.4,5.026249349641676,161247,75
"KOGAN","KAQL75MQ9ZT*","Australia,Fiji,New Zealand",189.34,"LCD (LED)",223.7,3.5180977132543605,175846,75
"KOGAN","KAQL75MQ9ZTA","Australia,Fiji,New Zealand",189.34,"LCD (LED)",223.7,3.5180977132543605,175846,75
"KOGAN","KAQL75MQ9ZTB","Australia,Fiji,New Zealand",189.34,"LCD (LED)",223.7,3.5180977132543605,175846,75
"KOGAN","KAQL75MQ9ZTC","Australia,Fiji,New Zealand",189.34,"LCD (LED)",223.7,3.5180977132543605,175846,75
"KOGAN","KAQL75MQ9ZTD","Australia,Fiji,New Zealand",189.34,"LCD (LED)",223.7,3.5180977132543605,175846,75
"KOGAN","KAQL75MQ9ZTE","Australia,Fiji,New Zealand",189.34,"LCD (LED)",223.7,3.5180977132543605,175846,75
"KOGAN","KAQL75MQXT*","Australia,Fiji,New Zealand",189.34,"LCD (LED)",214.632,3.5338866436830774,175832,75
"KOGAN","KAQL75MQXTA","Australia,Fiji,New Zealand",189.34,"LCD (LED)",248.3,3.0354378448934285,173235,75
"KOGAN","KAQL75MQXTB","Australia,Fiji,New Zealand",189.34,"LCD (LED)",214.632,3.5338866436830774,175832,75
"KOGAN","KAQL75MQXTC","Australia,Fiji,New Zealand",189.34,"LCD (LED)",214.632,3.5338866436830774,175832,75
"KOGAN","KAQL75MQXTD","Australia,Fiji,New Zealand",189.34,"LCD (LED)",214.632,3.5338866436830774,175832,75
"KOGAN","KAQL75Q9VA","Australia,Fiji,New Zealand",189.306,"LCD (LED)",130.8,5.5485690204715645,178959,75
"KOGAN","KAQL75Q9VAC","Australia,Fiji,New Zealand",189.306,"LCD (LED)",130.8,5.5485690204715645,178959,75
"KOGAN","KAQL75Q9VB","Australia,Fiji,New Zealand",189.306,"LCD (LED)",130.8,5.5485690204715645,178959,75
"KOGAN","KAQL75Q97T*","Australia,Fiji,New Zealand",189.34,"LCD (LED)",179.1,4.501055580231206,175829,75
"KOGAN","KAQL75Q97TA","Australia,Fiji,New Zealand",189.34,"LCD (LED)",179.1,4.501055580231206,175829,75
"KOGAN","KAQL75Q97TB","Australia,Fiji,New Zealand",189.34,"LCD (LED)",179.1,4.501055580231206,175829,75
"KOGAN","KAQL75Q97TC","Australia,Fiji,New Zealand",189.34,"LCD (LED)",179.1,4.501055580231206,175829,75
"KOGAN","KAQL75Q97TD","Australia,Fiji,New Zealand",189.34,"LCD (LED)",179.1,4.501055580231206,175829,75
"KOGAN","KAQL75Q97TE","Australia,Fiji,New Zealand",189.34,"LCD (LED)",179.1,4.501055580231206,175829,75
"KOGAN","KAQL75T96QA","Australia,Fiji,New Zealand",189.34,"LCD (LED)",180,4.533886643683078,162237,75
"KOGAN","KAQL75T96QB","Australia,Fiji,New Zealand",189.34,"LCD (LED)",180,4.533886643683078,162237,75
"KOGAN","KAQL75T96QC","Australia,Fiji,New Zealand",189.34,"LCD (LED)",180,4.533886643683078,162237,75
"KOGAN","KAQL75W94QA","Australia,Fiji,New Zealand",189.34,"LCD (LED)",187.1,4.468463290262498,157788,75
"KOGAN","KAQL75W94QB","Australia,Fiji,New Zealand",189.34,"LCD (LED)",187.1,4.468463290262498,160103,75
"KOGAN","KAQL75W94QC","Australia,Fiji,New Zealand",189.34,"LCD (LED)",187.1,4.468463290262498,160103,75
"KOGAN","KAQL75W94QD","Australia,Fiji,New Zealand",189.34,"LCD (LED)",187.1,4.468463290262498,160103,75
"KOGAN","KAQL75W94QE","Australia,Fiji,New Zealand",189.34,"LCD (LED)",187.1,4.468463290262498,160103,75
"KOGAN","KAQL75W94QF","Australia,Fiji,New Zealand",189.34,"LCD (LED)",187.1,4.468463290262498,160103,75
"KOGAN","KAQL75WQ98 series","Australia,Fiji,New Zealand",189.306,"LCD (LED)",130.8,5.5485690204715645,169114,75
"KOGAN","KAQL75WQ98GSVA","Australia,Fiji,New Zealand",189.306,"LCD (LED)",130.8,5.5485690204715645,169114,75
"KOGAN","KAQL75WQ98GSVB","Australia,Fiji,New Zealand",189.306,"LCD (LED)",130.8,5.5485690204715645,169114,75
"KOGAN","KAQL75WQ98GSVC","Australia,Fiji,New Zealand",189.306,"LCD (LED)",130.8,5.5485690204715645,169114,75
"KOGAN","KAQL75XQ98GST*","Australia,Fiji,New Zealand",189.306,"LCD (LED)",172.1,4.525477367742598,159584,75
"KOGAN","KAQL75XQ98GSTA","Australia,Fiji,New Zealand",189.306,"LCD (LED)",172.1,4.525477367742598,159584,75
"KOGAN","KAQL75XQ98GSTB","Australia,Fiji,New Zealand",189.306,"LCD (LED)",172.1,4.525477367742598,159584,75
"KOGAN","KAQL75XQ98GSTC","Australia,Fiji,New Zealand",189.306,"LCD (LED)",172.1,4.525477367742598,159584,75
"KOGAN","KAQL75XQ98GSTD","Australia,Fiji,New Zealand",189.306,"LCD (LED)",172.1,4.525477367742598,159584,75
"KOGAN","KAQL75XQ98GSTE","Australia,Fiji,New Zealand",189.306,"LCD (LED)",172.1,4.525477367742598,159584,75
"KOGAN","KAQL75XQ98GSVA","Australia,Fiji,New Zealand",189.306,"LCD (LED)",159.6,4.782789674433651,164014,75
"KOGAN","KAQL75XQ98GSVA series","Australia,Fiji,New Zealand",189.306,"LCD (LED)",159.6,4.782789674433651,164014,75
"KOGAN","KAQL75XQ98GSVB","Australia,Fiji,New Zealand",189.306,"LCD (LED)",159.6,4.782789674433651,164014,75
"KOGAN","KAQL75XQ98GSVC","Australia,Fiji,New Zealand",189.306,"LCD (LED)",159.6,4.782789674433651,164014,75
"KOGAN","KAQL85 series","Australia,Fiji,New Zealand",214.783,"LCD (LED)",216.3,4.552077515720736,168867,85
"KOGAN","KAQL85MQ9T*","Australia,Fiji,New Zealand",214.783,"LCD (LED)",227.8,4.510726171643211,176749,85
"KOGAN","KAQL85MQ9TA","Australia,Fiji,New Zealand",214.783,"LCD (LED)",227.8,4.510726171643211,176749,85
"KOGAN","KAQL85MQ9TB","Australia,Fiji,New Zealand",214.783,"LCD (LED)",227.8,4.510726171643211,176749,85
"KOGAN","KAQL85MQ9TC","Australia,Fiji,New Zealand",214.783,"LCD (LED)",227.8,4.510726171643211,176749,85
"KOGAN","KAQL85MQ9TD","Australia,Fiji,New Zealand",214.783,"LCD (LED)",227.8,4.510726171643211,176749,85
"KOGAN","KAQL85MQ9TE","Australia,Fiji,New Zealand",214.783,"LCD (LED)",227.8,4.510726171643211,176749,85
"KOGAN","KAQL85MQXT*","Australia,Fiji,New Zealand",214.783,"LCD (LED)",255.138,3.546887682925626,175830,85
"KOGAN","KAQL85MQXTA","Australia,Fiji,New Zealand",214.783,"LCD (LED)",321.3,2.546887682925626,173236,85
"KOGAN","KAQL85MQXTB","Australia,Fiji,New Zealand",214.783,"LCD (LED)",255.138,3.546887682925626,175830,85
"KOGAN","KAQL85MQXTC","Australia,Fiji,New Zealand",214.783,"LCD (LED)",255.138,3.546887682925626,175830,85
"KOGAN","KAQL85MQXTD","Australia,Fiji,New Zealand",214.783,"LCD (LED)",255.138,3.546887682925626,175830,85
"KOGAN","KAQL85Q9VA","Australia,Fiji,New Zealand",214.783,"LCD (LED)",216.3,4.552077515720736,178960,85
"KOGAN","KAQL85Q9VB","Australia,Fiji,New Zealand",214.783,"LCD (LED)",216.3,4.552077515720736,180946,85
"KOGAN","KAQL85Q9VC","Australia,Fiji,New Zealand",214.783,"LCD (LED)",216.3,4.552077515720736,180946,85
"KOGAN","KAQL85T96QA","Australia,Fiji,New Zealand",215.329,"LCD (LED)",280.55,3.5055839279471974,162831,85
"KOGAN","KAQL85T96QB","Australia,Fiji,New Zealand",215.329,"LCD (LED)",280.55,3.5055839279471974,162831,85
"KOGAN","KAQL85T96QC","Australia,Fiji,New Zealand",215.329,"LCD (LED)",280.55,3.5055839279471974,162831,85
"KOGAN","KAQL85T96QD","Australia,Fiji,New Zealand",215.329,"LCD (LED)",280.55,3.5055839279471974,162831,85
"KOGAN","KAQL85W94QA","Australia,Fiji,New Zealand",214.783,"LCD (LED)",292.93,3.5055839793202916,159275,85
"KOGAN","KAQL85WQ98GSVA","Australia,Fiji,New Zealand",214.783,"LCD (LED)",216.3,4.552077515720736,168867,85
"KOGAN","KAQL85WQ98GSVB","Australia,Fiji,New Zealand",214.783,"LCD (LED)",216.3,4.552077515720736,168867,85
"KOGAN","KAQL85WQ98GSVC","Australia,Fiji,New Zealand",214.783,"LCD (LED)",216.3,4.552077515720736,168867,85
"KOGAN","KAQL85XQ98GS series","Australia,Fiji,New Zealand",214.783,"LCD (LED)",226.38,4.5261882460425475,164267,85
"KOGAN","KAQL85XQ98GST*","Australia,Fiji,New Zealand",214.783,"LCD (LED)",250.7,4.00984086202183,159579,85
"KOGAN","KAQL85XQ98GSTA","Australia,Fiji,New Zealand",214.783,"LCD (LED)",250.7,4.00984086202183,159579,85
"KOGAN","KAQL85XQ98GSTB","Australia,Fiji,New Zealand",214.783,"LCD (LED)",250.7,4.00984086202183,159579,85
"KOGAN","KAQL85XQ98GSTC","Australia,Fiji,New Zealand",214.783,"LCD (LED)",250.7,4.00984086202183,159579,85
"KOGAN","KAQL85XQ98GSTD","Australia,Fiji,New Zealand",214.783,"LCD (LED)",250.7,4.00984086202183,159579,85
"KOGAN","KAQL85XQ98GSTE","Australia,Fiji,New Zealand",214.783,"LCD (LED)",250.7,4.00984086202183,159579,85
"KOGAN","KAQL85XQ98GSVA","Australia,Fiji,New Zealand",214.783,"LCD (LED)",226.38,4.5261882460425475,164267,85
"KOGAN","KAQL85XQ98GSVB","Australia,Fiji,New Zealand",214.783,"LCD (LED)",226.38,4.5261882460425475,164267,85
"KOGAN","KAQL85XQ98GSVC","Australia,Fiji,New Zealand",214.783,"LCD (LED)",226.38,4.5261882460425475,164267,85
"KOGAN","KAQL86T96QA","Australia,Fiji,New Zealand",217.518,"LCD (LED)",298.5,3.5018497413173733,164586,86
"KOGAN","KAQL86T96QB","Australia,Fiji,New Zealand",217.518,"LCD (LED)",298.5,3.5018497413173733,164586,86
"KOGAN","KAQL86T96QC","Australia,Fiji,New Zealand",217.518,"LCD (LED)",298.5,3.5018497413173733,164586,86
"KOGAN","KAQL86T96QD","Australia,Fiji,New Zealand",217.518,"LCD (LED)",298.5,3.5018497413173733,164586,86
"KOGAN","KAQL98XQ98GST*","Australia,Fiji,New Zealand",247.691,"LCD (LED)",297.5,4.191691627513516,158147,98
"KOGAN","KAQL98XQ98GSTA","Australia,Fiji,New Zealand",247.691,"LCD (LED)",297.5,4.191691627513516,158147,98
"KOGAN","KAQL98XQ98GSTB","Australia,Fiji,New Zealand",247.691,"LCD (LED)",297.5,4.191691627513516,158147,98
"KOGAN","KAQL98XQ98GSTC","Australia,Fiji,New Zealand",247.691,"LCD (LED)",297.5,4.191691627513516,158147,98
"KOGAN","KAQL98XQ98GSTD","Australia,Fiji,New Zealand",247.691,"LCD (LED)",297.5,4.191691627513516,158147,98
"KOGAN","KAQL98XQ98GSTE","Australia,Fiji,New Zealand",247.691,"LCD (LED)",297.5,4.191691627513516,158147,98
"KOGAN","KAQL100MQ9ZT*","Australia,Fiji,New Zealand",252.784,"LCD (LED)",219.1,5.515246011667352,175847,100
"KOGAN","KAQL100MQ9ZTA","Australia,Fiji,New Zealand",252.784,"LCD (LED)",219.1,5.515246011667352,175847,100
"KOGAN","KAQL100MQ9ZTB","Australia,Fiji,New Zealand",252.784,"LCD (LED)",219.1,5.515246011667352,175847,100
"KOGAN","KAQL100MQ9ZTC","Australia,Fiji,New Zealand",252.784,"LCD (LED)",219.1,5.515246011667352,175847,100
"KOGAN","KAQL100MQ9ZTD","Australia,Fiji,New Zealand",252.784,"LCD (LED)",219.1,5.515246011667352,175847,100
"KOGAN","KAQL100MQ9ZTE","Australia,Fiji,New Zealand",252.784,"LCD (LED)",219.1,5.515246011667352,175847,100
"KOGAN","KAQL100MQXT*","Australia,Fiji,New Zealand",252.784,"LCD (LED)",254.9,5.0902545561118995,174687,100
"KOGAN","KAQL100MQXTA","Australia,Fiji,New Zealand",252.784,"LCD (LED)",254.9,5.0902545561118995,174687,100
"KOGAN","KAQL100MQXTB","Australia,Fiji,New Zealand",252.784,"LCD (LED)",254.9,5.0902545561118995,174687,100
"KOGAN","KAQL100MQXTC","Australia,Fiji,New Zealand",252.784,"LCD (LED)",254.9,5.0902545561118995,174687,100
"KOGAN","KAQL100MQXTD","Australia,Fiji,New Zealand",252.784,"LCD (LED)",254.9,5.0902545561118995,174687,100
"KOGAN","KAQL100T96QA","Australia,Fiji,New Zealand",253.136,"LCD (LED)",379.07,3.5008157002390408,162834,100
"KOGAN","KAQL100T96QB","Australia,Fiji,New Zealand",253.136,"LCD (LED)",379.07,3.5008157002390408,162834,100
"KOGAN","KAQL100T96QC","Australia,Fiji,New Zealand",253.136,"LCD (LED)",379.07,3.5008157002390408,162834,100
"KOGAN","KAQL100XQ98GSV series","Australia,Fiji,New Zealand",252.751,"OLED",446.3,3.0092711879419327,165603,100
"KOGAN","KAQL100XQ98GSVA","Australia,Fiji,New Zealand",252.751,"OLED",446.3,3.0092711879419327,165603,100
"KOGAN","KAQL100XQ98GSVB","Australia,Fiji,New Zealand",252.751,"OLED",446.3,3.0092711879419327,165603,100
"KOGAN","KAQL100XQ98GSVC","Australia,Fiji,New Zealand",252.751,"OLED",446.3,3.0092711879419327,165603,100
"KOGAN","KAQLED43XQ98JSTA","Australia,Fiji,New Zealand",107.95,"LCD (LED)",90.1,2.824204819310837,154394,42
"KOGAN","KAQLED43XQ98JSTB","Australia,Fiji,New Zealand",107.95,"LCD (LED)",90.1,2.824204819310837,154394,42
"KOGAN","KAQLED43XQ98JSTC","Australia,Fiji,New Zealand",107.95,"LCD (LED)",90.1,2.824204819310837,154394,42
"KOGAN","KAQLED43XQ98JSTD","Australia,Fiji,New Zealand",107.95,"LCD (LED)",90.1,2.824204819310837,154394,42
"KOGAN","KAQLED43XQ98JSTE","Australia,Fiji,New Zealand",107.95,"LCD (LED)",90.1,2.824204819310837,154394,42
"KOGAN","KAQLED50XQ98JSTA","Australia,Fiji,New Zealand",125.638,"LCD (LED)",104,3.6847444319425677,150585,49
"KOGAN","KAQLED50XQ98JSTB","Australia,Fiji,New Zealand",125.638,"LCD (LED)",104,3.6847444319425677,150585,49
"KOGAN","KAQLED50XQ98JSTC","Australia,Fiji,New Zealand",125.638,"LCD (LED)",104,3.6847444319425677,150585,49
"KOGAN","KAQLED50XQ98JSTD","Australia,Fiji,New Zealand",125.638,"LCD (LED)",104,3.6847444319425677,150585,49
"KOGAN","KAQLED50XQ9610STA","Australia,Fiji,New Zealand",125.638,"LCD (LED)",90,4.3269419428521605,144436,49
"KOGAN","KAQLED55RQ9510SVA","Australia,Fiji,New Zealand",138.783,"LCD (LED)",53.64,6.453747698931702,143013,55
"KOGAN","KAQLED55RQ9510SVB","Australia,Fiji,New Zealand",138.783,"LCD (LED)",53.64,6.453747698931702,143013,55
"KOGAN","KAQLED55RQ9510SVC","Australia,Fiji,New Zealand",138.783,"LCD (LED)",53.64,6.453747698931702,143013,55
"KOGAN","KAQLED55RQ9510SVD","Australia,Fiji,New Zealand",138.783,"LCD (LED)",53.64,6.453747698931702,143013,55
"KOGAN","KAQLED55XQ98JSTA","Australia,Fiji,New Zealand",138.711,"LCD (LED)",92,5.03039972533415,150476,55
"KOGAN","KAQLED55XQ98JSTB","Australia,Fiji,New Zealand",138.711,"LCD (LED)",92,5.03039972533415,150476,55
"KOGAN","KAQLED55XQ98JSTC","Australia,Fiji,New Zealand",138.711,"LCD (LED)",92,5.03039972533415,150476,55
"KOGAN","KAQLED55XQ98JSTD","Australia,Fiji,New Zealand",138.711,"LCD (LED)",92,5.03039972533415,150476,55
"KOGAN","KAQLED55XQ9610STA","Australia,Fiji,New Zealand",138.711,"LCD",113,4.123905176605657,142171,55
"KOGAN","KAQLED65RQ9510SVA","Australia,Fiji,New Zealand",163.896,"LCD (LED)",99.95,5.8431668676196225,143647,65
"KOGAN","KAQLED65XQ98JSTA","Australia,Fiji,New Zealand",163.829,"LCD (LED)",158,4.021953721223637,150474,64
"KOGAN","KAQLED65XQ98JSTB","Australia,Fiji,New Zealand",163.829,"LCD (LED)",158,4.021953721223637,150474,64
"KOGAN","KAQLED65XQ98JSTC","Australia,Fiji,New Zealand",163.829,"LCD (LED)",158,4.021953721223637,150474,64
"KOGAN","KAQLED65XQ98JSTD","Australia,Fiji,New Zealand",163.829,"LCD (LED)",158,4.021953721223637,150474,64
"KOGAN","KAQLED65XQ9610STA","Australia,Fiji,New Zealand",163.829,"LCD",156,4.076463412951497,142663,64
"KOGAN","KAQLED65XQ9610STB","Australia,Fiji,New Zealand",163.829,"LCD (LED)",156,4.076463412951497,144851,64
"KOGAN","KAQLED75XQ98JSTA","Australia,Fiji,New Zealand",189.306,"LCD (LED)",182,4.618566592645355,150475,75
"KOGAN","KAQLED75XQ98JSTB","Australia,Fiji,New Zealand",189.306,"LCD (LED)",182,4.618566592645355,150475,75
"KOGAN","KAQLED75XQ98JSTC","Australia,Fiji,New Zealand",189.306,"LCD (LED)",182,4.618566592645355,150475,75
"KOGAN","KAQLED75XQ98JSTD","Australia,Fiji,New Zealand",189.306,"LCD (LED)",182,4.618566592645355,150475,75
"KOGAN","KAQLED75XQ9610STA","Australia,Fiji,New Zealand",189.306,"LCD",182,4.618566592645355,142463,75
"KOGAN","KAQLED85XQ98JSTA","Australia,Fiji,New Zealand",214.783,"LCD (LED)",266,4.00984086202183,150270,85
"KOGAN","KAQLED85XQ98JSTB","Australia,Fiji,New Zealand",214.783,"LCD (LED)",266,4.00984086202183,150270,85
"KOGAN","KAQLED85XQ98JSTC","Australia,Fiji,New Zealand",214.783,"LCD (LED)",266,4.00984086202183,150270,85
"KOGAN","KAQLED85XQ98JSTD","Australia,Fiji,New Zealand",214.783,"LCD (LED)",266,4.00984086202183,150270,85
"KOGAN","KAQLED85XQ9610STA","Australia,Fiji,New Zealand",214.783,"LCD (LED)",260.1,4.0282829461460175,144031,85
"KOGAN","KAQLED98XQ98JSTA","Australia,Fiji,New Zealand",247.691,"LCD (LED)",323,4.191691627513516,154694,98
"KOGAN","KAQLED98XQ98JSTB","Australia,Fiji,New Zealand",247.691,"LCD (LED)",323,4.191691627513516,154694,98
"KOGAN","KAQLED98XQ98JSTC","Australia,Fiji,New Zealand",247.691,"LCD (LED)",323,4.191691627513516,154694,98
"KOGAN","KAQLED98XQ98JSTD","Australia,Fiji,New Zealand",247.691,"LCD (LED)",323,4.191691627513516,154694,98
"KOGAN","KAQLED98XQ98JSTE","Australia,Fiji,New Zealand",247.691,"LCD (LED)",323,4.191691627513516,154694,98
"KODAK","KD32WOS2","Australia,Fiji,New Zealand",80.054,"LCD",23.5,6.698258847494166,150667,32
"KODAK","KD40WOS2","Australia,Fiji,New Zealand",100.217,"LCD",39.9,6.047894906355869,150366,39
"KODAK","KD55WOS2","Australia,Fiji,New Zealand",138.783,"LCD",69.64,6.293361671010194,150970,55
"KODAK","KD65G11","Australia,Fiji,New Zealand",163.132,"LCD",94.65,6.152760171397917,155890,64
"KODAK","KD65WOS2","Australia,Fiji,New Zealand",163.896,"LCD (LED)",95.274,6.0693688847202,155477,65
"SONY","KD-32W830K","Australia,New Zealand",80.054,"LCD (LED)",34.7,4.981909663301017,143107,32
"SONY","KD-43X75K","Australia,New Zealand",107.95,"LCD (LED)",70,4.177359090775439,142970,42
"SONY","KD-43X77L","Australia,New Zealand",107.95,"LCD (LED)",77.5,3.736207768079859,152284,42
"SONY","KD-43X85K","Australia,New Zealand",107.95,"LCD (LED)",76.9,3.76743730294677,144891,42
"SONY","KD-50X75K","Australia,New Zealand",125.725,"LCD (LED)",84,4.595568072425353,142973,49
"SONY","KD-50X77L","Australia,New Zealand",125.725,"LCD (LED)",93.8,4.10620016857216,152286,49
"SONY","KD-50X85K","Australia,New Zealand",125.725,"LCD (LED)",93.6,4.119096350472407,144696,49
"SONY","KD-55X75K","Australia,New Zealand",138.798,"LCD (LED)",101.4,4.569588181025617,144004,55
"SONY","KD-55X77L","Australia,New Zealand",138.798,"LCD (LED)",129.1,3.503335779389237,152157,55
"SONY","KD-55X80K","Australia,New Zealand",138.798,"LCD (LED)",126.2,3.5982846725777753,144021,55
"SONY","KD-55X80L","Australia,New Zealand",138.798,"LCD (LED)",126.2,3.5982846725777753,150364,55
"SONY","KD-55X85K","Australia,New Zealand",138.798,"LCD (LED)",136.6,3.2565897862437874,144699,55
"SONY","KD-55X85L","Australia,New Zealand",138.798,"LCD (LED)",107,4.337338279294821,151565,55
"SONY","KD-65X75K","Australia,New Zealand",163.878,"LCD (LED)",129.6,4.88626150283395,144002,65
"SONY","KD-65X77L","Australia,New Zealand",163.878,"LCD (LED)",143.6,4.42348194480271,152158,65
"SONY","KD-65X80K","Australia,New Zealand",163.878,"LCD (LED)",147.6,4.306641282564334,144057,65
"SONY","KD-65X80L","Australia,New Zealand",163.878,"LCD (LED)",147.6,4.306641282564334,150365,65
"SONY","KD-65X85K","Australia,New Zealand",163.878,"LCD (LED)",179.5,3.4336400604880652,144702,65
"SONY","KD-65X85L","Australia,New Zealand",163.878,"LCD (LED)",144.6,4.398186938129049,151566,65
"SONY","KD-75X77L","Australia,New Zealand",189.306,"LCD (LED)",214.5,3.865794334872501,151962,75
"SONY","KD-75X80K","Australia,New Zealand",189.306,"LCD (LED)",191.3,4.376622293003026,144023,75
"SONY","KD-75X80L","Australia,New Zealand",189.306,"LCD (LED)",187.9,4.453668662656631,151400,75
"SONY","KD-75X85K","Australia,New Zealand",189.306,"LCD (LED)",224.4,3.6604177850901025,144703,75
"SONY","KD-75X85L","Australia,New Zealand",189.306,"LCD (LED)",181.1,4.618566592645355,152167,75
"SONY","KD-85X80L","Australia,New Zealand",214.783,"LCD (LED)",238.7,4.47485412095893,151401,85
"SONY","KD-85X85K","Australia,New Zealand",214.783,"LCD (LED)",237.7,4.49019271020941,144704,85
"KONKA","KDE32RR314FANT-5","Australia,Fiji,New Zealand",80.039,"LCD (LED)",31.51,5.016627757095919,155558,32
"KONKA","KDE32RR315ANT","Australia,Fiji,New Zealand",80.039,"LCD (LED)",31.51,5.016627757095919,155558,32
"KONKA","KDE40RR314FANT","Australia,Fiji,New Zealand",100.332,"LCD (LED)",44.91,5.019830173343795,155554,40
"KONKA","KDE40RR315ANT","Australia,Fiji,New Zealand",100.332,"LCD (LED)",44.91,5.019830173343795,155554,40
"KONKA","KDG40RT680AN2","New Zealand",100.332,"LCD (LED)",32.247,6.836914292813554,157684,40
"KONKA","KDL32GA683AN","New Zealand",80.039,"LCD (LED)",29.55,5.226823770764761,162501,32
"KONKA","KDL32GA683AN-B","New Zealand",79.967,"LCD",33.4,5.0108741865239335,174291,31
"KONIC","KDL32WE330VN2","New Zealand",80.057,"LCD",34.67,5.086738931330573,152821,32
"KONKA","KDL32WE680AN","New Zealand",80.039,"LCD (LED)",31.1544,5.335678717207596,151218,32
"KONKA","KDL40GA683AN","New Zealand",100.332,"LCD (LED)",36.91,6.025761901698537,162499,40
"KONKA","KDL40GA683AN-B","New Zealand",100.121,"LCD",46.1,5.020064671376166,173226,39
"KONKA","KDL40WE680AN","New Zealand",100.332,"LCD (LED)",44.99,5.364749558330739,151217,40
"KONKA","KDL55CK68QNTS","New Zealand",138.783,"LCD (LED)",88.74,5.210113082989033,172424,55
"KONKA","KDL65CK68QNTS","New Zealand",163.896,"LCD (LED)",122.64,5.155671251474673,172423,65
"KONIC","KKD32GS376AM","New Zealand",80.039,"LCD (LED)",31.2,5.561680559205171,166671,32
"KONIC","KKD32SG396A","New Zealand",80.04,"LCD (LED)",27.42,6.138131023338002,143106,32
"KONIC","KKD32TE362AM","New Zealand",80.039,"LCD (LED)",34.8,5.0856541957736106,174517,32
"KONIC","KKD40GS376AM","New Zealand",100.337,"LCD (LED)",43.6,5.708762340346765,166672,40
"KONIC","KKD40TE362AM","New Zealand",100.337,"LCD (LED)",40.4,6.083633264441438,181773,40
"KONIC","KKD42SG378A","New Zealand",105.415,"LCD (LED)",46.99,5.755151456846737,143109,42
"KONIC","KKD43SG396A","New Zealand",107.953,"LCD (LED)",46.6632,5.8191153373425655,149443,43
"SYLVOX","KT16A0KGEA","Australia,Fiji,New Zealand",39.487,"LCD (LED)",15.1,4.534764934443967,153907,16
"SYLVOX","KT16A0KOGA","Australia,Fiji,New Zealand",39.487,"LCD (LED)",15.1,4.534764934443967,160621,16
"SYLVOX","KT16K0KOGA","Australia,Fiji,New Zealand",39.487,"LCD (LED)",14.7,4.692023881003697,162012,16
"KONIC","KUD50GS677AM","New Zealand",125.731,"LCD (LED)",88.8,4.38724291431982,165071,50
"KONIC","KUD50SG696AS","New Zealand",125.731,"LCD (LED)",46.11,7.266401600734831,143110,50
"KONKA","KUD50WT702AN","New Zealand",125.731,"LCD",71.99,5.295678364518265,150989,50
"KONKA","KUD50XG684AN","New Zealand",125.731,"LCD (LED)",60.564,5.848761134097636,162498,50
"KONKA","KUD50XG684AN-B","New Zealand",125.404,"LCD",70.7,5.053288980698555,173227,49
"KONIC","KUD55GS677AM","New Zealand",138.783,"LCD (LED)",93.1,4.995393206865746,164926,55
"KONIC","KUD55SG696AS","New Zealand",138.783,"LCD (LED)",57.97,7.096438562106976,143111,55
"KONKA","KUD55WT702AN","New Zealand",138.783,"LCD (LED)",86.54,5.293361671010193,150987,55
"KONKA","KUD55XG684AN","New Zealand",138.783,"LCD (LED)",82.11,5.307388036506728,162496,55
"KONKA","KUD55XG684AN-B","New Zealand",138.287,"LCD",89.1,5.06181816956421,173352,54
"KONIC","KUD65GS677AM","New Zealand",163.896,"LCD (LED)",117.3,5.348997441752395,165072,65
"KONIC","KUD65SG696AS","New Zealand",163.896,"LCD (LED)",100.78,6.0328849373430415,143112,65
"KONKA","KUD65WT703AN","New Zealand",163.896,"LCD (LED)",119.01,5.066927359125772,156819,65
"KONKA","KUD65WT806AN","New Zealand",163.896,"LCD",137.7,4.638914904128455,145463,65
"KONKA","KUD65XG684AN","New Zealand",163.896,"LCD (LED)",114.354,5.236057624197626,162494,65
"KONKA","KUD65XG684AN-B","New Zealand",163.257,"LCD",107.6,5.029978519185143,173269,64
"KONIC","KUD75SG692AS","New Zealand",189.34,"LCD (LED)",153.24,5.388004753545411,143114,75
"KONKA","KUD75WT808AN","New Zealand",189.274,"LCD",161.64,5.151965446941944,143134,75
"KONIC","KUD85SG692AS","New Zealand",214.783,"LCD (LED)",200.76,5.086408535553546,147551,85
"CHIQ","L24D6C","Australia,Fiji,New Zealand",59.774,"LCD",20.2,5.171129579153095,144615,24
"CHIQ","L24D6CG","Australia,Fiji,New Zealand",59.824,"LCD (LED)",20,5.17583235427181,174934,24
"CHIQ","L24D6CH","Australia,Fiji,New Zealand",59.824,"LCD (LED)",20,5.17583235427181,179887,24
"CHIQ","L24G5W","Australia,Fiji,New Zealand",59.774,"LCD (LED)",22,5.171129579153095,145384,24
"CHIQ","L32D6C","Australia,Fiji,New Zealand",79.967,"LCD (LED)",30,5.71310578131203,148902,31
"CHIQ","L32G5W","Australia,Fiji,New Zealand",79.967,"LCD (LED)",35,5.0108741865239335,145385,31
"CHIQ","L32G7KPG","Australia,Fiji,New Zealand",80.043,"LCD (LED)",23.3,5.562157521398698,160854,32
"CHIQ","L32G7PG","Australia,Fiji,New Zealand",79.967,"LCD (LED)",27.7,5.555846834752298,155200,31
"CHIQ","L32M10","Australia,Fiji,New Zealand",80.039,"LCD (LED)",24.2,5.718939505764904,169285,32
"CHIQ","L40G5AU","Australia,Fiji,New Zealand",100.305,"LCD (LED)",36.5,6.112434496987815,169288,39
"CHIQ","L40G5W","Australia,Fiji,New Zealand",100.305,"LCD (LED)",50,5.112434496987815,145386,39
"CHIQ","L40G7P","Australia,Fiji,New Zealand",100.305,"LCD (LED)",51,5.016571587863471,146556,39
"CHIQ","L40G7PG","Australia,Fiji,New Zealand",100.305,"LCD (LED)",46.8,5.016571587863471,155201,39
"CHIQ","L40M10","Australia,Fiji,New Zealand",100.332,"LCD (LED)",35.2,5.996206090448164,169283,40
"XIAOMI","L65MC-SAU","Australia,Fiji,New Zealand",163.897,"LCD (LED)",78.8,6.218303481404389,177886,65
"XIAOMI","L75MC-SAU","Australia,Fiji,New Zealand",189.338,"LCD (LED)",90.8,6.991054732042133,177875,75
"XIAOMI","L85MC-SAU","Australia,Fiji,New Zealand",214.783,"LCD (LED)",135,6.218508310371797,178545,85
"XIAOMI","L98MC-SAU","Australia,Fiji,New Zealand",247.693,"LCD (LED)",189.8,6.086768029019206,178546,98
"SMTV","LD55UDS-F1","Australia,Fiji,New Zealand",138.798,"LCD (LED)",94.22,4.92928651409559,141325,55
"SMTV","LD65UDS-F1","Australia,Fiji,New Zealand",163.791,"LCD (LED)",108.56,5.681650596552234,141614,64
"TEAC","LE32GA322","Australia,Fiji,New Zealand",79.967,"LCD (LED)",25.8,5.793854274363063,147703,31
"TEAC","LE50GA522","Australia,Fiji,New Zealand",125.731,"LCD (LED)",50.6,6.371851645208939,145374,50
"TEAC","LE55GA522","Australia,Fiji,New Zealand",138.783,"LCD (LED)",53.64,6.453747698931702,145383,55
"TEAC","LE65GA522","Australia,Fiji,New Zealand",163.896,"LCD (LED)",99.95,5.8431668676196225,143649,65
"KOGAN","LE-24T1","Australia,New Zealand",59.824,"LCD (LED)",17.1498,5.884900594348791,148496,24
"CAIXUN","LE-24T2","Australia,Fiji,New Zealand",59.774,"LCD (LED)",16.3,5.880197819230076,147239,24
"CAIXUN","LE-24T3","Australia,Fiji,New Zealand",59.774,"LCD (LED)",16.3,5.880197819230076,147239,24
"CAIXUN","LE-24V1","Australia,Fiji,New Zealand",59.774,"LCD (LED)",16.3,5.880197819230076,147239,24
"CAIXUN","LE-24V2","Australia,Fiji,New Zealand",59.774,"LCD (LED)",16.3,5.880197819230076,147239,24
"CAIXUN","LE-24V3","Australia,Fiji,New Zealand",59.774,"LCD (LED)",16.3,5.880197819230076,147239,24
"KOGAN","LE-32T1","Australia,New Zealand",80.039,"LCD (LED)",26.4498,5.799685441574415,148494,32
"CAIXUN","LE-32V1","Australia,Fiji,New Zealand",80.039,"LCD (LED)",25.92,5.799687998815937,143036,32
"CAIXUN","LE-39T1","Australia,Fiji,New Zealand",97.401,"LCD (LED)",32,6.206601394692058,147705,38
"CAIXUN","LE-39T2","Australia,Fiji,New Zealand",97.401,"LCD (LED)",32,6.206601394692058,147705,38
"CAIXUN","LE-39T3","Australia,Fiji,New Zealand",97.401,"LCD (LED)",32,6.206601394692058,147705,38
"CAIXUN","LE-39V1","Australia,Fiji,New Zealand",97.401,"LCD (LED)",32,6.206601394692058,147705,38
"CAIXUN","LE-39V2","Australia,Fiji,New Zealand",97.401,"LCD (LED)",32,6.206601394692058,147705,38
"CAIXUN","LE-39V3","Australia,Fiji,New Zealand",97.401,"LCD (LED)",32,6.206601394692058,147705,38
"KOGAN","LE-40T1","Australia,Fiji,New Zealand",100.332,"LCD (LED)",34.7106,6.025786528657009,148246,40
"CAIXUN","LE-40T2","Australia,Fiji,New Zealand",100.305,"LCD (LED)",35.9,6.022503316218213,147707,39
"CAIXUN","LE-40T3","Australia,Fiji,New Zealand",100.305,"LCD (LED)",35.9,6.022503316218213,147707,39
"CAIXUN","LE-40V1","Australia,Fiji,New Zealand",100.305,"LCD (LED)",35.9,6.022503316218213,147707,39
"CAIXUN","LE-40V2","Australia,Fiji,New Zealand",100.305,"LCD (LED)",35.9,6.022503316218213,147707,39
"CAIXUN","LE-40V3","Australia,Fiji,New Zealand",100.305,"LCD (LED)",35.9,6.022503316218213,147707,39
"CAIXUN","LE-42T1","Australia,Fiji,New Zealand",105.348,"LCD (LED)",38.3,6.153128193373064,147713,41
"CAIXUN","LE-42T2","Australia,Fiji,New Zealand",105.348,"LCD (LED)",38.3,6.153128193373064,147713,41
"CAIXUN","LE-42T3","Australia,Fiji,New Zealand",105.348,"LCD (LED)",38.3,6.153128193373064,147713,41
"CAIXUN","LE-42V1","Australia,Fiji,New Zealand",105.348,"LCD (LED)",38.3,6.153128193373064,147713,41
"CAIXUN","LE-42V2","Australia,Fiji,New Zealand",105.348,"LCD (LED)",38.3,6.153128193373064,147713,41
"CAIXUN","LE-42V3","Australia,Fiji,New Zealand",105.348,"LCD (LED)",38.3,6.153128193373064,147713,41
"CAIXUN","LE-43T1","Australia,Fiji,New Zealand",107.95,"LCD (LED)",39.5,6.314656222068065,147716,42
"CAIXUN","LE-43T2","Australia,Fiji,New Zealand",107.95,"LCD (LED)",39.5,6.314656222068065,147716,42
"CAIXUN","LE-43T3","Australia,Fiji,New Zealand",107.95,"LCD (LED)",39.5,6.314656222068065,147716,42
"CAIXUN","LE-43V1","Australia,Fiji,New Zealand",107.95,"LCD (LED)",39.5,6.314656222068065,147716,42
"CAIXUN","LE-43V2","Australia,Fiji,New Zealand",107.95,"LCD (LED)",39.5,6.314656222068065,147716,42
"CAIXUN","LE-43V3","Australia,Fiji,New Zealand",107.95,"LCD (LED)",39.5,6.314656222068065,147716,42
"KOGAN","LE-43series","Australia,Fiji,New Zealand",107.987,"LCD (LED)",47.23,5.51068390027356,143011,43
"KOGAN","LE-50series","Australia,Fiji,New Zealand",125.731,"LCD (LED)",50.6,6.371851645208939,143012,50
"KOGAN","LE-55series","Australia,Fiji,New Zealand",138.783,"LCD (LED)",53.64,6.453747698931702,143013,55
"KOGAN","LE-58series","Australia,Fiji,New Zealand",146.068,"LCD (LED)",65.21,6.483384094694954,143014,58
"TECO","LED19JHRHU","Australia,Fiji,New Zealand",47.013,"LCD (LED)",18.47,4.212460574539415,173855,19
"ENGLAON","LED22M60","Australia,New Zealand",55.86,"LCD (LED)",27.25,4.134136224746854,153112,22
"TECO","LED24AHSRC","Australia,Fiji,New Zealand",59.774,"LCD (LED)",16.2,6.076495773620495,160257,24
"TECO","LED24JFRDHU","Australia,Fiji,New Zealand",60.47,"LCD (LED)",17.48,5.951933420456607,173853,24
"ENGLAON","LED24M40","Australia,New Zealand",59.774,"LCD (LED)",16.5,5.880197819230076,155061,24
"ENGLAON","LED24M50","Australia,New Zealand",59.809,"LCD (LED)",25.03,4.515611521736828,155064,24
"ENGLAON","LED24M80","Australia,New Zealand",59.81,"LCD (LED)",20.3,5.399112734703527,155058,24
"ENGLAON","LED24X70","Australia",61.928,"LCD (LED)",25.84,4.5038244549102,150479,24
"ENGLAON","LED24X70, LED24X90","Australia",61.928,"LCD (LED)",25.84,4.5038244549102,150479,24
"ENGLAON","LED24X80","Australia,New Zealand",59.81,"LCD (LED)",20.3,5.399112734703527,155058,24
"ENGLAON","LED24X90","Australia,New Zealand",59.822,"LCD (LED)",28.3,4.025976491245213,164838,24
"ENGLAON","LED27M80","Australia,New Zealand",68.568,"LCD (LED)",42.76,3.1109409488656943,157544,27
"ENGLAON","LED27X80","Australia,New Zealand",68.568,"LCD (LED)",42.76,3.1109409488656943,157544,27
"TECO","LED32AHSRC","Australia,Fiji,New Zealand",80.054,"LCD (LED)",26.3,6.007444889755374,160282,32
"TECO","LED32BHSRC","Australia,Fiji,New Zealand",80.912,"LCD (LED)",27.42,5.612535728172452,175238,32
"TECO","LED32IHRK","Australia,Fiji,New Zealand",79.88,"LCD (LED)",35.6,4.707985055307133,164495,31
"ENGLAON","LED32M10","Australia,New Zealand",81.278,"LCD (LED)",40.45,4.943015385879585,153113,32
"ENGLAON","LED32M50","Australia,New Zealand",80.131,"LCD (LED)",43.25,4.046337416196342,155066,32
"ENGLAON","LED32M80","Australia,New Zealand",86.176,"LCD (LED)",47.2,4.513125542904489,152453,34
"ENGLAON","LED32X70","Australia",80.784,"LCD (LED)",38.46,4.54903877620938,149327,32
"ENGLAON","LED32X80","Australia,New Zealand",86.176,"LCD (LED)",47.2,4.513125542904489,152453,34
"ENGLAON","LED32X90","Australia,New Zealand",80.131,"LCD (LED)",37.1,4.570737326913083,164843,32
"ENGLAON","LED40X70","Australia",100.722,"LCD (LED)",36.27,6.409737527786951,149055,40
"ENGLAON","LED40X90","Australia,New Zealand",100.332,"LCD (LED)",38.6,5.996206090448164,164845,40
"TECO","LED43AUSRC","Australia,Fiji,New Zealand",107.95,"LCD (LED)",52.9,5.067119924693827,159666,42
"ENGLAON","LED55M10","Australia,New Zealand",138.783,"LCD (LED)",143.5,3.032234213905565,170319,55
"TECO","LED58AUSRC","Australia,Fiji,New Zealand",146.039,"LCD (LED)",86.5,5.346992914065456,159665,57
"TECO","LED58BQUSRC","Australia,Fiji,New Zealand",146.068,"LCD (LED)",85.2,5.533270548071191,178824,58
"TECO","LED65AUSRC","Australia,Fiji,New Zealand",163.829,"LCD (LED)",94,5.634761250243758,159173,64
"TECO","LED65BQUSRC","Australia,Fiji,New Zealand",163.896,"LCD (LED)",136.6,4.507742024035239,179003,65
"TECO","LED70AUSRC","Australia,Fiji,New Zealand",176.537,"LCD (LED)",135.9,5.0560574392483195,160616,70
"TEAC","LED2422DT","Fiji,New Zealand",59.809,"LCD (LED)",19.6,4.757909454846906,150329,24
"LOEWE","LED 32","Australia",80.054,"LCD (LED)",34,5.154958966766685,154153,32
"KOGAN","LED (backlighting) TV","Australia,New Zealand",80.039,"LCD (LED)",27.1,5.561680559205171,169349,32
"TEAC","LED*2422DT","Fiji,New Zealand",59.809,"LCD (LED)",19.6,4.757909454846906,150329,24
"TEAC","LEDV2422DT","Fiji,New Zealand",59.809,"LCD (LED)",19.6,4.757909454846906,150329,24
"SHENZHEN XINCHAODA TECHNOLOGY CO., LTD","LEQ55A722","Australia,Fiji,New Zealand",138.783,"LCD (LED)",103.61,4.511450751759631,142739,55
"SHENZHEN XINCHAODA TECHNOLOGY CO., LTD","LEQ55W722","Australia,Fiji,New Zealand",138.783,"LCD (LED)",98.45,4.740698529701904,142745,55
"SHENZHEN XINCHAODA TECHNOLOGY CO., LTD","LEQ65A722","Australia,Fiji,New Zealand",163.896,"LCD (LED)",109.48,5.661155248126301,142747,65
"SHENZHEN XINCHAODA TECHNOLOGY CO., LTD","LEQ65W722","Australia,Fiji,New Zealand",163.896,"LCD (LED)",100.64,6.045013280653004,140784,65
"TEAC","LEV24A422","Australia",80.039,"LCD (LED)",33.3,5.26280849184812,150691,32
"TEAC","LEV24A423","Australia",59.824,"LCD (LED)",22.2,5.121511445327967,150555,24
"TEAC","LEV32A422","Australia",80.039,"LCD (LED)",33.3,5.26280849184812,150691,32
"TEAC","LEV32A423","Australia",80.039,"LCD (LED)",33.3,5.26280849184812,150691,32
"TEAC","LEV32A *423 *422","Australia",80.039,"LCD (LED)",33.3,5.26280849184812,150691,32
"VDT","LEW22BA16","Australia,Fiji,New Zealand",54.687,"LCD (LED)",27.8,3.3241491512901344,179779,22
"VDT","LEW22BA43","Australia,Fiji,New Zealand",54.687,"LCD (LED)",20.64,4.864733842526665,158428,22
"VDT","LEW24BA16","Australia,Fiji,New Zealand",60.47,"LCD (LED)",26.9,3.7271911709489993,179843,24
"VDT","LEW32EA16","Australia,Fiji,New Zealand",80.131,"LCD (LED)",38.4,4.27186525955603,179844,32
"SAMSUNG ELECTRONICS","LH43BECHLG****","Australia,Fiji,New Zealand",107.987,"LCD (LED)",70,4.2156364107821895,152532,43
"SAMSUNG ELECTRONICS","LH43BECHLGKXXY","Australia,Fiji,New Zealand",107.987,"LCD (LED)",70,4.2156364107821895,152532,43
"SAMSUNG ELECTRONICS","LH43BECHLGSXNZ","Australia,Fiji,New Zealand",107.987,"LCD (LED)",70,4.2156364107821895,152532,43
"SAMSUNG ELECTRONICS","LH50BECHLG****","Australia,Fiji,New Zealand",125.727,"LCD (LED)",80,4.8485470457482105,152543,49
"SAMSUNG ELECTRONICS","LH50BECHLGKXXY","Australia,Fiji,New Zealand",125.727,"LCD (LED)",80,4.8485470457482105,152543,49
"SAMSUNG ELECTRONICS","LH50BECHLGSXNZ","Australia,Fiji,New Zealand",125.727,"LCD (LED)",80,4.8485470457482105,152543,49
"SAMSUNG ELECTRONICS","LH55BECHLG****","Australia,Fiji,New Zealand",138.783,"LCD (LED)",81,5.597548917306669,152544,55
"SAMSUNG ELECTRONICS","LH55BECHLGKXXY","Australia,Fiji,New Zealand",138.783,"LCD (LED)",81,5.597548917306669,152544,55
"SAMSUNG ELECTRONICS","LH55BECHLGSXNZ","Australia,Fiji,New Zealand",138.783,"LCD (LED)",81,5.597548917306669,152544,55
"SAMSUNG ELECTRONICS","LH65BECHLG****","Australia,Fiji,New Zealand",163.897,"LCD (LED)",116,5.401243988893101,152545,65
"SAMSUNG ELECTRONICS","LH65BECHLGKXXY","Australia,Fiji,New Zealand",163.897,"LCD (LED)",116,5.401243988893101,152545,65
"SAMSUNG ELECTRONICS","LH65BECHLGSXNZ","Australia,Fiji,New Zealand",163.897,"LCD (LED)",116,5.401243988893101,152545,65
"SAMSUNG ELECTRONICS","LH75BECHLG****","Australia,Fiji,New Zealand",189.338,"LCD (LED)",139,5.823191657737304,152547,75
"SAMSUNG ELECTRONICS","LH75BECHLGKXXY","Australia,Fiji,New Zealand",189.338,"LCD (LED)",139,5.823191657737304,152547,75
"SAMSUNG ELECTRONICS","LH75BECHLGSXNZ","Australia,Fiji,New Zealand",189.338,"LCD (LED)",139,5.823191657737304,152547,75
"SAMSUNG ELECTRONICS","LH85BECHLGKXXY","Australia,Fiji,New Zealand",214.783,"LCD (LED)",145,6.720059511582148,152548,85
"LOEWE","LOEWE","Australia",120.664,"OLED",61,5.7272967610449665,172437,48
"LOEWE","LOEWE 55 OLED","Australia",138.711,"OLED",76.5,5.871317766395888,172438,55
"LOEWE","LOEWE 65 OLED","Australia",163.965,"OLED",98,6.159730989517401,172439,65
"LOEWE","LOEWE *43","Australia",107.95,"LCD (LED)",65.8,4.497596729556777,154150,42
"LINSAR","LS24C12V","Australia,Fiji,New Zealand",62.228,"LCD",15.85,6.309656677494295,146505,24
"LINSAR","LS24HDNF-12V","Australia,Fiji,New Zealand",59.774,"LCD",17.766,6.010103150137152,166110,24
"LINSAR","LS24HDNFB","Australia",59.827,"LCD (LED)",15.38,6.651375912212433,169203,24
"LINSAR","LS32C12V","Australia,Fiji,New Zealand",80.043,"LCD",27.1,6.138546025859608,152005,32
"LINSAR","LS32HDNF23","Australia,Fiji,New Zealand",80.043,"LCD",23.8,6.749526906773145,158252,32
"LINSAR","LS32HDNF-12V","Australia",80.039,"LCD (LED)",27.036,6.138069063666082,165339,32
"LINSAR","LS32HDNFB","Australia",80.043,"LCD (LED)",15.87,8.51651414520261,169204,32
"LINSAR","LS40FHDNF23","Australia,Fiji,New Zealand",100.332,"LCD (LED)",38.946,6.238504023558243,159804,40
"LINSAR","LS50QLDVTV","Australia",125.731,"LCD",51.1,6.436333622695435,176646,50
"LINSAR","LS50UHDNF","Australia,Fiji,New Zealand",125.725,"LCD",59.7,6.1612671006942135,146006,49
"LINSAR","LS50UHDNF23","Australia,Fiji,New Zealand",127.259,"LCD (LED)",57.06,6.488264199278357,157732,50
"LINSAR","LS50UHDZEN","Australia,Fiji,New Zealand",125.727,"LCD",56.7,6.0624515145983064,150543,49
"LINSAR","LS55QLDVTV","Australia",138.764,"LCD",62.37,6.361508039658019,176795,55
"LINSAR","LS55UHDNF23","Australia,Fiji,New Zealand",138.783,"LCD (LED)",69.65,6.293361671010194,157754,55
"LINSAR","LS55UHDZEN","Australia,Fiji,New Zealand",138.783,"LCD",68.5,6.02167727117258,150544,55
"LINSAR","LS60UHDNF23","Australia,Fiji,New Zealand",152.663,"LCD",81.288,6.3902899068173715,162697,60
"LINSAR","LS60UHDNF25","Australia,Fiji,New Zealand",152.678,"LCD",86.09,6.085122727853401,168053,60
"LINSAR","LS65QLDVTV","Australia",163.896,"LCD",83.67,6.43826125058401,176798,65
"LINSAR","LS65UHDNF","Australia",163.896,"LCD (LED)",95.274,6.0693688847202,142813,65
"LINSAR","LS65UHDNF23","Australia,Fiji,New Zealand",164.961,"LCD (LED)",95.92,6.292263476185693,157756,65
"LINSAR","LS65UHDZEN","Australia,Fiji,New Zealand",163.853,"LCD",85.2,6.681981903222721,157322,65
"LINSAR","LS65UHDZEN25S","Australia,Fiji,New Zealand",163.896,"LCD (LED)",94.374,6.320494529076397,173260,65
"LINSAR","LS70UHDNF","Australia",176.592,"LCD (LED)",107.4,6.37351524694427,157231,70
"LINSAR","LS70UHDNF23","Australia",176.537,"LCD (LED)",108.294,6.367689189980086,171894,70
"LINSAR","LS75QLDVTV","Australia",189.333,"LCD",103.19,6.735709382779707,176831,75
"LINSAR","LS75UHDNF","Australia,Fiji,New Zealand",189.306,"LCD (LED)",127.7,6.196865743103114,150972,75
"LINSAR","LS75UHDZEN","Australia,Fiji,New Zealand",189.219,"LCD",108.1,6.090373500678537,149824,74
"LINSAR","LS82UHDNF2","Australia,Fiji,New Zealand",207.217,"LCD",170.6,5.652614374321411,149326,82
"LINSAR","LS85QLDVTV","Australia",214.783,"LCD",141.25,6.418742514569718,176832,85
"LINSAR","LS85UHDNF","Australia",214.783,"LCD",159.1,6.1810066679482025,144762,85
"LINSAR","LS85UHDZEN","Australia,Fiji,New Zealand",214.783,"LCD",159,6.1069319216521025,150263,85
"LINSAR","LS85UHDZEN25S","Australia",214.783,"LCD (LED)",163.7,6.070348697126533,169820,85
"LINSAR","LS86UHDNF23","Australia,Fiji,New Zealand",217.425,"LCD",169.97,6.068349670732032,156317,86
"LINSAR","LS98UHDNF","Australia,Fiji,New Zealand",247.695,"LCD",214.416,6.004257528110983,148774,98
"LINSAR","LSK32WSFW","Australia,Fiji,New Zealand",80.038,"LCD",28.2,6.007730994096279,149623,32
"LINSAR","LSK43WSFW","Australia,Fiji,New Zealand",107.956,"LCD",44.6,6.04803737891574,150642,43
"LINSAR","LSK50WSFW","New Zealand",125.638,"LCD",53.8,6.056850653631297,149482,49
"LINSAR","LSK55WSFW","Australia,Fiji,New Zealand",138.783,"LCD",62.5,6.02167727117258,149418,55
"HUBBL GLASS","LT043A-04-FXTL","Australia",108.048,"LCD (LED)",50.73,5.38515551905164,154089,43
"HUBBL GLASS","LT055A-04-FXTL","Australia",138.711,"LCD (LED)",64.71,6.578108283365271,154094,55
"HUBBL","LT065A-04-FXTL","Australia",163.897,"LCD (LED)",64.71,7.972684747758714,160808,65
"JVC","LT-32N3115A11","Australia,Fiji",80.139,"LCD",31.9,5.532205229661681,148691,32
"JVC","LT-32N3115A11E","Australia",79.994,"LCD (LED)",28.86,5.048057871940883,158538,31
"JVC","LT-32N3115A11N","Australia",80.103,"LCD",29.22,5.890292548310127,157180,32
"JVC","LT-32N3115AM","Australia,Fiji",79.744,"LCD",32.7,5.025863763302918,142898,31
"JVC","LT-32N3135A","Australia",80.039,"LCD (LED)",24.687,5.799685441574415,150155,32
"JVC","LT-32ND35A2","Australia",80.039,"LCD (LED)",35.3,4.409753463503695,154403,32
"JVC","LT-32ND35AS","Australia",80.039,"LCD (LED)",36.9,4.56169137395495,160504,32
"JVC","LT-32NQ3165A","Australia,Fiji,New Zealand",80.054,"LCD (LED)",25.26,5.798969155812304,171841,32
"JVC","LT-32NQ5155A","Australia,Fiji,New Zealand",80.054,"LCD (LED)",24.84,5.798969155812304,166272,32
"JVC","LT-40*******","Australia,Fiji,New Zealand",100.305,"LCD (LED)",32.46,6.022503316218213,173795,39
"JVC","LT-40N5115A11","Australia",100.791,"LCD",36.7,5.118073049588307,148693,40
"JVC","LT-40N5115A11E","Australia",100.36,"LCD (LED)",54.48,4.550480363705366,157736,40
"JVC","LT-40N5115AM","Australia",100.344,"LCD (LED)",35,6.01894107318675,144599,40
"JVC","LT-40N5155A","Australia",100.332,"LCD (LED)",48.76,4.811354439400725,160645,40
"JVC","LT-40N7145A","Australia",101.51,"LCD (LED)",64.06,3.733461271230745,158245,40
"JVC","LT-40NQ5155A","Australia,Fiji,New Zealand",100.305,"LCD (LED)",32.46,6.022503316218213,173795,39
"JVC","LT-40NQ5165A","Australia,Fiji,New Zealand",100.305,"LCD (LED)",32.46,6.022503316218213,173795,39
"JVC","LT-42N5125A","Australia,Fiji",105.396,"LCD",57.6,4.506395613917393,142983,41
"JVC","LT-42NQ5155A","Australia",105.422,"LCD",38.2,6.404224337872835,164996,42
"JVC","LT-42NQ5155AJ","Australia",105.415,"LCD (LED)",49.21,5.131059626662445,170151,42
"JVC","LT-43N5135A","Australia",107.863,"LCD",55.635,5.255491804459134,152812,42
"JVC","LT-43N5135AE","Australia",107.947,"LCD (LED)",39.24,4.7649139916034216,158544,42
"JVC","LT-43N5135AN","Australia",107.999,"LCD",53.26,5.468284088523051,157956,43
"JVC","LT-43N7125A","Australia,Fiji",107.814,"LCD",49.98,4.636007606228578,145467,42
"JVC","LT-43NQ5155A","Australia,Fiji,New Zealand",107.95,"LCD (LED)",38.4,6.287078165081274,166273,42
"JVC","LT-43NQ5165A","Australia,Fiji,New Zealand",107.95,"LCD (LED)",38.4,6.287078165081274,171630,42
"JVC","LT-43NQ7155A","Australia,Fiji,New Zealand",107.863,"LCD (LED)",47.04,5.502650280472722,168014,42
"JVC","LT-50N7145A","Australia",125.251,"LCD",102.36,3.74369813786958,153609,49
"JVC","LT-50N7145AE","Australia",125.638,"LCD (LED)",47.5,6.366036695892506,160114,49
"JVC","LT-50NQ7115A","Australia,Fiji",125.589,"LCD",86.3,4.019291093555415,145635,49
"JVC","LT-50NQ7115A11","Australia",125.093,"LCD",60.73,5.489942004042138,150091,49
"JVC","LT-50NQ7145A","Australia,Fiji,New Zealand",125.731,"LCD (LED)",49.6,6.371851645208939,166493,50
"JVC","LT-50NQ7145AE","Australia,Fiji,New Zealand",125.731,"LCD (LED)",49.6,6.371851645208939,166493,50
"JVC","LT-50NQ7145AN","Australia",125.725,"LCD",110.72,3.404361801540006,157965,49
"JVC","LT-55N7115A11","Australia,Fiji",138.412,"LCD",102,4.570491731771872,148696,54
"JVC","LT-55N7115A11E","Australia",138.711,"LCD (LED)",60.9,6.449270084292677,162441,55
"JVC","LT-55N7115AM","Australia,Fiji",138.886,"LCD (LED)",87.3,4.767875082608744,144600,55
"JVC","LT-55N7155A","Australia,Fiji,New Zealand",138.798,"LCD (LED)",112.38,3.6078911502493303,168016,55
"JVC","LT-55N7165A","Australia,Fiji,New Zealand",138.798,"LCD (LED)",112.38,3.6078911502493303,168016,55
"JVC","LT-55NE7155A","Australia,Fiji,New Zealand",139.936,"OLED",75.48,5.661537840669303,173258,55
"JVC","LT-55NQ7105A11","Australia",138.783,"LCD",72.4,5.15546094080525,150327,55
"JVC","LT-55NQ7105AM","Australia,Fiji",138.798,"LCD",100.2,4.292298502011051,142985,55
"JVC","LT-55NQ7105AT2","Australia,Fiji",138.783,"LCD (LED)",63.94,5.293361671010193,144723,55
"JVC","LT-55NQ7145A","Australia",138.798,"LCD",126.52,3.627166105201241,156711,55
"JVC","LT-55NQ7145AN","Australia",138.798,"LCD",97.36,4.789429429855246,157838,55
"JVC","LT-55NQ7155A","Australia,Fiji,New Zealand",138.798,"LCD (LED)",61.38,6.45268452993256,166274,55
"JVC","LT-55NQ7155AW","Australia,Fiji,New Zealand",138.798,"LCD (LED)",61.38,6.45268452993256,166274,55
"JVC","LT-55NQ7155AX","Australia,Fiji,New Zealand",138.798,"LCD (LED)",61.38,6.45268452993256,166274,55
"JVC","LT-55NQ7165A","Australia,Fiji,New Zealand",140.494,"LCD (LED)",58.7,6.580323114134935,172681,55
"JVC","LT-65N7115A11","Australia,Fiji",163.132,"LCD",124.968,4.5493455240483325,148694,64
"JVC","LT-65N7115A11E","Australia",163.829,"LCD (LED)",104.2,5.51437398334165,160785,64
"JVC","LT-65N7115AM","Australia,Fiji",163.682,"LCD (LED)",93,6.012924571152087,144733,64
"JVC","LT-65N7165A","Australia,Fiji,New Zealand",163.829,"LCD (LED)",156.42,3.5730691436017716,168018,64
"JVC","LT-65NE7155A","Australia,Fiji,New Zealand",165.884,"LCD (LED)",107.58,5.301278232513499,168019,65
"JVC","LT-65NQ7155A","Australia,Fiji,New Zealand",163.829,"LCD (LED)",105.96,5.1714794128570825,166276,64
"JVC","LT-65NQ7155AW","Australia,Fiji,New Zealand",163.829,"LCD (LED)",105.96,5.1714794128570825,166276,64
"JVC","LT-65NQ7155AX","Australia,Fiji,New Zealand",163.829,"LCD (LED)",105.96,5.1714794128570825,166276,64
"JVC","LT-65NQ7165A","Australia,Fiji,New Zealand",163.508,"LCD (LED)",66.42,6.976828680582021,173272,64
"JVC","LT-70N7145A","Australia",176.563,"LCD (LED)",116.74,5.59223346725026,157597,70
"JVC","LT-70NQ7155A","Australia",176.539,"LCD",141.1,4.908338226041787,166074,70
"JVC","LT-70NQ7165A","Australia",176.539,"LCD (LED)",136.3,4.908338226041787,175207,70
"JVC","LT-75N7125A","Australia",188.974,"LCD (LED)",189.3,4.01967621728369,144727,74
"JVC","LT-75N7125A11","Australia",188.424,"LCD",221.6,3.7098681994864435,149841,74
"AOA","LTD19FT","Australia,Fiji,New Zealand",47.013,"LCD (LED)",17,4.785335617340371,179970,19
"AOA","LTD19FTD","Australia,Fiji,New Zealand",47.013,"LCD (LED)",17.1,4.717944571191044,180074,19
"AOA","LTG43UHD","Australia,Fiji,New Zealand",107.987,"LCD (LED)",50.04,5.723561815432824,170251,43
"AOA","LTW24FHD","Australia,Fiji,New Zealand",60.47,"LCD (LED)",21.36,5.353523151201295,181254,24
"AOA","LTW50UHD","Australia,Fiji,New Zealand",125.731,"LCD (LED)",73.4,5.2456061104364435,166021,50
"PRISM+","M55","Australia",138.783,"LCD (LED)",79.3,5.293361671010193,166115,55
"PRISM+","M65","Australia",163.897,"LCD (LED)",111.6,5.1556252552474255,166150,65
"PRISM+","M75","Australia",189.338,"LCD (LED)",140.4,5.246803153276395,166151,75
"SAMSUNG","MRA55R85HA*","Australia,Fiji,New Zealand",138.783,"LCD (LED)",112,4.160896259989094,176854,55
"SAMSUNG","MRA55R85HAS","Australia,Fiji,New Zealand",138.783,"LCD (LED)",112,4.160896259989094,176854,55
"SAMSUNG","MRA55R85HAW","Australia,Fiji,New Zealand",138.783,"LCD (LED)",112,4.160896259989094,176854,55
"SAMSUNG","MRA65R85HA*","Australia,Fiji,New Zealand",163.897,"LCD (LED)",147,4.338565762736138,176435,65
"SAMSUNG","MRA65R85HAS","Australia,Fiji,New Zealand",163.897,"LCD (LED)",147,4.338565762736138,176435,65
"SAMSUNG","MRA65R85HAW","Australia,Fiji,New Zealand",163.897,"LCD (LED)",147,4.338565762736138,176435,65
"SAMSUNG","MRA65R95HA*","Australia,Fiji,New Zealand",163.897,"LCD (LED)",153,4.159610511283939,176019,65
"SAMSUNG","MRA65R95HAS","Australia,Fiji,New Zealand",163.897,"LCD (LED)",153,4.159610511283939,176019,65
"SAMSUNG","MRA65R95HAW","Australia,Fiji,New Zealand",163.897,"LCD (LED)",153,4.159610511283939,176019,65
"SAMSUNG","MRA75R85HA*","Australia,Fiji,New Zealand",189.338,"LCD (LED)",180,4.667751100375872,176579,75
"SAMSUNG","MRA75R85HAS","Australia,Fiji,New Zealand",189.338,"LCD (LED)",180,4.667751100375872,176579,75
"SAMSUNG","MRA75R85HAW","Australia,Fiji,New Zealand",189.338,"LCD (LED)",180,4.667751100375872,176579,75
"SAMSUNG","MRA75R95HA*","Australia,Fiji,New Zealand",189.338,"LCD (LED)",203,4.130871593408056,176016,75
"SAMSUNG","MRA75R95HAS","Australia,Fiji,New Zealand",189.338,"LCD (LED)",203,4.130871593408056,176016,75
"SAMSUNG","MRA75R95HAW","Australia,Fiji,New Zealand",189.338,"LCD (LED)",203,4.130871593408056,176016,75
"SAMSUNG","MRA85R85HA*","Australia,Fiji,New Zealand",214.783,"LCD (LED)",234,4.5833433642947075,176436,85
"SAMSUNG","MRA85R85HAS","Australia,Fiji,New Zealand",214.783,"LCD (LED)",234,4.5833433642947075,176436,85
"SAMSUNG","MRA85R85HAW","Australia,Fiji,New Zealand",214.783,"LCD (LED)",234,4.5833433642947075,176436,85
"SAMSUNG","MRA85R95HA*","Australia,Fiji,New Zealand",214.783,"LCD (LED)",260,4.112224590866406,176018,85
"SAMSUNG","MRA85R95HAS","Australia,Fiji,New Zealand",214.783,"LCD (LED)",260,4.112224590866406,176018,85
"SAMSUNG","MRA85R95HAW","Australia,Fiji,New Zealand",214.783,"LCD (LED)",260,4.112224590866406,176018,85
"SAMSUNG","MRA100R85H*","Australia,Fiji,New Zealand",252.784,"LCD (LED)",300,4.889934275043304,179042,100
"SAMSUNG","MRA100R85HS","Australia,Fiji,New Zealand",252.784,"LCD (LED)",300,4.889934275043304,179042,100
"SAMSUNG","MRA100R85HW","Australia,Fiji,New Zealand",252.784,"LCD (LED)",300,4.889934275043304,179042,100
"SAMSUNG","MRA115MR95F","Australia,Fiji,New Zealand",290.784,"LCD (LED)",464,4.166600879620159,173401,114
"MONSTER","MT24HDNFB","Australia",59.827,"LCD (LED)",15.38,6.651375912212433,167265,24
"MONSTER","MT24HDW-LT22","Australia,Fiji,New Zealand",59.774,"LCD (LED)",15.1,6.143886819769821,150615,24
"MONSTER","MT32HDNFB","Australia",80.043,"LCD (LED)",15.87,8.51651414520261,167317,32
"MONSTER","MT32HDW-LT22","Australia,Fiji,New Zealand",80.054,"LCD",23.5,6.698258847494166,150632,32
"MONSTER","MT50QLDZEN","Australia",125.725,"LCD (LED)",56.59,6.1612671006942135,180327,49
"MONSTER","MT55QLDZEN","Australia",138.87,"LCD",68.1,6.386302624524183,180330,55
"MONSTER","MT65QLDZEN","Australia",163.897,"LCD",95.8,6.256335563565565,180581,65
"MONSTER","MT75QLDZEN","Australia",189.34,"LCD",130.5,6.0483552682180015,180590,75
"MONSTER","MT85QLDZEN","Australia",214.783,"LCD (LED)",163.7,6.070348697126533,180592,85
"JVC","NA","Australia,Fiji",138.412,"LCD",102,4.570491731771872,148696,54
"SYLVOX","O75**K*G*","Australia,Fiji,New Zealand",189.34,"LCD",124.536,6.285522782773787,175061,75
"SYLVOX","O*43****GF","Australia,Fiji,New Zealand",107.987,"LCD",51.03,5.263525424259972,175011,43
"SYLVOX","O*43**K***","Australia,Fiji,New Zealand",107.987,"LCD",51.6354,5.374183395081641,175010,43
"SYLVOX","O*55**K*G*","Australia,Fiji,New Zealand",138.783,"LCD",67.434,6.310901498166682,175050,55
"SYLVOX","O*65**K*G*","Australia,Fiji,New Zealand",163.896,"LCD",90.1488,6.4118221171542435,175056,65
"SYLVOX","O*75**K*G*","Australia,Fiji,New Zealand",189.34,"LCD",119.9244,6.384019497508897,175062,75
"FPD","OG24-P1","Australia,Fiji,New Zealand",59.824,"LCD (LED)",26.06,4.025359920995686,180855,24
"FPD","OG32-P1","Australia",80.039,"LCD (LED)",31.68,5.051045905816841,173787,32
"FPD","OG32-P2","Australia",80.039,"LCD (LED)",31.68,5.051045905816841,173787,32
"FPD","OG40-P3","Australia,Fiji,New Zealand",100.332,"LCD (LED)",50.94,4.526400619045754,180857,40
"FPD","OG43-C3","Australia,Fiji,New Zealand",107.986,"LCD (LED)",75.42,3.542223664976664,180871,43
"LG","OLED42C2PSA","Australia,New Zealand",105.52,"OLED",63,4.527878970799845,143446,42
"LG","OLED42C3PSA","Australia,New Zealand",105.52,"OLED",63,4.527878970799845,151346,42
"LG","OLED42C4PSA","Australia,New Zealand",105.52,"OLED",70,4.051852607368282,158190,42
"LG","OLED42C5PSA","Australia,New Zealand",105.52,"OLED",65,4.375951875098368,165906,42
"LG","OLED42C6PSA","Australia,New Zealand",105.52,"OLED",55,5.126289240055156,175799,42
"LG","OLED42C24LA","Australia,New Zealand",105.52,"OLED",63,4.527878970799845,143447,42
"LG","OLED42C34LA","Australia,New Zealand",105.52,"OLED",63,4.527878970799845,152382,42
"LG","OLED42C36LA","Australia,New Zealand",105.52,"OLED",63,4.527878970799845,151347,42
"LG","OLED42C44LA","Australia,New Zealand",105.52,"OLED",70,4.051852607368282,158192,42
"LG","OLED42C54LA","Australia,New Zealand",105.52,"OLED",65,4.375951875098368,165907,42
"LG","OLED42C67LA","Australia,New Zealand",105.52,"OLED",55,5.126289240055156,175800,42
"LG","OLED48A2PSA","Australia,New Zealand",120.721,"OLED",76,4.753473125119566,143277,48
"LG","OLED48A3PSA","Australia,New Zealand",120.721,"OLED",75,4.817955102606061,151348,48
"LG","OLED48A36LA","Australia,New Zealand",120.721,"OLED",75,4.817955102606061,151349,48
"LG","OLED48B5PSA","Australia,New Zealand",120.721,"OLED",74,4.86693285915705,166078,48
"LG","OLED48B6PSA","Australia,New Zealand",120.721,"OLED",78,4.642815154297896,175408,48
"LG","OLED48B46LA","Australia,New Zealand",120.721,"OLED",78,4.642815154297896,158860,48
"LG","OLED48C2PSA","Australia,New Zealand",120.721,"OLED",77,4.689905816504032,143448,48
"LG","OLED48C3PSA","Australia,New Zealand",120.721,"OLED",77,4.689905816504032,151350,48
"LG","OLED48C4PSA","Australia,New Zealand",120.721,"OLED",79,4.580787588050276,158193,48
"LG","OLED48C5PSA","Australia,New Zealand",120.721,"OLED",76,4.753473125119566,165795,48
"LG","OLED48C6PSA","Australia,New Zealand",120.721,"OLED",60,5.7936655032095405,175409,48
"LG","OLED48C24LA","Australia,New Zealand",120.721,"OLED",77,4.689905816504032,143449,48
"LG","OLED48C36LA","Australia,New Zealand",120.721,"OLED",77,4.689905816504032,151351,48
"LG","OLED48C46LA","Australia,New Zealand",120.721,"OLED",79,4.580787588050276,158194,48
"LG","OLED48C56LA","Australia,New Zealand",120.721,"OLED",76,4.753473125119566,165796,48
"LG","OLED48C66LA","Australia,New Zealand",120.721,"OLED",60,5.7936655032095405,175410,48
"LG","OLED48G5PSA","Australia,New Zealand",120.721,"OLED",62,5.654541511056856,170277,48
"LG","OLED48G56LS","Australia,New Zealand",120.721,"OLED",62,5.654541511056856,170278,48
"LG","OLED55A2PSA","Australia,New Zealand",138.783,"OLED",86,5.349732478648492,143278,55
"LG","OLED55A3PSA","Australia,New Zealand",138.783,"OLED",84,5.450120486983198,151352,55
"LG","OLED55A26LA","Australia,New Zealand",138.783,"OLED",86,5.349732478648492,143279,55
"LG","OLED55A36LA","Australia,New Zealand",138.783,"OLED",84,5.450120486983198,151353,55
"LG","OLED55B2PSA","Australia,New Zealand",138.783,"OLED",102,4.582585898004297,143280,55
"LG","OLED55B3PSA","Australia,New Zealand",138.783,"OLED",99,4.716007447308886,151354,55
"LG","OLED55B4PSA","Australia,New Zealand",138.783,"OLED",92,5.048116404602346,158861,55
"LG","OLED55B5PSA","Australia,New Zealand",138.783,"OLED",88,5.237691139975824,165797,55
"LG","OLED55B6PSA","Australia,New Zealand",138.783,"OLED",90,5.141901414219262,175411,55
"LG","OLED55B36LA","Australia,New Zealand",138.783,"OLED",99,4.716007447308886,151355,55
"LG","OLED55B46LA","Australia,New Zealand",138.783,"OLED",92,5.048116404602346,158862,55
"LG","OLED55B56LA","Australia,New Zealand",138.783,"OLED",88,5.237691139975824,165798,55
"LG","OLED55B66LA","Australia,New Zealand",138.783,"OLED",90,5.141901414219262,175412,55
"LG","OLED55C2PSC","Australia,New Zealand",138.783,"OLED",95,4.904594324171205,143281,55
"LG","OLED55C3PSA","Australia,New Zealand",138.783,"OLED",95,4.904594324171205,151356,55
"LG","OLED55C4PSA","Australia,New Zealand",138.783,"OLED",100,4.667029690757898,158195,55
"LG","OLED55C5PSA","Australia,New Zealand",138.783,"OLED",101,4.630644483160877,165629,55
"LG","OLED55C6PSA","Australia,New Zealand",138.783,"OLED",96,4.8535234567239876,175413,55
"LG","OLED55C24LA","Australia,New Zealand",138.783,"OLED",95,4.904594324171205,143282,55
"LG","OLED55C36LA","Australia,New Zealand",138.783,"OLED",95,4.904594324171205,151357,55
"LG","OLED55C46LA","Australia,New Zealand",138.783,"OLED",100,4.667029690757898,158196,55
"LG","OLED55C56LA","Australia,New Zealand",138.783,"OLED",101,4.630644483160877,165630,55
"LG","OLED55C66LA","Australia,New Zealand",138.783,"OLED",96,4.8535234567239876,175414,55
"LG","OLED55CS6LA","Australia,New Zealand",138.783,"OLED",102,4.582585898004297,148251,55
"LG","OLED55CSPSA","Australia,New Zealand",138.783,"OLED",102,4.582585898004297,148252,55
"LG","OLED55G2PSA","Australia,New Zealand",138.783,"OLED",95,4.904594324171205,143753,55
"LG","OLED55G3PSA","Australia,New Zealand",138.783,"OLED",115,4.053423000980519,151358,55
"LG","OLED55G4PSA","Australia,New Zealand",138.783,"OLED",115,4.053423000980519,158197,55
"LG","OLED55G5PSA","Australia,New Zealand",138.783,"OLED",96,4.8535234567239876,165631,55
"LG","OLED55G6PSB","Australia,New Zealand",138.783,"OLED",92,5.048116404602346,175415,55
"LG","OLED55G26LA","Australia,New Zealand",138.783,"OLED",95,4.904594324171205,143754,55
"LG","OLED55G36LA","Australia,New Zealand",138.783,"OLED",115,4.053423000980519,151359,55
"LG","OLED55G46LA","Australia,New Zealand",138.783,"OLED",115,4.053423000980519,158198,55
"LG","OLED55G55LW","Australia,New Zealand",138.783,"OLED",96,4.8535234567239876,165632,55
"LG","OLED55G66LW","Australia,New Zealand",138.783,"OLED",92,5.048116404602346,176052,55
"LG","OLED65A2PSA","Australia,New Zealand",163.897,"OLED",107,5.762579702720538,143283,65
"LG","OLED65A3PSA","Australia,New Zealand",163.897,"OLED",103,5.936976031991449,151360,65
"LG","OLED65A26LA","Australia,New Zealand",163.897,"OLED",107,5.762579702720538,143284,65
"LG","OLED65A36LA","Australia,New Zealand",163.897,"OLED",103,5.936976031991449,151361,65
"LG","OLED65B2PSA","Australia,New Zealand",163.897,"OLED",126,5.037686340309588,143285,65
"LG","OLED65B3PSA","Australia,New Zealand",163.897,"OLED",121,5.215779448604507,151362,65
"LG","OLED65B4PSA","Australia,New Zealand",163.897,"OLED",109,5.68346052076461,158199,65
"LG","OLED65B5PSA","Australia,New Zealand",163.897,"OLED",106,5.808425832669458,165799,65
"LG","OLED65B6PSA","Australia,New Zealand",163.896,"OLED",106,5.808471828896706,174915,65
"LG","OLED65B36LA","Australia,New Zealand",163.897,"OLED",121,5.215779448604507,151363,65
"LG","OLED65B46LA","Australia,New Zealand",163.897,"OLED",109,5.68346052076461,158200,65
"LG","OLED65B56LA","Australia,New Zealand",163.897,"OLED",106,5.808425832669458,165800,65
"LG","OLED65B66LA","Australia,New Zealand",163.896,"OLED",106,5.808471828896706,174916,65
"LG","OLED65C2PSC","Australia,New Zealand",163.897,"OLED",112,5.561885564963837,143286,65
"LG","OLED65C3PSA","Australia,New Zealand",163.897,"OLED",112,5.561885564963837,151364,65
"LG","OLED65C4PSA","Australia,New Zealand",163.897,"OLED",122,5.175587070514531,158863,65
"LG","OLED65C5PSA","Australia,New Zealand",163.897,"OLED",124,5.106106297063303,165633,65
"LG","OLED65C6PSA","Australia,New Zealand",163.896,"OLED",109,5.683506516991858,175014,65
"LG","OLED65C24LA","Australia,New Zealand",163.897,"OLED",112,5.561885564963837,143287,65
"LG","OLED65C36LA","Australia,New Zealand",163.897,"OLED",112,5.561885564963837,151365,65
"LG","OLED65C46LA","Australia,New Zealand",163.896,"OLED",122,5.17563306674178,158939,65
"LG","OLED65C56LA","Australia,New Zealand",163.897,"OLED",124,5.106106297063303,165634,65
"LG","OLED65C66LA","Australia,New Zealand",163.896,"OLED",109,5.683506516991858,175015,65
"LG","OLED65CS6LA","Australia,New Zealand",163.897,"OLED",126,5.037686340309588,148253,65
"LG","OLED65CSPSA","Australia,New Zealand",163.897,"OLED",126,5.037686340309588,148254,65
"LG","OLED65G2PSA","Australia,New Zealand",163.897,"OLED",109,5.68346052076461,143757,65
"LG","OLED65G3PSA","Australia,New Zealand",163.897,"OLED",145,4.405453871887269,151366,65
"LG","OLED65G4PSA","Australia,New Zealand",163.897,"OLED",147,4.3468723825707976,158201,65
"LG","OLED65G5PSA","Australia,New Zealand",163.897,"OLED",115,5.443521850734936,166179,65
"LG","OLED65G6PSB","Australia,New Zealand",163.897,"OLED",112,5.561885564963837,175416,65
"LG","OLED65G26LA","Australia,New Zealand",163.897,"OLED",109,5.68346052076461,143758,65
"LG","OLED65G36LA","Australia,New Zealand",163.897,"OLED",145,4.405453871887269,151367,65
"LG","OLED65G46LA","Australia,New Zealand",163.897,"OLED",147,4.3468723825707976,158202,65
"LG","OLED65G56LA","Australia,New Zealand",163.897,"OLED",115,5.443521850734936,166197,65
"LG","OLED65G66LW","Australia,New Zealand",163.897,"OLED",112,5.561885564963837,176053,65
"LG","OLED65M5PSA","Australia,New Zealand",163.896,"OLED",140,4.559751351895967,166680,65
"LG","OLED65M46LA","Australia,New Zealand",163.896,"OLED",172,3.6477978012245944,159901,65
"LG","OLED65M59LA","Australia,New Zealand",163.896,"OLED",140,4.559751351895967,166681,65
"LG","OLED77A2PSA","Australia,New Zealand",194.738,"OLED",126,6.507230706659042,143759,77
"LG","OLED77B3PSA","Australia,New Zealand",194.738,"OLED",158,5.495605745230539,151368,77
"LG","OLED77B4PSA","Australia,New Zealand",194.738,"OLED",143,5.942899842075888,158864,77
"LG","OLED77B5PSA","Australia,New Zealand",194.738,"OLED",135,6.198044664397833,166198,77
"LG","OLED77B6PSA","Australia,New Zealand",194.738,"OLED",138,6.099547949662723,175417,77
"LG","OLED77B36LA","Australia,New Zealand",194.738,"OLED",158,5.495605745230539,151369,77
"LG","OLED77B46LA","Australia,New Zealand",194.737,"OLED",143,5.942939213950808,158941,77
"LG","OLED77B56LA","Australia,New Zealand",194.738,"OLED",135,6.198044664397833,166199,77
"LG","OLED77B66LA","Australia,New Zealand",194.738,"OLED",138,6.099547949662723,175418,77
"LG","OLED77C2PSC","Australia,New Zealand",194.738,"OLED",140,6.037976930458328,143288,77
"LG","OLED77C3PSA","Australia,New Zealand",194.738,"OLED",153,5.637136037566116,151370,77
"LG","OLED77C4PSA","Australia,New Zealand",194.738,"OLED",154,5.605296329082943,158865,77
"LG","OLED77C5PSA","Australia,New Zealand",194.738,"OLED",163,5.358408700371743,165635,77
"LG","OLED77C6PSA","Australia,New Zealand",194.738,"OLED",126,6.507230706659042,175794,77
"LG","OLED77C24LA","Australia,New Zealand",194.738,"OLED",140,6.037976930458328,143289,77
"LG","OLED77C36LA","Australia,New Zealand",194.738,"OLED",153,5.637136037566116,151371,77
"LG","OLED77C46LA","Australia,New Zealand",194.737,"OLED",154,5.605335700957863,158942,77
"LG","OLED77C56LA","Australia,New Zealand",194.738,"OLED",163,5.358408700371743,165636,77
"LG","OLED77C66LA","Australia,New Zealand",194.738,"OLED",126,6.507230706659042,175795,77
"LG","OLED77CS6LA","Australia,New Zealand",194.738,"OLED",156,5.550115436958399,148255,77
"LG","OLED77CSPSA","Australia,New Zealand",194.738,"OLED",156,5.550115436958399,148256,77
"LG","OLED77G2PSA","Australia,New Zealand",194.738,"OLED",152,5.669203581321107,143755,77
"LG","OLED77G3PSA","Australia,New Zealand",194.738,"OLED",196,4.531351612821171,151372,77
"LG","OLED77G4PSA","Australia,New Zealand",194.738,"OLED",195,4.556387544515083,158203,77
"LG","OLED77G5PSA","Australia,New Zealand",194.738,"OLED",153,5.637136037566116,165908,77
"LG","OLED77G6PSB","Australia,New Zealand",194.738,"OLED",140,6.029249722018172,175419,77
"LG","OLED77G26LA","Australia,New Zealand",194.738,"OLED",152,5.669203581321107,143756,77
"LG","OLED77G36LA","Australia,New Zealand",194.738,"OLED",196,4.531351612821171,151373,77
"LG","OLED77G46LA","Australia,New Zealand",194.738,"OLED",195,4.556387544515083,158204,77
"LG","OLED77G56LA","Australia,New Zealand",194.738,"OLED",153,5.637136037566116,165909,77
"LG","OLED77G66LW","Australia,New Zealand",194.738,"OLED",140,6.029249722018172,176054,77
"LG","OLED77M3PSA","Australia,New Zealand",194.738,"OLED",216,4.097422878832864,154630,77
"LG","OLED77M5PSA","Australia,New Zealand",194.738,"OLED",178,4.949746932968969,166823,77
"LG","OLED77M46LA","Australia,New Zealand",194.738,"OLED",220,4.013235929990582,159902,77
"LG","OLED77M56LA","Australia,New Zealand",194.738,"OLED",178,4.949746932968969,166826,77
"LG","OLED77T4PSA","Australia,New Zealand",194.738,"OLED",182,4.861540510051958,166821,77
"LG","OLED77W6PSA","Australia,New Zealand",194.738,"OLED",165,5.298754972715972,178264,77
"LG","OLED77W66LA","Australia,New Zealand",194.738,"OLED",165,5.298754972715972,178265,77
"LG","OLED77Z2PSA","Australia,New Zealand",194.738,"OLED",262,3.234332254069108,144191,77
"LG","OLED77Z3PSA","Australia,New Zealand",194.738,"OLED",238,3.6656648982977846,151374,77
"LG","OLED83B5PSA","Australia,New Zealand",209.585,"OLED",151,6.32654516767786,167651,83
"LG","OLED83B6PSA","Australia,New Zealand",209.585,"OLED",151,6.32654516767786,175801,83
"LG","OLED83B56LA","Australia,New Zealand",209.585,"OLED",151,6.32654516767786,167652,83
"LG","OLED83C2PSA","Australia,New Zealand",209.585,"OLED",179,5.569202635476063,143290,83
"LG","OLED83C3PSA","Australia,New Zealand",209.585,"OLED",179,5.569202635476063,151375,83
"LG","OLED83C4PSA","Australia,New Zealand",209.585,"OLED",193,5.23367926268964,159112,83
"LG","OLED83C5PSA","Australia,New Zealand",209.585,"OLED",189,5.329782018752292,166345,83
"LG","OLED83C6PSA","Australia,New Zealand",209.585,"OLED",133,6.895010086995736,175802,83
"LG","OLED83C24LA","Australia,New Zealand",209.585,"OLED",179,5.569202635476063,143291,83
"LG","OLED83C36LA","Australia,New Zealand",209.585,"OLED",179,5.569202635476063,151376,83
"LG","OLED83C46LA","Australia,New Zealand",209.585,"OLED",193,5.23367926268964,159113,83
"LG","OLED83C56LA","Australia,New Zealand",209.585,"OLED",189,5.329782018752292,166346,83
"LG","OLED83C66LA","Australia,New Zealand",209.585,"OLED",133,6.895010086995736,175803,83
"LG","OLED83G2PSA","Australia,New Zealand",209.585,"OLED",181,5.521635940497602,144396,83
"LG","OLED83G3PSA","Australia,New Zealand",209.585,"OLED",181,5.521635940497602,151377,83
"LG","OLED83G4PSA","Australia,New Zealand",209.585,"OLED",217,4.707957376187206,158866,83
"LG","OLED83G5PSA","Australia,New Zealand",209.585,"OLED",189,5.329782018752292,165637,83
"LG","OLED83G6PSB","Australia,New Zealand",209.585,"OLED",155,6.2147035669375095,175796,83
"LG","OLED83G26LA","Australia,New Zealand",209.585,"OLED",181,5.521635940497602,144397,83
"LG","OLED83G36LA","Australia,New Zealand",209.585,"OLED",181,5.521635940497602,151378,83
"LG","OLED83G46LA","Australia,New Zealand",209.584,"OLED",217,4.707933725694868,158943,83
"LG","OLED83G56LA","Australia,New Zealand",209.585,"OLED",189,5.329782018752292,165638,83
"LG","OLED83G66LW","Australia,New Zealand",209.585,"OLED",155,6.2147035669375095,176055,83
"LG","OLED83M3PSA","Australia,New Zealand",209.585,"OLED",212,4.81636111148965,154631,83
"LG","OLED83M5PSA","Australia,New Zealand",209.585,"OLED",214,4.764684970587185,166827,83
"LG","OLED83M46LA","Australia,New Zealand",209.585,"OLED",242,4.222284206102421,159903,83
"LG","OLED83M56LA","Australia,New Zealand",209.585,"OLED",214,4.764684970587185,166828,83
"LG","OLED83W6PSA","Australia,New Zealand",209.585,"OLED",180,5.541959876092789,178266,83
"LG","OLED83W66LA","Australia,New Zealand",209.585,"OLED",180,5.541959876092789,178267,83
"LG","OLED88Z2PSA","Australia,New Zealand",222.494,"OLED",320,3.4899731293288854,144192,88
"LG","OLED88Z3PSA","Australia,New Zealand",222.486,"OLED",349,3.1054920388527556,152966,88
"LG","OLED88Z26LA","Australia,New Zealand",222.494,"OLED",320,3.4899731293288854,144193,88
"LG","OLED88Z36LA","Australia,New Zealand",222.486,"OLED",349,3.1054920388527556,152967,88
"LG","OLED97G2PSA","Australia,New Zealand",245.145,"OLED",219,6.029915935369911,148504,97
"LG","OLED97G4PSA","Australia,New Zealand",245.145,"OLED",219,6.029915935369911,159904,97
"LG","OLED97G5PSA","Australia,New Zealand",245.145,"OLED",228,5.849211107706925,167007,97
"LG","OLED97G6PSA","Australia,New Zealand",245.145,"OLED",228,5.849211107706925,176375,97
"LG","OLED97G26LA","Australia,New Zealand",245.145,"OLED",219,6.029915935369911,148505,97
"LG","OLED97G46LA","Australia,New Zealand",245.145,"OLED",219,6.029915935369911,159538,97
"LG","OLED97G56LA","Australia,New Zealand",245.145,"OLED",228,5.849211107706925,167008,97
"LG","OLED97G66LW","Australia,New Zealand",245.145,"OLED",228,5.849211107706925,176376,97
"LG","OLED97M3PSA","Australia,New Zealand",245.145,"OLED",258,5.299365770156127,154632,97
"LG","OLED97M4PSA","Australia,New Zealand",245.145,"OLED",244,5.5482619849107095,159905,97
"LG","OLED97M5PSA","Australia,New Zealand",245.145,"OLED",253,5.3856417632822415,167009,97
"LG","OLED97M46LA","Australia,New Zealand",245.145,"OLED",244,5.5482619849107095,159906,97
"LG","OLED97M56LA","Australia,New Zealand",245.145,"OLED",253,5.3856417632822415,167010,97
"SYLVOX","OQ43A2K3GF","Australia,Fiji,New Zealand",107.987,"LCD",51.03,5.263525424259972,175011,43
"SYLVOX","OQ43A2KEGC","Australia,Fiji,New Zealand",107.987,"LCD",51.6354,5.374183395081641,175010,43
"SYLVOX","OQ43A2KEGE","Australia,Fiji,New Zealand",107.987,"LCD",51.03,5.263525424259972,175011,43
"SYLVOX","OQ43A2KOGD","Australia,Fiji,New Zealand",107.987,"LCD",51.6354,5.374183395081641,175010,43
"SYLVOX","OQ43A2KOGF","Australia,Fiji,New Zealand",107.987,"LCD",51.03,5.263525424259972,175011,43
"SYLVOX","OQ43A7K5GD","Australia,Fiji,New Zealand",107.987,"LCD",51.6354,5.374183395081641,175010,43
"SYLVOX","OQ43A7K5GF","Australia,Fiji,New Zealand",107.987,"LCD",51.03,5.263525424259972,175011,43
"SYLVOX","OQ43B3K5GD","Australia,Fiji,New Zealand",107.987,"LCD",51.6354,5.374183395081641,175010,43
"SYLVOX","OQ43BЗKЗGD","Australia,Fiji,New Zealand",107.987,"LCD",51.6354,5.374183395081641,175010,43
"SYLVOX","OQ55A2K3GF","Australia,Fiji,New Zealand",138.783,"LCD",71.3472,6.138517933410955,175047,55
"SYLVOX","OQ55A2KEGC","Australia,Fiji,New Zealand",138.783,"LCD",67.434,6.310901498166682,175050,55
"SYLVOX","OQ55A2KEGE","Australia,Fiji,New Zealand",138.783,"LCD",71.3472,6.138517933410955,175047,55
"SYLVOX","OQ55A2KOGD","Australia,Fiji,New Zealand",138.783,"LCD",67.434,6.310901498166682,175050,55
"SYLVOX","OQ55A2KOGF","Australia,Fiji,New Zealand",138.783,"LCD",71.3472,6.138517933410955,175047,55
"SYLVOX","OQ55A3K8HG","Australia,Fiji,New Zealand",138.783,"LCD",65.5236,6.490182209520817,175037,55
"SYLVOX","OQ55A7K5GD","Australia,Fiji,New Zealand",138.783,"LCD",67.434,6.310901498166682,175050,55
"SYLVOX","OQ55A7K5GF","Australia,Fiji,New Zealand",138.783,"LCD",71.3472,6.138517933410955,175047,55
"SYLVOX","OQ55B3K5GD","Australia,Fiji,New Zealand",138.783,"LCD",67.434,6.310901498166682,175050,55
"SYLVOX","OQ55BЗKЗGD","Australia,Fiji,New Zealand",138.783,"LCD",67.434,6.310901498166682,175050,55
"SYLVOX","OQ65A2K3GF","Australia,Fiji,New Zealand",163.896,"LCD",90.0792,6.4118221171542435,175054,65
"SYLVOX","OQ65A2KEGC","Australia,Fiji,New Zealand",163.896,"LCD",90.1488,6.4118221171542435,175056,65
"SYLVOX","OQ65A2KEGE","Australia,Fiji,New Zealand",163.896,"LCD",90.0792,6.4118221171542435,175054,65
"SYLVOX","OQ65A2KOGD","Australia,Fiji,New Zealand",163.896,"LCD",90.1488,6.4118221171542435,175056,65
"SYLVOX","OQ65A2KOGF","Australia,Fiji,New Zealand",163.896,"LCD",90.0792,6.4118221171542435,175054,65
"SYLVOX","OQ65A3K8HG","Australia,Fiji,New Zealand",163.896,"LCD",93.012,6.281916786247169,175053,65
"SYLVOX","OQ65A3KOHJ","Australia,Fiji,New Zealand",163.896,"LCD",101.358,5.683506516991858,173171,65
"SYLVOX","OQ65A7K5GD","Australia,Fiji,New Zealand",163.896,"LCD",90.1488,6.4118221171542435,175056,65
"SYLVOX","OQ65A7K5GF","Australia,Fiji,New Zealand",163.896,"LCD",90.0792,6.4118221171542435,175054,65
"SYLVOX","OQ65B3K5GD","Australia,Fiji,New Zealand",163.896,"LCD",90.1488,6.4118221171542435,175056,65
"SYLVOX","OQ65BЗKЗGD","Australia,Fiji,New Zealand",163.896,"LCD",90.1488,6.4118221171542435,175056,65
"SYLVOX","OQ75A2K3GF","Australia,Fiji,New Zealand",189.34,"LCD",124.536,6.285522782773787,175061,75
"SYLVOX","OQ75A2KEGC","Australia,Fiji,New Zealand",189.34,"LCD",119.9244,6.384019497508897,175062,75
"SYLVOX","OQ75A2KEGE","Australia,Fiji,New Zealand",189.34,"LCD",124.536,6.285522782773787,175061,75
"SYLVOX","OQ75A2KOGD","Australia,Fiji,New Zealand",189.34,"LCD",119.9244,6.384019497508897,175062,75
"SYLVOX","OQ75A2KOGF","Australia,Fiji,New Zealand",189.34,"LCD",124.536,6.285522782773787,175061,75
"SYLVOX","OQ75A3K8HG","Australia,Fiji,New Zealand",189.34,"LCD",103.59,7.083140075082348,175059,75
"SYLVOX","OQ75A3KOHJ","Australia,Fiji,New Zealand",189.34,"LCD",130.692,5.823110870677181,173172,75
"SYLVOX","OQ75A7K5GD","Australia,Fiji,New Zealand",189.34,"LCD",119.9244,6.384019497508897,175062,75
"SYLVOX","OQ75A7K5GF","Australia,Fiji,New Zealand",189.34,"LCD",124.536,6.285522782773787,175061,75
"SYLVOX","OQ75B3K5GD","Australia,Fiji,New Zealand",189.34,"LCD",119.9244,6.384019497508897,175062,75
"SYLVOX","OQ75BЗKЗGD","Australia,Fiji,New Zealand",189.34,"LCD",119.9244,6.384019497508897,175062,75
"SYLVOX","OT43A2K3GD","Australia,Fiji,New Zealand",107.987,"LCD",51.6354,5.374183395081641,175010,43
"SYLVOX","OT43A2K3GF","Australia,Fiji,New Zealand",107.987,"LCD",51.03,5.263525424259972,175011,43
"SYLVOX","OT43A2KEGC","Australia,Fiji,New Zealand",107.987,"LCD (LED)",107.8,2.3016370001659756,154045,43
"SYLVOX","OT43A2KEGE","Australia,Fiji,New Zealand",107.987,"LCD",51.03,5.263525424259972,175011,43
"SYLVOX","OT43A2KOGD","Australia,Fiji,New Zealand",107.987,"LCD",51.6354,5.374183395081641,175010,43
"SYLVOX","OT43A2KOGF","Australia,Fiji,New Zealand",107.987,"LCD",51.03,5.263525424259972,175011,43
"SYLVOX","OT43A7K5GD","Australia,Fiji,New Zealand",107.987,"LCD",51.6354,5.374183395081641,175010,43
"SYLVOX","OT43A7K5GF","Australia,Fiji,New Zealand",107.987,"LCD",51.03,5.263525424259972,175011,43
"SYLVOX","OT43B2K5GF","Australia,Fiji,New Zealand",107.987,"LCD",51.03,5.263525424259972,175011,43
"SYLVOX","OT43B3K5GD","Australia,Fiji,New Zealand",107.987,"LCD",51.6354,5.374183395081641,175010,43
"SYLVOX","OT43BЗKЗGD","Australia,Fiji,New Zealand",107.987,"LCD",51.6354,5.374183395081641,175010,43
"SYLVOX","OT50A2K3GD","Australia,Fiji,New Zealand",143.126,"LCD (LED)",71,6.265115810739885,179717,56
"SYLVOX","OT55A2K3GD","Australia,Fiji,New Zealand",138.783,"LCD",67.434,6.310901498166682,175050,55
"SYLVOX","OT55A2K3GF","Australia,Fiji,New Zealand",138.783,"LCD",71.3472,6.138517933410955,175047,55
"SYLVOX","OT55A2KEGC","Australia,Fiji,New Zealand",138.783,"LCD (LED)",168.3,2.110707983587355,154079,55
"SYLVOX","OT55A2KEGE","Australia,Fiji,New Zealand",138.783,"LCD",71.3472,6.138517933410955,175047,55
"SYLVOX","OT55A2KOGD","Australia,Fiji,New Zealand",138.783,"LCD",67.434,6.310901498166682,175050,55
"SYLVOX","OT55A2KOGF","Australia,Fiji,New Zealand",138.783,"LCD",71.3472,6.138517933410955,175047,55
"SYLVOX","OT55A6KOEC","Australia,Fiji,New Zealand",138.783,"LCD",79.95,5.582585898004296,169491,55
"SYLVOX","OT55A6KOEC, OT55KOC","Australia,Fiji,New Zealand",138.783,"LCD",79.95,5.582585898004296,169491,55
"SYLVOX","OT55A7K5GD","Australia,Fiji,New Zealand",138.783,"LCD",67.434,6.310901498166682,175050,55
"SYLVOX","OT55A7K5GF","Australia,Fiji,New Zealand",138.783,"LCD",71.3472,6.138517933410955,175047,55
"SYLVOX","OT55B2K5GF","Australia,Fiji,New Zealand",138.783,"LCD",71.3472,6.138517933410955,175047,55
"SYLVOX","OT55B3K5GD","Australia,Fiji,New Zealand",138.783,"LCD",67.434,6.310901498166682,175050,55
"SYLVOX","OT55BЗKЗGD","Australia,Fiji,New Zealand",138.783,"LCD",67.434,6.310901498166682,175050,55
"SYLVOX","OT55KOC","Australia,Fiji,New Zealand",138.783,"LCD",79.95,5.582585898004296,169491,55
"SYLVOX","OT65A2K3GD","Australia,Fiji,New Zealand",163.896,"LCD",90.1488,6.4118221171542435,175056,65
"SYLVOX","OT65A2K3GF","Australia,Fiji,New Zealand",163.896,"LCD",90.0792,6.4118221171542435,175054,65
"SYLVOX","OT65A2KEGC","Australia,Fiji,New Zealand",163.896,"LCD (LED)",237.1,2.0394398694657525,154080,65
"SYLVOX","OT65A2KEGE","Australia,Fiji,New Zealand",163.896,"LCD",90.0792,6.4118221171542435,175054,65
"SYLVOX","OT65A2KOGD","Australia,Fiji,New Zealand",163.896,"LCD",90.1488,6.4118221171542435,175056,65
"SYLVOX","OT65A2KOGF","Australia,Fiji,New Zealand",163.896,"LCD",90.0792,6.4118221171542435,175054,65
"SYLVOX","OT65A6KOEC","Australia,Fiji,New Zealand",163.896,"LCD",104.68002,5.796966251029342,169695,65
"SYLVOX","OT65A6KOEC, OT65KOC","Australia,Fiji,New Zealand",163.896,"LCD",104.68002,5.796966251029342,169695,65
"SYLVOX","OT65A7K5GD","Australia,Fiji,New Zealand",163.896,"LCD",90.1488,6.4118221171542435,175056,65
"SYLVOX","OT65A7K5GF","Australia,Fiji,New Zealand",163.896,"LCD",90.0792,6.4118221171542435,175054,65
"SYLVOX","OT65B2K5GF","Australia,Fiji,New Zealand",163.896,"LCD",90.0792,6.4118221171542435,175054,65
"SYLVOX","OT65B3K5GD","Australia,Fiji,New Zealand",163.896,"LCD",90.1488,6.4118221171542435,175056,65
"SYLVOX","OT65BЗKЗGD","Australia,Fiji,New Zealand",163.896,"LCD",90.1488,6.4118221171542435,175056,65
"SYLVOX","OT65KOC","Australia,Fiji,New Zealand",163.896,"LCD",104.68002,5.796966251029342,169695,65
"SYLVOX","OT75A2K3GD","Australia,Fiji,New Zealand",189.34,"LCD",119.9244,6.384019497508897,175062,75
"SYLVOX","OT75A2K3GF","Australia,Fiji,New Zealand",189.34,"LCD",124.536,6.285522782773787,175061,75
"SYLVOX","OT75A2KEGC","Australia,Fiji,New Zealand",189.34,"LCD (LED)",306.7,2.2897021939727447,156806,75
"SYLVOX","OT75A2KEGE","Australia,Fiji,New Zealand",189.34,"LCD",124.536,6.285522782773787,175061,75
"SYLVOX","OT75A2KOGD","Australia,Fiji,New Zealand",189.34,"LCD",119.9244,6.384019497508897,175062,75
"SYLVOX","OT75A2KOGF","Australia,Fiji,New Zealand",189.34,"LCD",124.536,6.285522782773787,175061,75
"SYLVOX","OT75A6KOEC","Australia,Fiji,New Zealand",189.34,"LCD",134.5602,5.956894540309852,169696,75
"SYLVOX","OT75A6KOEC, OT75KOC","Australia,Fiji,New Zealand",189.34,"LCD",134.5602,5.956894540309852,169696,75
"SYLVOX","OT75A7K5GD","Australia,Fiji,New Zealand",189.34,"LCD",119.9244,6.384019497508897,175062,75
"SYLVOX","OT75A7K5GF","Australia,Fiji,New Zealand",189.34,"LCD",124.536,6.285522782773787,175061,75
"SYLVOX","OT75B2K5GF","Australia,Fiji,New Zealand",189.34,"LCD",124.536,6.285522782773787,175061,75
"SYLVOX","OT75B3K5GD","Australia,Fiji,New Zealand",189.34,"LCD",119.9244,6.384019497508897,175062,75
"SYLVOX","OT75BЗKЗGD","Australia,Fiji,New Zealand",189.34,"LCD",119.9244,6.384019497508897,175062,75
"SYLVOX","OT75KOC","Australia,Fiji,New Zealand",189.34,"LCD",134.5602,5.956894540309852,169696,75
"SPARK ELECTRONICS","Outdoor TV","Australia,Fiji,New Zealand",217.474,"LCD",482.4,1.4405055371523754,174635,86
"POLAROID","PL40S4G11","Australia,Fiji,New Zealand",100.305,"LCD",40,6.082256469696936,151973,39
"POLAROID","PL55M4G11","Australia,Fiji,New Zealand",138.412,"LCD",68.98,6.316416078038494,150648,54
"POLAROID","PL2421FHDC","Australia,Fiji,New Zealand",59.774,"LCD (LED)",18,6.010103150137152,145334,24
"POLAROID","PL3221HDC","Australia,Fiji,New Zealand",80.043,"LCD",27.1,6.138546025859608,150481,32
"POLAROID","PL3221OS","Australia,Fiji,New Zealand",80.054,"LCD (LED)",25.5,6.316630932016583,142044,32
"POLAROID","PL3222HDG","Australia,Fiji,New Zealand",80.997,"LCD",23.798,6.179725793837952,147582,32
"POLAROID","PL5021WOS","Australia,Fiji,New Zealand",125.774,"LCD (LED)",54.8,6.550386915674646,144343,50
"POLAROID","PL6521OS","Australia",163.896,"LCD (LED)",95.274,6.0693688847202,141716,65
"POLAROID","PL6521UHDG","Australia,Fiji,New Zealand",163.132,"LCD",94.65,6.152760171397917,151892,64
"POLAROID","PL7024WOS","Australia,New Zealand",176.535,"LCD",108.294,6.367605973033433,165430,70
"PALSONIC","PT6515SU","Australia",163.896,"LCD (LED)",105.43,5.266578196996688,165152,65
"LSP TV","Prison TV","Australia",48.313,"LCD (LED)",16.1569,5.356171502503779,146531,19
"PRISM+","Q55 PRO QE","Australia",138.711,"LCD (LED)",102.1,4.0277565992665405,146462,55
"PRISM+","Q55U","Australia",138.731,"LCD (LED)",73.254,5.521179398294896,151572,55
"PRISM+","Q65 PRO QE","Australia",163.896,"LCD (LED)",93.43,5.683506516991858,147329,65
"PRISM+","Q65U","Australia",163.897,"LCD (LED)",110.448,5.0086802835918505,151696,65
"PRISM+","Q75U","Australia",189.344,"LCD (LED)",165.8,4.596431533399473,156888,75
"SAMSUNG ELECTRONICS","QA32LS03B**","Australia,Fiji,New Zealand",80.008,"LCD (LED)",39,4.56011124992726,144421,31
"SAMSUNG ELECTRONICS","QA32LS03BBK","Australia,Fiji,New Zealand",80.008,"LCD (LED)",39,4.56011124992726,144421,31
"SAMSUNG ELECTRONICS","QA32LS03BBS","Australia,Fiji,New Zealand",80.008,"LCD (LED)",39,4.56011124992726,144421,31
"SAMSUNG ELECTRONICS","QA32LS03BBW","Australia,Fiji,New Zealand",80.008,"LCD (LED)",39,4.56011124992726,144421,31
"SAMSUNG ELECTRONICS","QA32LS03CBW","Australia,Fiji,New Zealand",80.008,"LCD (LED)",43,4.118959927231679,151840,31
"SAMSUNG","QA40Q5FAA*","Australia,Fiji,New Zealand",100.333,"LCD (LED)",41,5.9671476594952,177301,40
"SAMSUNG","QA40Q5FAAS","Australia,Fiji,New Zealand",100.333,"LCD (LED)",41,5.9671476594952,177301,40
"SAMSUNG","QA40Q5FAAW","Australia,Fiji,New Zealand",100.333,"LCD (LED)",41,5.9671476594952,177301,40
"SAMSUNG","QA42S90FAE","Australia,Fiji,New Zealand",105.52,"LCD (LED)",67,4.229006903442793,166885,42
"SAMSUNG","QA42S90HAE","Australia,Fiji,New Zealand",105.52,"LCD (LED)",66,4.3018771288022695,176594,42
"SAMSUNG ELECTRONICS","QA43LS01B**","Australia,Fiji,New Zealand",107.987,"LCD (LED)",82,3.527294960757275,144211,43
"SAMSUNG ELECTRONICS","QA43LS01BAS","Australia,Fiji,New Zealand",107.987,"LCD (LED)",82,3.527294960757275,144211,43
"SAMSUNG ELECTRONICS","QA43LS01BAW","Australia,Fiji,New Zealand",107.987,"LCD (LED)",82,3.527294960757275,144211,43
"SAMSUNG ELECTRONICS","QA43LS01BBW","Australia,Fiji,New Zealand",107.987,"LCD (LED)",82,3.527294960757275,144211,43
"SAMSUNG ELECTRONICS","QA43LS01DA*","Australia,Fiji,New Zealand",107.987,"LCD (LED)",79,3.693572453361716,160266,43
"SAMSUNG ELECTRONICS","QA43LS01DAS","Australia,Fiji,New Zealand",107.987,"LCD (LED)",79,3.693572453361716,160266,43
"SAMSUNG ELECTRONICS","QA43LS01DAW","Australia,Fiji,New Zealand",107.987,"LCD (LED)",79,3.693572453361716,160266,43
"SAMSUNG ELECTRONICS","QA43LS03BA*","Australia,Fiji,New Zealand",107.987,"LCD (LED)",92,3.009363390138676,144102,43
"SAMSUNG ELECTRONICS","QA43LS03BAS","Australia,Fiji,New Zealand",107.987,"LCD (LED)",92,3.009363390138676,144102,43
"SAMSUNG ELECTRONICS","QA43LS03BAW","Australia,Fiji,New Zealand",107.987,"LCD (LED)",92,3.009363390138676,144102,43
"SAMSUNG ELECTRONICS","QA43LS03DA*","Australia,Fiji,New Zealand",107.987,"LCD (LED)",92,3.009363390138676,159007,43
"SAMSUNG ELECTRONICS","QA43LS03DAS","Australia,Fiji,New Zealand",107.987,"LCD (LED)",92,3.009363390138676,159007,43
"SAMSUNG ELECTRONICS","QA43LS03DAW","Australia,Fiji,New Zealand",107.987,"LCD (LED)",92,3.009363390138676,159007,43
"SAMSUNG","QA43LS03FA*","Australia,Fiji,New Zealand",107.987,"LCD (LED)",70,4.2156364107821895,166552,43
"SAMSUNG","QA43LS03FAS","Australia,Fiji,New Zealand",107.987,"LCD (LED)",70,4.2156364107821895,166552,43
"SAMSUNG","QA43LS03FAW","Australia,Fiji,New Zealand",107.987,"LCD (LED)",70,4.2156364107821895,166552,43
"SAMSUNG","QA43LS03HE*","Australia,Fiji,New Zealand",107.987,"LCD (LED)",69,4.285387548332183,176853,43
"SAMSUNG","QA43LS03HES","Australia,Fiji,New Zealand",107.987,"LCD (LED)",69,4.285387548332183,176853,43
"SAMSUNG","QA43LS03HEW","Australia,Fiji,New Zealand",107.987,"LCD (LED)",69,4.285387548332183,176853,43
"SAMSUNG ELECTRONICS","QA43LS05B**","Australia,Fiji,New Zealand",107.987,"LCD (LED)",83,3.468328055820896,144425,43
"SAMSUNG ELECTRONICS","QA43LS05BAS","Australia,Fiji,New Zealand",107.987,"LCD (LED)",83,3.468328055820896,144425,43
"SAMSUNG ELECTRONICS","QA43LS05BAW","Australia,Fiji,New Zealand",107.987,"LCD (LED)",83,3.468328055820896,144425,43
"SAMSUNG ELECTRONICS","QA43LS05BBW","Australia,Fiji,New Zealand",107.987,"LCD (LED)",83,3.468328055820896,144425,43
"SAMSUNG","QA43Q5FAA*","Australia,Fiji,New Zealand",107.987,"LCD (LED)",48,5.896368429245722,177302,43
"SAMSUNG","QA43Q5FAAS","Australia,Fiji,New Zealand",107.987,"LCD (LED)",48,5.896368429245722,177302,43
"SAMSUNG","QA43Q5FAAW","Australia,Fiji,New Zealand",107.987,"LCD (LED)",48,5.896368429245722,177302,43
"SAMSUNG ELECTRONICS","QA43Q6*BAS","Australia,Fiji,New Zealand",107.987,"LCD (LED)",70,4.21563641078219,143637,43
"SAMSUNG ELECTRONICS","QA43Q6*CA*","Australia,Fiji,New Zealand",107.987,"LCD (LED)",70,4.2156364107821895,151476,43
"SAMSUNG ELECTRONICS","QA43Q6*DAS","Australia,Fiji,New Zealand",107.987,"LCD (LED)",64,4.613442755808096,157984,43
"SAMSUNG","QA43Q7FAAS","Australia,Fiji,New Zealand",107.987,"LCD (LED)",68,4.356241516253395,168094,43
"SAMSUNG","QA43Q7FAAW","Australia,Fiji,New Zealand",107.987,"LCD (LED)",68,4.356241516253395,168094,43
"SAMSUNG","QA43Q8F5AW","Australia,Fiji,New Zealand",107.987,"LCD (LED)",68,4.356241516253395,167032,43
"SAMSUNG","QA43Q8F*A*","Australia,Fiji,New Zealand",107.987,"LCD (LED)",68,4.356241516253395,167032,43
"SAMSUNG","QA43Q8FAAS","Australia,Fiji,New Zealand",107.987,"LCD (LED)",68,4.356241516253395,167032,43
"SAMSUNG","QA43Q8FAAW","Australia,Fiji,New Zealand",107.987,"LCD (LED)",68,4.356241516253395,167032,43
"SAMSUNG ELECTRONICS","QA43Q60BAS","Australia,Fiji,New Zealand",107.987,"LCD (LED)",70,4.21563641078219,143637,43
"SAMSUNG ELECTRONICS","QA43Q60CAS","Australia,Fiji,New Zealand",107.987,"LCD (LED)",70,4.2156364107821895,151476,43
"SAMSUNG ELECTRONICS","QA43Q60DAS","Australia,Fiji,New Zealand",107.987,"LCD (LED)",64,4.613442755808096,157984,43
"SAMSUNG ELECTRONICS","QA43Q63BAS","Australia,Fiji,New Zealand",107.987,"LCD (LED)",70,4.21563641078219,143637,43
"SAMSUNG ELECTRONICS","QA43Q63CAS","Australia,Fiji,New Zealand",107.987,"LCD (LED)",70,4.2156364107821895,151476,43
"SAMSUNG ELECTRONICS","QA43Q65DAS","Australia,Fiji,New Zealand",107.987,"LCD (LED)",64,4.613442755808096,157984,43
"SAMSUNG","QA43Q*F SERIES","Australia,Fiji,New Zealand",107.987,"LCD (LED)",68,4.356241516253395,168094,43
"SAMSUNG","QA43QEF1AS","Australia,Fiji,New Zealand",107.987,"LCD (LED)",68,4.356241516253395,168094,43
"SAMSUNG","QA43QEF1AW","Australia,Fiji,New Zealand",107.987,"LCD (LED)",68,4.356241516253395,168094,43
"SAMSUNG","QA43QN70HA*","Australia,Fiji,New Zealand",108.012,"LCD (LED)",69,4.289096981706079,176206,43
"SAMSUNG","QA43QN70HAS","Australia,Fiji,New Zealand",108.012,"LCD (LED)",69,4.289096981706079,176206,43
"SAMSUNG","QA43QN70HAW","Australia,Fiji,New Zealand",108.012,"LCD (LED)",69,4.289096981706079,176206,43
"SAMSUNG ELECTRONICS","QA43QN90BA*","Australia,Fiji,New Zealand",107.987,"LCD (LED)",99,2.6904934974743866,143840,43
"SAMSUNG ELECTRONICS","QA43QN90BAS","Australia,Fiji,New Zealand",107.987,"LCD (LED)",99,2.6904934974743866,143840,43
"SAMSUNG ELECTRONICS","QA43QN90BAW","Australia,Fiji,New Zealand",107.987,"LCD (LED)",99,2.6904934974743866,143840,43
"SAMSUNG ELECTRONICS","QA43QN90CA*","Australia,Fiji,New Zealand",107.987,"LCD (LED)",70,4.2156364107821895,151691,43
"SAMSUNG ELECTRONICS","QA43QN90CAS","Australia,Fiji,New Zealand",107.987,"LCD (LED)",70,4.2156364107821895,151691,43
"SAMSUNG ELECTRONICS","QA43QN90CAW","Australia,Fiji,New Zealand",107.987,"LCD (LED)",70,4.2156364107821895,151691,43
"SAMSUNG ELECTRONICS","QA43QN90DA*","Australia,Fiji,New Zealand",107.987,"LCD (LED)",63,4.689724088919364,158250,43
"SAMSUNG ELECTRONICS","QA43QN90DAS","Australia,Fiji,New Zealand",107.987,"LCD (LED)",63,4.689724088919364,158250,43
"SAMSUNG ELECTRONICS","QA43QN90DAW","Australia,Fiji,New Zealand",107.987,"LCD (LED)",63,4.689724088919364,158250,43
"SAMSUNG","QA43QN90FA*","Australia,Fiji,New Zealand",107.987,"LCD (LED)",62,4.767326376368296,166886,43
"SAMSUNG","QA43QN90FAS","Australia,Fiji,New Zealand",107.987,"LCD (LED)",62,4.767326376368296,166886,43
"SAMSUNG","QA43QN90FAW","Australia,Fiji,New Zealand",107.987,"LCD (LED)",62,4.767326376368296,166886,43
"SAMSUNG","QA48S85HAE","Australia,Fiji,New Zealand",120.712,"LCD (LED)",86,4.196891478614717,176595,48
"SAMSUNG ELECTRONICS","QA48S90DAE","Australia,Fiji,New Zealand",120.712,"LCD (LED)",80,4.5192239731629495,159510,48
"SAMSUNG","QA48S90FAE","Australia,Fiji,New Zealand",120.721,"LCD (LED)",79,4.580787588050276,166555,48
"SAMSUNG","QA48S90HAE","Australia,Fiji,New Zealand",120.721,"LCD (LED)",78,4.627227590347069,176432,48
"SAMSUNG ELECTRONICS","QA50LS01BAS","Australia,Fiji,New Zealand",125.736,"LCD (LED)",96,4.0445353755346325,144212,50
"SAMSUNG ELECTRONICS","QA50LS01DAS","Australia,Fiji,New Zealand",125.727,"LCD (LED)",93,4.172950148870644,160385,49
"SAMSUNG ELECTRONICS","QA50LS03BA*","Australia,Fiji,New Zealand",125.727,"LCD (LED)",96,4.044164846323894,143841,49
"SAMSUNG ELECTRONICS","QA50LS03BAS","Australia,Fiji,New Zealand",125.727,"LCD (LED)",96,4.044164846323894,143841,49
"SAMSUNG ELECTRONICS","QA50LS03BAW","Australia,Fiji,New Zealand",125.727,"LCD (LED)",96,4.044164846323894,143841,49
"SAMSUNG ELECTRONICS","QA50LS03DA*","Australia,Fiji,New Zealand",125.727,"LCD (LED)",93,4.172950148870644,159044,49
"SAMSUNG ELECTRONICS","QA50LS03DAS","Australia,Fiji,New Zealand",125.727,"LCD (LED)",93,4.172950148870644,159044,49
"SAMSUNG ELECTRONICS","QA50LS03DAW","Australia,Fiji,New Zealand",125.727,"LCD (LED)",93,4.172950148870644,159044,49
"SAMSUNG","QA50LS03FA*","Australia,Fiji,New Zealand",125.727,"LCD (LED)",92,4.225518729573082,167244,49
"SAMSUNG","QA50LS03FAS","Australia,Fiji,New Zealand",125.727,"LCD (LED)",92,4.225518729573082,167244,49
"SAMSUNG","QA50LS03FAW","Australia,Fiji,New Zealand",125.727,"LCD (LED)",92,4.225518729573082,167244,49
"SAMSUNG ELECTRONICS","QA50Q6*BAS","Australia,Fiji,New Zealand",125.727,"LCD (LED)",80,4.84854704574821,143638,49
"SAMSUNG ELECTRONICS","QA50Q6*CA*","Australia,Fiji,New Zealand",125.727,"LCD (LED)",76,5.082413329865411,151440,49
"SAMSUNG ELECTRONICS","QA50Q6*DAS","Australia,Fiji,New Zealand",125.727,"LCD (LED)",66,5.699152541308105,157986,49
"SAMSUNG","QA50Q7FAAS","Australia,Fiji,New Zealand",125.727,"LCD (LED)",79,4.909727792796122,168096,49
"SAMSUNG","QA50Q7FAAW","Australia,Fiji,New Zealand",125.727,"LCD (LED)",79,4.909727792796122,168096,49
"SAMSUNG","QA50Q8F5AW","Australia,Fiji,New Zealand",125.727,"LCD (LED)",75,5.130687621990228,167031,49
"SAMSUNG","QA50Q8F*A*","Australia,Fiji,New Zealand",125.727,"LCD (LED)",75,5.130687621990228,167031,49
"SAMSUNG","QA50Q8FAAS","Australia,Fiji,New Zealand",125.727,"LCD (LED)",75,5.130687621990228,167031,49
"SAMSUNG","QA50Q8FAAW","Australia,Fiji,New Zealand",125.727,"LCD (LED)",75,5.130687621990228,167031,49
"SAMSUNG ELECTRONICS","QA50Q60BAS","Australia,Fiji,New Zealand",125.727,"LCD (LED)",80,4.84854704574821,143638,49
"SAMSUNG ELECTRONICS","QA50Q60CAS","Australia,Fiji,New Zealand",125.727,"LCD (LED)",76,5.082413329865411,151440,49
"SAMSUNG ELECTRONICS","QA50Q60DAS","Australia,Fiji,New Zealand",125.727,"LCD (LED)",66,5.699152541308105,157986,49
"SAMSUNG ELECTRONICS","QA50Q63BAS","Australia,Fiji,New Zealand",125.727,"LCD (LED)",80,4.84854704574821,143638,49
"SAMSUNG ELECTRONICS","QA50Q63CAS","Australia,Fiji,New Zealand",125.727,"LCD (LED)",76,5.082413329865411,151440,49
"SAMSUNG ELECTRONICS","QA50Q65DAS","Australia,Fiji,New Zealand",125.727,"LCD (LED)",66,5.699152541308105,157986,49
"SAMSUNG ELECTRONICS","QA50Q80BAS","Australia,Fiji,New Zealand",125.727,"LCD (LED)",138,2.4216983016909657,144201,49
"SAMSUNG ELECTRONICS","QA50Q80CAS","Australia,Fiji,New Zealand",125.736,"LCD (LED)",93,4.173320678081382,151887,50
"SAMSUNG ELECTRONICS","QA50Q80DA*","Australia,Fiji,New Zealand",125.727,"LCD (LED)",82,4.7434503001916815,158974,49
"SAMSUNG ELECTRONICS","QA50Q80DAS","Australia,Fiji,New Zealand",125.727,"LCD (LED)",82,4.7434503001916815,158974,49
"SAMSUNG ELECTRONICS","QA50Q80DAW","Australia,Fiji,New Zealand",125.727,"LCD (LED)",82,4.7434503001916815,158974,49
"SAMSUNG","QA50Q*F SERIES","Australia,Fiji,New Zealand",125.727,"LCD (LED)",79,4.909727792796122,168096,49
"SAMSUNG ELECTRONICS","QA50QE1CAS","Australia,Fiji,New Zealand",125.727,"LCD (LED)",76,5.082413329865411,154521,49
"SAMSUNG ELECTRONICS","QA50QE1DAS","Australia,Fiji,New Zealand",125.727,"LCD (LED)",73,5.245392022087018,159333,49
"SAMSUNG","QA50QEF1AS","Australia,Fiji,New Zealand",125.727,"LCD (LED)",79,4.909727792796122,168096,49
"SAMSUNG","QA50QEF1AW","Australia,Fiji,New Zealand",125.727,"LCD (LED)",79,4.909727792796122,168096,49
"SAMSUNG","QA50QN70HA*","Australia,Fiji,New Zealand",125.727,"LCD (LED)",83,4.6844833952553016,176058,49
"SAMSUNG","QA50QN70HAS","Australia,Fiji,New Zealand",125.727,"LCD (LED)",83,4.6844833952553016,176058,49
"SAMSUNG","QA50QN70HAW","Australia,Fiji,New Zealand",125.727,"LCD (LED)",83,4.6844833952553016,176058,49
"SAMSUNG","QA50QN80FA*","Australia,Fiji,New Zealand",127.225,"LCD (LED)",100,4.051057550731866,167181,50
"SAMSUNG","QA50QN80FAS","Australia,Fiji,New Zealand",127.225,"LCD (LED)",100,4.051057550731866,167181,50
"SAMSUNG","QA50QN80FAW","Australia,Fiji,New Zealand",127.225,"LCD (LED)",100,4.051057550731866,167181,50
"SAMSUNG","QA50QN80HA*","Australia,Fiji,New Zealand",125.727,"LCD (LED)",99,3.9066488369087926,176412,49
"SAMSUNG","QA50QN80HAS","Australia,Fiji,New Zealand",125.727,"LCD (LED)",99,3.9066488369087926,176412,49
"SAMSUNG","QA50QN80HAW","Australia,Fiji,New Zealand",125.727,"LCD (LED)",99,3.9066488369087926,176412,49
"SAMSUNG ELECTRONICS","QA50QN90BA*","Australia,Fiji,New Zealand",125.727,"LCD (LED)",112,3.3515376495890017,143736,49
"SAMSUNG ELECTRONICS","QA50QN90BAS","Australia,Fiji,New Zealand",125.727,"LCD (LED)",112,3.3515376495890017,143736,49
"SAMSUNG ELECTRONICS","QA50QN90BAW","Australia,Fiji,New Zealand",125.727,"LCD (LED)",112,3.3515376495890017,143736,49
"SAMSUNG ELECTRONICS","QA50QN90CA*","Australia,Fiji,New Zealand",125.727,"LCD (LED)",94,4.13392447306466,151488,49
"SAMSUNG ELECTRONICS","QA50QN90CAS","Australia,Fiji,New Zealand",125.727,"LCD (LED)",94,4.13392447306466,151488,49
"SAMSUNG ELECTRONICS","QA50QN90CAW","Australia,Fiji,New Zealand",125.727,"LCD (LED)",94,4.13392447306466,151488,49
"SAMSUNG ELECTRONICS","QA50QN90DA*","Australia,Fiji,New Zealand",125.727,"LCD (LED)",81,4.788190306906577,158602,49
"SAMSUNG ELECTRONICS","QA50QN90DAS","Australia,Fiji,New Zealand",125.727,"LCD (LED)",81,4.788190306906577,158602,49
"SAMSUNG ELECTRONICS","QA50QN90DAW","Australia,Fiji,New Zealand",125.727,"LCD (LED)",81,4.788190306906577,158602,49
"SAMSUNG","QA50QN90FA*","Australia,Fiji,New Zealand",125.727,"LCD (LED)",77,5.018846021249878,167250,49
"SAMSUNG","QA50QN90FAS","Australia,Fiji,New Zealand",125.727,"LCD (LED)",77,5.018846021249878,167250,49
"SAMSUNG","QA50QN90FAW","Australia,Fiji,New Zealand",125.727,"LCD (LED)",77,5.018846021249878,167250,49
"SAMSUNG ELECTRONICS","QA55LS01B**","Australia,Fiji,New Zealand",138.783,"LCD (LED)",116,4.0111451391386845,144142,55
"SAMSUNG ELECTRONICS","QA55LS01BAS","Australia,Fiji,New Zealand",138.783,"LCD (LED)",116,4.0111451391386845,144142,55
"SAMSUNG ELECTRONICS","QA55LS01BAW","Australia,Fiji,New Zealand",138.783,"LCD (LED)",116,4.0111451391386845,144142,55
"SAMSUNG ELECTRONICS","QA55LS01BBW","Australia,Fiji,New Zealand",138.783,"LCD (LED)",116,4.0111451391386845,144142,55
"SAMSUNG ELECTRONICS","QA55LS01DA*","Australia,Fiji,New Zealand",138.783,"LCD (LED)",89,5.182703700188524,160267,55
"SAMSUNG ELECTRONICS","QA55LS01DAS","Australia,Fiji,New Zealand",138.783,"LCD (LED)",89,5.182703700188524,160267,55
"SAMSUNG ELECTRONICS","QA55LS01DAW","Australia,Fiji,New Zealand",138.783,"LCD (LED)",89,5.182703700188524,160267,55
"SAMSUNG ELECTRONICS","QA55LS03BA*","Australia,Fiji,New Zealand",138.783,"LCD (LED)",140,3.169606505914303,143842,55
"SAMSUNG ELECTRONICS","QA55LS03BAS","Australia,Fiji,New Zealand",138.783,"LCD (LED)",140,3.169606505914303,143842,55
"SAMSUNG ELECTRONICS","QA55LS03BAW","Australia,Fiji,New Zealand",138.783,"LCD (LED)",140,3.169606505914303,143842,55
"SAMSUNG ELECTRONICS","QA55LS03DA*","Australia,Fiji,New Zealand",138.783,"LCD (LED)",119,3.8968964921306344,159051,55
"SAMSUNG ELECTRONICS","QA55LS03DAS","Australia,Fiji,New Zealand",138.783,"LCD (LED)",119,3.8968964921306344,159051,55
"SAMSUNG ELECTRONICS","QA55LS03DAW","Australia,Fiji,New Zealand",138.783,"LCD (LED)",119,3.8968964921306344,159051,55
"SAMSUNG","QA55LS03FA*","Australia,Fiji,New Zealand",138.783,"LCD (LED)",111,4.204617778661293,166554,55
"SAMSUNG","QA55LS03FAS","Australia,Fiji,New Zealand",138.783,"LCD (LED)",111,4.204617778661293,166554,55
"SAMSUNG","QA55LS03FAW","Australia,Fiji,New Zealand",138.783,"LCD (LED)",111,4.204617778661293,166554,55
"SAMSUNG","QA55LS03HEW","Australia,Fiji,New Zealand",138.783,"LCD (LED)",110,4.237691139975824,176625,55
"SAMSUNG","QA55LS03HW*","Australia,Fiji,New Zealand",138.783,"LCD (LED)",111,4.204617778661293,176585,55
"SAMSUNG","QA55LS03HWS","Australia,Fiji,New Zealand",138.783,"LCD (LED)",111,4.204617778661293,176585,55
"SAMSUNG","QA55LS03HWW","Australia,Fiji,New Zealand",138.783,"LCD (LED)",111,4.204617778661293,176585,55
"SAMSUNG ELECTRONICS","QA55LST7DA*","Australia,Fiji,New Zealand",138.783,"LCD (LED)",206,1.446525191086384,161192,55
"SAMSUNG ELECTRONICS","QA55LST7DAS","Australia,Fiji,New Zealand",138.783,"LCD (LED)",206,1.446525191086384,161192,55
"SAMSUNG ELECTRONICS","QA55LST7DAW","Australia,Fiji,New Zealand",138.783,"LCD (LED)",206,1.446525191086384,161192,55
"SAMSUNG ELECTRONICS","QA55Q6*BA*","Australia,Fiji,New Zealand",138.783,"LCD (LED)",87,5.27937906959569,143613,55
"SAMSUNG ELECTRONICS","QA55Q6*CA*","Australia,Fiji,New Zealand",138.783,"LCD (LED)",87,5.279379069595689,151478,55
"SAMSUNG ELECTRONICS","QA55Q6*DA*","Australia,Fiji,New Zealand",138.783,"LCD (LED)",74,6.005231674302989,157987,55
"SAMSUNG","QA55Q6FAA*","Fiji,New Zealand",138.783,"LCD (LED)",78,5.765526405493009,169374,55
"SAMSUNG","QA55Q6FAAS","Fiji,New Zealand",138.783,"LCD (LED)",78,5.765526405493009,169374,55
"SAMSUNG","QA55Q6FAAW","Fiji,New Zealand",138.783,"LCD (LED)",78,5.765526405493009,169374,55
"SAMSUNG","QA55Q7F5AS","Australia,Fiji,New Zealand",138.783,"LCD (LED)",84,5.4356409263487215,167343,55
"SAMSUNG","QA55Q7F5AW","Australia,Fiji,New Zealand",138.783,"LCD (LED)",84,5.4356409263487215,167343,55
"SAMSUNG","QA55Q7FAAS","Australia,Fiji,New Zealand",138.783,"LCD (LED)",84,5.4356409263487215,167343,55
"SAMSUNG","QA55Q7FAAW","Australia,Fiji,New Zealand",138.783,"LCD (LED)",84,5.4356409263487215,167343,55
"SAMSUNG","QA55Q8F5AW","Australia,Fiji,New Zealand",138.783,"LCD (LED)",79,5.719086403196216,167029,55
"SAMSUNG","QA55Q8F*A*","Australia,Fiji,New Zealand",138.783,"LCD (LED)",79,5.719086403196216,167029,55
"SAMSUNG","QA55Q8FAAS","Australia,Fiji,New Zealand",138.783,"LCD (LED)",79,5.719086403196216,167029,55
"SAMSUNG","QA55Q8FAAW","Australia,Fiji,New Zealand",138.783,"LCD (LED)",79,5.719086403196216,167029,55
"SAMSUNG ELECTRONICS","QA55Q60BAS","Australia,Fiji,New Zealand",138.783,"LCD (LED)",87,5.27937906959569,143613,55
"SAMSUNG ELECTRONICS","QA55Q60BAW","Australia,Fiji,New Zealand",138.783,"LCD (LED)",87,5.27937906959569,143613,55
"SAMSUNG ELECTRONICS","QA55Q60CAS","Australia,Fiji,New Zealand",138.783,"LCD (LED)",87,5.279379069595689,151478,55
"SAMSUNG ELECTRONICS","QA55Q60CAW","Australia,Fiji,New Zealand",138.783,"LCD (LED)",87,5.279379069595689,151478,55
"SAMSUNG ELECTRONICS","QA55Q60DAS","Australia,Fiji,New Zealand",138.783,"LCD (LED)",74,6.005231674302989,157987,55
"SAMSUNG ELECTRONICS","QA55Q60DAW","Australia,Fiji,New Zealand",138.783,"LCD (LED)",74,6.005231674302989,157987,55
"SAMSUNG ELECTRONICS","QA55Q63BAS","Australia,Fiji,New Zealand",138.783,"LCD (LED)",87,5.27937906959569,143613,55
"SAMSUNG ELECTRONICS","QA55Q63CAS","Australia,Fiji,New Zealand",138.783,"LCD (LED)",87,5.279379069595689,151478,55
"SAMSUNG ELECTRONICS","QA55Q65DAS","Australia,Fiji,New Zealand",138.783,"LCD (LED)",74,6.005231674302989,157987,55
"SAMSUNG ELECTRONICS","QA55Q65DAW","Australia,Fiji,New Zealand",138.783,"LCD (LED)",74,6.005231674302989,157987,55
"SAMSUNG ELECTRONICS","QA55Q70BA*","Australia,Fiji,New Zealand",138.783,"LCD (LED)",114,4.08539521829021,143524,55
"SAMSUNG ELECTRONICS","QA55Q70BAS","Australia,Fiji,New Zealand",138.783,"LCD (LED)",114,4.08539521829021,143524,55
"SAMSUNG ELECTRONICS","QA55Q70BAW","Australia,Fiji,New Zealand",138.783,"LCD (LED)",114,4.08539521829021,143524,55
"SAMSUNG ELECTRONICS","QA55Q70CA*","Australia,Fiji,New Zealand",138.783,"LCD (LED)",114,4.08539521829021,151856,55
"SAMSUNG ELECTRONICS","QA55Q70CAS","Australia,Fiji,New Zealand",138.783,"LCD (LED)",114,4.08539521829021,151856,55
"SAMSUNG ELECTRONICS","QA55Q70CAW","Australia,Fiji,New Zealand",138.783,"LCD (LED)",114,4.08539521829021,151856,55
"SAMSUNG ELECTRONICS","QA55Q70DA*","Australia,Fiji,New Zealand",138.783,"LCD (LED)",108,4.327098995599919,158984,55
"SAMSUNG ELECTRONICS","QA55Q70DAS","Australia,Fiji,New Zealand",138.783,"LCD (LED)",108,4.327098995599919,158984,55
"SAMSUNG ELECTRONICS","QA55Q70DAW","Australia,Fiji,New Zealand",138.783,"LCD (LED)",108,4.327098995599919,158984,55
"SAMSUNG ELECTRONICS","QA55Q80BA*","Australia,Fiji,New Zealand",138.783,"LCD (LED)",158,2.6282292742003825,144236,55
"SAMSUNG ELECTRONICS","QA55Q80BAS","Australia,Fiji,New Zealand",138.783,"LCD (LED)",158,2.6282292742003825,144236,55
"SAMSUNG ELECTRONICS","QA55Q80BAW","Australia,Fiji,New Zealand",138.783,"LCD (LED)",158,2.6282292742003825,144236,55
"SAMSUNG ELECTRONICS","QA55Q80CA*","Australia,Fiji,New Zealand",138.783,"LCD (LED)",112,4.160896259989094,151839,55
"SAMSUNG ELECTRONICS","QA55Q80CAS","Australia,Fiji,New Zealand",138.783,"LCD (LED)",112,4.160896259989094,151839,55
"SAMSUNG ELECTRONICS","QA55Q80CAW","Australia,Fiji,New Zealand",138.783,"LCD (LED)",112,4.160896259989094,151839,55
"SAMSUNG ELECTRONICS","QA55Q80DA*","Australia,Fiji,New Zealand",138.783,"LCD (LED)",108,4.327098995599919,158743,55
"SAMSUNG ELECTRONICS","QA55Q80DAS","Australia,Fiji,New Zealand",138.783,"LCD (LED)",108,4.327098995599919,158743,55
"SAMSUNG ELECTRONICS","QA55Q80DAW","Australia,Fiji,New Zealand",138.783,"LCD (LED)",108,4.327098995599919,158743,55
"SAMSUNG ELECTRONICS","QA55Q95TDS","Australia,Fiji,New Zealand",138.783,"LCD (LED)",140,3.169606505914303,142136,55
"SAMSUNG ELECTRONICS","QA55Q95TDW","Australia,Fiji,New Zealand",138.783,"LCD (LED)",140,3.169606505914303,142136,55
"SAMSUNG ELECTRONICS","QA55QE1CAS","Australia,Fiji,New Zealand",138.783,"LCD (LED)",82,5.552808910591775,154890,55
"SAMSUNG ELECTRONICS","QA55QE1DAS","Australia,Fiji,New Zealand",138.783,"LCD (LED)",78,5.765526405493009,159005,55
"SAMSUNG","QA55QEF1AS","Australia,Fiji,New Zealand",138.783,"LCD (LED)",84,5.4356409263487215,167343,55
"SAMSUNG","QA55QEF1AW","Australia,Fiji,New Zealand",138.783,"LCD (LED)",84,5.4356409263487215,167343,55
"SAMSUNG","QA55QN1EFA*","Australia,Fiji,New Zealand",138.783,"LCD (LED)",112,4.160896259989094,167556,55
"SAMSUNG","QA55QN1EFAS","Australia,Fiji,New Zealand",138.783,"LCD (LED)",112,4.160896259989094,167556,55
"SAMSUNG","QA55QN1EFAW","Australia,Fiji,New Zealand",138.783,"LCD (LED)",112,4.160896259989094,167556,55
"SAMSUNG","QA55QN1EHA*","Australia,Fiji,New Zealand",138.783,"LCD (LED)",105,4.453022021637958,176580,55
"SAMSUNG","QA55QN1EHAS","Australia,Fiji,New Zealand",138.783,"LCD (LED)",105,4.453022021637958,176580,55
"SAMSUNG","QA55QN1EHAW","Australia,Fiji,New Zealand",138.783,"LCD (LED)",105,4.453022021637958,176580,55
"SAMSUNG","QA55QN3EFA*","Australia,Fiji,New Zealand",138.783,"LCD (LED)",113,4.1175971780535745,168269,55
"SAMSUNG","QA55QN3EFAS","Australia,Fiji,New Zealand",138.783,"LCD (LED)",113,4.1175971780535745,168269,55
"SAMSUNG","QA55QN3EFAW","Australia,Fiji,New Zealand",138.783,"LCD (LED)",113,4.1175971780535745,168269,55
"SAMSUNG","QA55QN70FA*","Australia,Fiji,New Zealand",138.783,"LCD (LED)",107,4.361092231544146,166887,55
"SAMSUNG","QA55QN70FAS","Australia,Fiji,New Zealand",138.783,"LCD (LED)",107,4.361092231544146,166887,55
"SAMSUNG","QA55QN70FAW","Australia,Fiji,New Zealand",138.783,"LCD (LED)",107,4.361092231544146,166887,55
"SAMSUNG","QA55QN70HA*","Australia,Fiji,New Zealand",138.783,"LCD (LED)",105,4.453022021637958,176205,55
"SAMSUNG","QA55QN70HAS","Australia,Fiji,New Zealand",138.783,"LCD (LED)",105,4.453022021637958,176205,55
"SAMSUNG","QA55QN70HAW","Australia,Fiji,New Zealand",138.783,"LCD (LED)",105,4.453022021637958,176205,55
"SAMSUNG ELECTRONICS","QA55QN80DA*","Australia,Fiji,New Zealand",138.783,"LCD (LED)",109,4.2821721018566965,159286,55
"SAMSUNG ELECTRONICS","QA55QN80DAS","Australia,Fiji,New Zealand",138.783,"LCD (LED)",109,4.2821721018566965,159286,55
"SAMSUNG ELECTRONICS","QA55QN80DAW","Australia,Fiji,New Zealand",138.783,"LCD (LED)",109,4.2821721018566965,159286,55
"SAMSUNG","QA55QN80FA*","Australia,Fiji,New Zealand",138.783,"LCD (LED)",107,4.361092231544146,167179,55
"SAMSUNG","QA55QN80FAS","Australia,Fiji,New Zealand",138.783,"LCD (LED)",107,4.361092231544146,167179,55
"SAMSUNG","QA55QN80FAW","Australia,Fiji,New Zealand",138.783,"LCD (LED)",107,4.361092231544146,167179,55
"SAMSUNG","QA55QN80HA*","Australia,Fiji,New Zealand",138.783,"LCD (LED)",102,4.582585898004297,176014,55
"SAMSUNG","QA55QN80HAS","Australia,Fiji,New Zealand",138.783,"LCD (LED)",102,4.582585898004297,176014,55
"SAMSUNG","QA55QN80HAW","Australia,Fiji,New Zealand",138.783,"LCD (LED)",102,4.582585898004297,176014,55
"SAMSUNG ELECTRONICS","QA55QN85BA*","Australia,Fiji,New Zealand",138.783,"LCD (LED)",136,3.302333486054286,143843,55
"SAMSUNG ELECTRONICS","QA55QN85BAS","Australia,Fiji,New Zealand",138.783,"LCD (LED)",136,3.302333486054286,143843,55
"SAMSUNG ELECTRONICS","QA55QN85BAW","Australia,Fiji,New Zealand",138.783,"LCD (LED)",136,3.302333486054286,143843,55
"SAMSUNG ELECTRONICS","QA55QN85CA*","Fiji,New Zealand",138.783,"LCD (LED)",112,4.160896259989094,151841,55
"SAMSUNG ELECTRONICS","QA55QN85CAS","Fiji,New Zealand",138.783,"LCD (LED)",112,4.160896259989094,151841,55
"SAMSUNG ELECTRONICS","QA55QN85CAW","Fiji,New Zealand",138.783,"LCD (LED)",112,4.160896259989094,151841,55
"SAMSUNG ELECTRONICS","QA55QN85DB*","Australia,Fiji,New Zealand",138.783,"LCD (LED)",112,4.160896259989094,159034,55
"SAMSUNG ELECTRONICS","QA55QN85DBS","Australia,Fiji,New Zealand",138.783,"LCD (LED)",112,4.160896259989094,159034,55
"SAMSUNG ELECTRONICS","QA55QN85DBW","Australia,Fiji,New Zealand",138.783,"LCD (LED)",112,4.160896259989094,159034,55
"SAMSUNG","QA55QN85FA*","Australia,Fiji,New Zealand",138.783,"LCD (LED)",111,4.204617778661293,167235,55
"SAMSUNG","QA55QN85FAS","Australia,Fiji,New Zealand",138.783,"LCD (LED)",111,4.204617778661293,167235,55
"SAMSUNG","QA55QN85FAW","Australia,Fiji,New Zealand",138.783,"LCD (LED)",111,4.204617778661293,167235,55
"SAMSUNG ELECTRONICS","QA55QN87DA*","Australia,Fiji,New Zealand",138.783,"LCD (LED)",109,4.2821721018566965,159036,55
"SAMSUNG ELECTRONICS","QA55QN87DAS","Australia,Fiji,New Zealand",138.783,"LCD (LED)",109,4.2821721018566965,159036,55
"SAMSUNG ELECTRONICS","QA55QN87DAW","Australia,Fiji,New Zealand",138.783,"LCD (LED)",109,4.2821721018566965,159036,55
"SAMSUNG ELECTRONICS","QA55QN90BA*","Australia,Fiji,New Zealand",138.783,"LCD (LED)",162,2.5213419557826757,143828,55
"SAMSUNG ELECTRONICS","QA55QN90BAS","Australia,Fiji,New Zealand",138.783,"LCD (LED)",162,2.5213419557826757,143828,55
"SAMSUNG ELECTRONICS","QA55QN90BAW","Australia,Fiji,New Zealand",138.783,"LCD (LED)",162,2.5213419557826757,143828,55
"SAMSUNG ELECTRONICS","QA55QN90CA*","Australia,Fiji,New Zealand",138.783,"LCD (LED)",113,4.1175971780535745,151489,55
"SAMSUNG ELECTRONICS","QA55QN90CAS","Australia,Fiji,New Zealand",138.783,"LCD (LED)",113,4.1175971780535745,151489,55
"SAMSUNG ELECTRONICS","QA55QN90CAW","Australia,Fiji,New Zealand",138.783,"LCD (LED)",113,4.1175971780535745,151489,55
"SAMSUNG ELECTRONICS","QA55QN90DA*","Australia,Fiji,New Zealand",138.783,"LCD (LED)",114,4.08539521829021,158220,55
"SAMSUNG ELECTRONICS","QA55QN90DAS","Australia,Fiji,New Zealand",138.783,"LCD (LED)",114,4.08539521829021,158220,55
"SAMSUNG ELECTRONICS","QA55QN90DAW","Australia,Fiji,New Zealand",138.783,"LCD (LED)",114,4.08539521829021,158220,55
"SAMSUNG","QA55QN90FA*","Australia,Fiji,New Zealand",138.783,"LCD (LED)",110,4.237691139975824,166787,55
"SAMSUNG","QA55QN90FAS","Australia,Fiji,New Zealand",138.783,"LCD (LED)",110,4.237691139975824,166787,55
"SAMSUNG","QA55QN90FAW","Australia,Fiji,New Zealand",138.783,"LCD (LED)",110,4.237691139975824,166787,55
"SAMSUNG ELECTRONICS","QA55QN95BA*","Australia,Fiji,New Zealand",138.783,"LCD (LED)",173,2.2222265247655284,144120,55
"SAMSUNG ELECTRONICS","QA55QN95BAS","Australia,Fiji,New Zealand",138.783,"LCD (LED)",173,2.2222265247655284,144120,55
"SAMSUNG ELECTRONICS","QA55QN95BAW","Australia,Fiji,New Zealand",138.783,"LCD (LED)",173,2.2222265247655284,144120,55
"SAMSUNG ELECTRONICS","QA55QN700BS","Australia,Fiji,New Zealand",138.783,"LCD (LED)",223,1.0928454851474543,144123,55
"SAMSUNG ELECTRONICS","QA55QN700CS","Australia,Fiji,New Zealand",138.783,"LCD (LED)",168,2.3583632635610687,151908,55
"SAMSUNG","QA55S85FAE","Australia,Fiji,New Zealand",138.783,"LCD (LED)",104,4.487987765609641,166746,55
"SAMSUNG","QA55S85HAE","Australia,Fiji,New Zealand",138.783,"LCD (LED)",100,4.667029690757898,175919,55
"SAMSUNG ELECTRONICS","QA55S90CA*","Australia,Fiji,New Zealand",138.783,"LCD (LED)",113,4.1175971780535745,152283,55
"SAMSUNG ELECTRONICS","QA55S90CAS","Australia,Fiji,New Zealand",138.783,"LCD (LED)",113,4.1175971780535745,152283,55
"SAMSUNG ELECTRONICS","QA55S90CAW","Australia,Fiji,New Zealand",138.783,"LCD (LED)",113,4.1175971780535745,152283,55
"SAMSUNG ELECTRONICS","QA55S90DA*","Australia,Fiji,New Zealand",138.783,"LCD (LED)",112,4.160896259989094,158421,55
"SAMSUNG ELECTRONICS","QA55S90DAS","Australia,Fiji,New Zealand",138.783,"LCD (LED)",112,4.160896259989094,158421,55
"SAMSUNG ELECTRONICS","QA55S90DAW","Australia,Fiji,New Zealand",138.783,"LCD (LED)",112,4.160896259989094,158421,55
"SAMSUNG","QA55S90FA*","Australia,Fiji,New Zealand",138.783,"LCD (LED)",109,4.2821721018566965,166560,55
"SAMSUNG","QA55S90FAS","Australia,Fiji,New Zealand",138.783,"LCD (LED)",109,4.2821721018566965,166560,55
"SAMSUNG","QA55S90FAW","Australia,Fiji,New Zealand",138.783,"LCD (LED)",109,4.2821721018566965,166560,55
"SAMSUNG","QA55S90HA*","Australia,Fiji,New Zealand",138.783,"LCD (LED)",108,4.327098995599919,175926,55
"SAMSUNG","QA55S90HAS","Australia,Fiji,New Zealand",138.783,"LCD (LED)",108,4.327098995599919,175926,55
"SAMSUNG","QA55S90HAW","Australia,Fiji,New Zealand",138.783,"LCD (LED)",108,4.327098995599919,175926,55
"SAMSUNG ELECTRONICS","QA55S95BA*","Australia,Fiji,New Zealand",138.783,"LCD (LED)",142,3.1089873384835816,146314,55
"SAMSUNG ELECTRONICS","QA55S95BAS","Australia,Fiji,New Zealand",138.783,"LCD (LED)",142,3.1089873384835816,146314,55
"SAMSUNG ELECTRONICS","QA55S95BAW","Australia,Fiji,New Zealand",138.783,"LCD (LED)",142,3.1089873384835816,146314,55
"SAMSUNG ELECTRONICS","QA55S95CA*","Australia,Fiji,New Zealand",138.783,"LCD (LED)",113,4.1175971780535745,152483,55
"SAMSUNG ELECTRONICS","QA55S95CAS","Australia,Fiji,New Zealand",138.783,"LCD (LED)",113,4.1175971780535745,152483,55
"SAMSUNG ELECTRONICS","QA55S95CAW","Australia,Fiji,New Zealand",138.783,"LCD (LED)",113,4.1175971780535745,152483,55
"SAMSUNG ELECTRONICS","QA55S95DA*","Australia,Fiji,New Zealand",138.783,"LCD (LED)",110,4.237691139975824,158980,55
"SAMSUNG ELECTRONICS","QA55S95DAS","Australia,Fiji,New Zealand",138.783,"LCD (LED)",110,4.237691139975824,158980,55
"SAMSUNG ELECTRONICS","QA55S95DAW","Australia,Fiji,New Zealand",138.783,"LCD (LED)",110,4.237691139975824,158980,55
"SAMSUNG","QA55S95FA*","Australia,Fiji,New Zealand",138.783,"LCD (LED)",109,4.2821721018566965,166760,55
"SAMSUNG","QA55S95FAS","Australia,Fiji,New Zealand",138.783,"LCD (LED)",109,4.2821721018566965,166760,55
"SAMSUNG","QA55S95FAW","Australia,Fiji,New Zealand",138.783,"LCD (LED)",109,4.2821721018566965,166760,55
"SAMSUNG","QA55S95HA*","Australia,Fiji,New Zealand",138.783,"LCD (LED)",105,4.453022021637958,176599,55
"SAMSUNG","QA55S95HAS","Australia,Fiji,New Zealand",138.783,"LCD (LED)",105,4.453022021637958,176599,55
"SAMSUNG","QA55S95HAW","Australia,Fiji,New Zealand",138.783,"LCD (LED)",105,4.453022021637958,176599,55
"SAMSUNG ELECTRONICS","QA65LS01B**","Australia,Fiji,New Zealand",163.897,"LCD (LED)",134,4.755743057431653,144141,65
"SAMSUNG ELECTRONICS","QA65LS01BAS","Australia,Fiji,New Zealand",163.897,"LCD (LED)",134,4.755743057431653,144141,65
"SAMSUNG ELECTRONICS","QA65LS01BAW","Australia,Fiji,New Zealand",163.897,"LCD (LED)",134,4.755743057431653,144141,65
"SAMSUNG ELECTRONICS","QA65LS01BBW","Australia,Fiji,New Zealand",163.897,"LCD (LED)",134,4.755743057431653,144141,65
"SAMSUNG ELECTRONICS","QA65LS01DA*","Australia,Fiji,New Zealand",163.897,"LCD (LED)",126,5.027996779523445,160274,65
"SAMSUNG ELECTRONICS","QA65LS01DAS","Australia,Fiji,New Zealand",163.897,"LCD (LED)",126,5.027996779523445,160274,65
"SAMSUNG ELECTRONICS","QA65LS01DAW","Australia,Fiji,New Zealand",163.897,"LCD (LED)",126,5.027996779523445,160274,65
"SAMSUNG ELECTRONICS","QA65LS03BA*","Australia,Fiji,New Zealand",163.897,"LCD (LED)",158,4.0183281239548,143844,65
"SAMSUNG ELECTRONICS","QA65LS03BAS","Australia,Fiji,New Zealand",163.897,"LCD (LED)",158,4.0183281239548,143844,65
"SAMSUNG ELECTRONICS","QA65LS03BAW","Australia,Fiji,New Zealand",163.897,"LCD (LED)",158,4.0183281239548,143844,65
"SAMSUNG ELECTRONICS","QA65LS03DA*","Australia,Fiji,New Zealand",163.897,"LCD (LED)",154,4.13575196273349,159052,65
"SAMSUNG ELECTRONICS","QA65LS03DAS","Australia,Fiji,New Zealand",163.897,"LCD (LED)",154,4.13575196273349,159052,65
"SAMSUNG ELECTRONICS","QA65LS03DAW","Australia,Fiji,New Zealand",163.897,"LCD (LED)",154,4.13575196273349,159052,65
"SAMSUNG","QA65LS03FAW","Australia,Fiji,New Zealand",163.897,"LCD (LED)",153,4.159610511283939,167245,65
"SAMSUNG","QA65LS03FW*","Australia,Fiji,New Zealand",163.897,"LCD (LED)",154,4.13575196273349,167019,65
"SAMSUNG","QA65LS03FWS","Australia,Fiji,New Zealand",163.897,"LCD (LED)",154,4.13575196273349,167019,65
"SAMSUNG","QA65LS03FWW","Australia,Fiji,New Zealand",163.897,"LCD (LED)",154,4.13575196273349,167019,65
"SAMSUNG","QA65LS03HEW","Australia,Fiji,New Zealand",163.897,"LCD (LED)",147,4.338565762736138,176859,65
"SAMSUNG","QA65LS03HW*","Australia,Fiji,New Zealand",163.897,"LCD (LED)",153,4.159610511283939,176437,65
"SAMSUNG","QA65LS03HWS","Australia,Fiji,New Zealand",163.897,"LCD (LED)",153,4.159610511283939,176437,65
"SAMSUNG","QA65LS03HWW","Australia,Fiji,New Zealand",163.897,"LCD (LED)",153,4.159610511283939,176437,65
"SAMSUNG ELECTRONICS","QA65LST7DA*","Australia,Fiji,New Zealand",163.897,"LCD (LED)",260,1.7976189511715273,161802,65
"SAMSUNG ELECTRONICS","QA65LST7DAS","Australia,Fiji,New Zealand",163.897,"LCD (LED)",260,1.7976189511715273,161802,65
"SAMSUNG ELECTRONICS","QA65LST7DAW","Australia,Fiji,New Zealand",163.897,"LCD (LED)",260,1.7976189511715273,161802,65
"SAMSUNG ELECTRONICS","QA65LST7TAW","Australia,Fiji,New Zealand",163.829,"LCD (LED)",271,1.609064679434909,168376,64
"SAMSUNG ELECTRONICS","QA65Q6*BA*","Australia,Fiji,New Zealand",163.897,"LCD (LED)",117,5.35936125303452,143616,65
"SAMSUNG ELECTRONICS","QA65Q6*CA*","Australia,Fiji,New Zealand",163.897,"LCD (LED)",107,5.751191081298563,151433,65
"SAMSUNG ELECTRONICS","QA65Q6*DA*","Australia,Fiji,New Zealand",163.897,"LCD (LED)",86,6.725672011354488,157989,65
"SAMSUNG","QA65Q6FAA*","Australia,Fiji,New Zealand",163.897,"LCD (LED)",110,5.627789989730242,169375,65
"SAMSUNG","QA65Q6FAAS","Australia,Fiji,New Zealand",163.897,"LCD (LED)",110,5.627789989730242,169375,65
"SAMSUNG","QA65Q6FAAW","Australia,Fiji,New Zealand",163.897,"LCD (LED)",110,5.627789989730242,169375,65
"SAMSUNG","QA65Q7F5AS","Australia,Fiji,New Zealand",163.897,"LCD (LED)",117,5.359361253034525,167356,65
"SAMSUNG","QA65Q7F5AW","Australia,Fiji,New Zealand",163.897,"LCD (LED)",117,5.359361253034525,167356,65
"SAMSUNG","QA65Q7FAAS","Australia,Fiji,New Zealand",163.897,"LCD (LED)",117,5.359361253034525,167356,65
"SAMSUNG","QA65Q7FAAW","Australia,Fiji,New Zealand",163.897,"LCD (LED)",117,5.359361253034525,167356,65
"SAMSUNG","QA65Q8F5AW","Australia,Fiji,New Zealand",163.897,"LCD (LED)",122,5.175587070514531,167027,65
"SAMSUNG","QA65Q8F*A*","Australia,Fiji,New Zealand",163.897,"LCD (LED)",122,5.175587070514531,167027,65
"SAMSUNG","QA65Q8FAAS","Australia,Fiji,New Zealand",163.897,"LCD (LED)",122,5.175587070514531,167027,65
"SAMSUNG","QA65Q8FAAW","Australia,Fiji,New Zealand",163.897,"LCD (LED)",122,5.175587070514531,167027,65
"SAMSUNG ELECTRONICS","QA65Q60BAS","Australia,Fiji,New Zealand",163.897,"LCD (LED)",117,5.35936125303452,143616,65
"SAMSUNG ELECTRONICS","QA65Q60BAW","Australia,Fiji,New Zealand",163.897,"LCD (LED)",117,5.35936125303452,143616,65
"SAMSUNG ELECTRONICS","QA65Q60CAS","Australia,Fiji,New Zealand",163.897,"LCD (LED)",107,5.751191081298563,151433,65
"SAMSUNG ELECTRONICS","QA65Q60CAW","Australia,Fiji,New Zealand",163.897,"LCD (LED)",107,5.751191081298563,151433,65
"SAMSUNG ELECTRONICS","QA65Q60DAS","Australia,Fiji,New Zealand",163.897,"LCD (LED)",86,6.725672011354488,157989,65
"SAMSUNG ELECTRONICS","QA65Q60DAW","Australia,Fiji,New Zealand",163.897,"LCD (LED)",86,6.725672011354488,157989,65
"SAMSUNG ELECTRONICS","QA65Q63BAK","Australia,Fiji,New Zealand",163.897,"LCD (LED)",117,5.35936125303452,143616,65
"SAMSUNG ELECTRONICS","QA65Q63BAS","Australia,Fiji,New Zealand",163.897,"LCD (LED)",117,5.35936125303452,143616,65
"SAMSUNG ELECTRONICS","QA65Q63CAS","Australia,Fiji,New Zealand",163.897,"LCD (LED)",107,5.751191081298563,151433,65
"SAMSUNG ELECTRONICS","QA65Q65DAS","Australia,Fiji,New Zealand",163.897,"LCD (LED)",86,6.725672011354488,157989,65
"SAMSUNG ELECTRONICS","QA65Q65DAW","Australia,Fiji,New Zealand",163.897,"LCD (LED)",86,6.725672011354488,157989,65
"SAMSUNG ELECTRONICS","QA65Q70BA*","Australia,Fiji,New Zealand",163.897,"LCD (LED)",150,4.248194925327537,143669,65
"SAMSUNG ELECTRONICS","QA65Q70BAS","Australia,Fiji,New Zealand",163.897,"LCD (LED)",150,4.248194925327537,143669,65
"SAMSUNG ELECTRONICS","QA65Q70BAW","Australia,Fiji,New Zealand",163.897,"LCD (LED)",150,4.248194925327537,143669,65
"SAMSUNG ELECTRONICS","QA65Q70CA*","Australia,Fiji,New Zealand",163.897,"LCD (LED)",145,4.405453871887269,151857,65
"SAMSUNG ELECTRONICS","QA65Q70CAS","Australia,Fiji,New Zealand",163.897,"LCD (LED)",145,4.405453871887269,151857,65
"SAMSUNG ELECTRONICS","QA65Q70CAW","Australia,Fiji,New Zealand",163.897,"LCD (LED)",145,4.405453871887269,151857,65
"SAMSUNG ELECTRONICS","QA65Q70DA*","Australia,Fiji,New Zealand",163.897,"LCD (LED)",142,4.499086188237998,158985,65
"SAMSUNG ELECTRONICS","QA65Q70DAS","Australia,Fiji,New Zealand",163.897,"LCD (LED)",142,4.499086188237998,158985,65
"SAMSUNG ELECTRONICS","QA65Q70DAW","Australia,Fiji,New Zealand",163.897,"LCD (LED)",142,4.499086188237998,158985,65
"SAMSUNG ELECTRONICS","QA65Q80BA*","Australia,Fiji,New Zealand",163.897,"LCD (LED)",206,2.8366240408408006,144119,65
"SAMSUNG ELECTRONICS","QA65Q80BAS","Australia,Fiji,New Zealand",163.897,"LCD (LED)",206,2.8366240408408006,144119,65
"SAMSUNG ELECTRONICS","QA65Q80BAW","Australia,Fiji,New Zealand",163.897,"LCD (LED)",206,2.8366240408408006,144119,65
"SAMSUNG ELECTRONICS","QA65Q80CA*","Australia,Fiji,New Zealand",163.897,"LCD (LED)",153,4.159610511283939,151853,65
"SAMSUNG ELECTRONICS","QA65Q80CAS","Australia,Fiji,New Zealand",163.897,"LCD (LED)",153,4.159610511283939,151853,65
"SAMSUNG ELECTRONICS","QA65Q80CAW","Australia,Fiji,New Zealand",163.897,"LCD (LED)",153,4.159610511283939,151853,65
"SAMSUNG ELECTRONICS","QA65Q80DA*","Australia,Fiji,New Zealand",163.897,"LCD (LED)",147,4.338565762736138,158973,65
"SAMSUNG ELECTRONICS","QA65Q80DAS","Australia,Fiji,New Zealand",163.897,"LCD (LED)",147,4.338565762736138,158973,65
"SAMSUNG ELECTRONICS","QA65Q80DAW","Australia,Fiji,New Zealand",163.897,"LCD (LED)",147,4.338565762736138,158973,65
"SAMSUNG ELECTRONICS","QA65Q95TDS","Australia,Fiji,New Zealand",163.897,"LCD (LED)",205,2.8604297813769004,142137,65
"SAMSUNG ELECTRONICS","QA65Q95TDW","Australia,Fiji,New Zealand",163.897,"LCD (LED)",205,2.8604297813769004,142137,65
"SAMSUNG","QA65Q*F SERIES","Australia,Fiji,New Zealand",163.897,"LCD (LED)",117,5.359361253034525,167356,65
"SAMSUNG ELECTRONICS","QA65QE1CA*","Australia,Fiji,New Zealand",163.897,"LCD (LED)",112,5.5509951097435115,156005,65
"SAMSUNG ELECTRONICS","QA65QE1CAS","Australia,Fiji,New Zealand",163.897,"LCD (LED)",112,5.5509951097435115,156005,65
"SAMSUNG ELECTRONICS","QA65QE1CAW","Australia,Fiji,New Zealand",163.897,"LCD (LED)",112,5.5509951097435115,156005,65
"SAMSUNG ELECTRONICS","QA65QE1DA*","Australia,Fiji,New Zealand",163.897,"LCD (LED)",103,5.925136077633466,159006,65
"SAMSUNG ELECTRONICS","QA65QE1DAS","Australia,Fiji,New Zealand",163.897,"LCD (LED)",103,5.925136077633466,159006,65
"SAMSUNG ELECTRONICS","QA65QE1DAW","Australia,Fiji,New Zealand",163.897,"LCD (LED)",103,5.925136077633466,159006,65
"SAMSUNG","QA65QEF1AS","Australia,Fiji,New Zealand",163.897,"LCD (LED)",117,5.359361253034525,167356,65
"SAMSUNG","QA65QEF1AW","Australia,Fiji,New Zealand",163.897,"LCD (LED)",117,5.359361253034525,167356,65
"SAMSUNG","QA65QN1EFA*","Australia,Fiji,New Zealand",163.897,"LCD (LED)",131,4.8570744481591746,167558,65
"SAMSUNG","QA65QN1EFAS","Australia,Fiji,New Zealand",163.897,"LCD (LED)",131,4.8570744481591746,167558,65
"SAMSUNG","QA65QN1EFAW","Australia,Fiji,New Zealand",163.897,"LCD (LED)",131,4.8570744481591746,167558,65
"SAMSUNG","QA65QN1EHA*","Australia,Fiji,New Zealand",163.897,"LCD (LED)",130,4.885112621691222,176581,65
"SAMSUNG","QA65QN1EHAS","Australia,Fiji,New Zealand",163.897,"LCD (LED)",130,4.885112621691222,176581,65
"SAMSUNG","QA65QN1EHAW","Australia,Fiji,New Zealand",163.897,"LCD (LED)",130,4.885112621691222,176581,65
"SAMSUNG","QA65QN3EFAS","Australia,Fiji,New Zealand",163.897,"LCD (LED)",136,4.692432335808704,168270,65
"SAMSUNG","QA65QN70FA*","Australia,Fiji,New Zealand",163.897,"LCD (LED)",141,4.524965490865716,166897,65
"SAMSUNG","QA65QN70FAS","Australia,Fiji,New Zealand",163.897,"LCD (LED)",141,4.524965490865716,166897,65
"SAMSUNG","QA65QN70FAW","Australia,Fiji,New Zealand",163.897,"LCD (LED)",141,4.524965490865716,166897,65
"SAMSUNG","QA65QN70HA*","Australia,Fiji,New Zealand",163.897,"LCD (LED)",130,4.885112621691222,176063,65
"SAMSUNG","QA65QN70HAS","Australia,Fiji,New Zealand",163.897,"LCD (LED)",130,4.885112621691222,176063,65
"SAMSUNG","QA65QN70HAW","Australia,Fiji,New Zealand",163.897,"LCD (LED)",130,4.885112621691222,176063,65
"SAMSUNG ELECTRONICS","QA65QN80DA*","Australia,Fiji,New Zealand",163.897,"LCD (LED)",134,4.755743057431653,158476,65
"SAMSUNG ELECTRONICS","QA65QN80DAS","Australia,Fiji,New Zealand",163.897,"LCD (LED)",134,4.755743057431653,158476,65
"SAMSUNG ELECTRONICS","QA65QN80DAW","Australia,Fiji,New Zealand",163.897,"LCD (LED)",134,4.755743057431653,158476,65
"SAMSUNG","QA65QN80FA*","Australia,Fiji,New Zealand",163.897,"LCD (LED)",154,4.13575196273349,166741,65
"SAMSUNG","QA65QN80FAS","Australia,Fiji,New Zealand",163.897,"LCD (LED)",154,4.13575196273349,166741,65
"SAMSUNG","QA65QN80FAW","Australia,Fiji,New Zealand",163.897,"LCD (LED)",154,4.13575196273349,166741,65
"SAMSUNG","QA65QN80HA*","Australia,Fiji,New Zealand",163.897,"LCD (LED)",153,4.159610511283939,176015,65
"SAMSUNG","QA65QN80HAS","Australia,Fiji,New Zealand",163.897,"LCD (LED)",153,4.159610511283939,176015,65
"SAMSUNG","QA65QN80HAW","Australia,Fiji,New Zealand",163.897,"LCD (LED)",153,4.159610511283939,176015,65
"SAMSUNG ELECTRONICS","QA65QN85BA*","Australia,Fiji,New Zealand",163.897,"LCD (LED)",158,4.0183281239548,143845,65
"SAMSUNG ELECTRONICS","QA65QN85BAS","Australia,Fiji,New Zealand",163.897,"LCD (LED)",158,4.0183281239548,143845,65
"SAMSUNG ELECTRONICS","QA65QN85BAW","Australia,Fiji,New Zealand",163.897,"LCD (LED)",158,4.0183281239548,143845,65
"SAMSUNG ELECTRONICS","QA65QN85CA*","Australia,Fiji,New Zealand",163.897,"LCD (LED)",137,4.656652344403179,151711,65
"SAMSUNG ELECTRONICS","QA65QN85CAS","Australia,Fiji,New Zealand",163.897,"LCD (LED)",137,4.656652344403179,151711,65
"SAMSUNG ELECTRONICS","QA65QN85CAW","Australia,Fiji,New Zealand",163.897,"LCD (LED)",137,4.656652344403179,151711,65
"SAMSUNG ELECTRONICS","QA65QN85DB*","Australia,Fiji,New Zealand",163.897,"LCD (LED)",134,4.755743057431653,158422,65
"SAMSUNG ELECTRONICS","QA65QN85DBS","Australia,Fiji,New Zealand",163.897,"LCD (LED)",134,4.755743057431653,158422,65
"SAMSUNG ELECTRONICS","QA65QN85DBW","Australia,Fiji,New Zealand",163.897,"LCD (LED)",134,4.755743057431653,158422,65
"SAMSUNG","QA65QN85FA*","Australia,Fiji,New Zealand",163.897,"LCD (LED)",140,4.5597053556687195,167239,65
"SAMSUNG","QA65QN85FAS","Australia,Fiji,New Zealand",163.897,"LCD (LED)",140,4.5597053556687195,167239,65
"SAMSUNG","QA65QN85FAW","Australia,Fiji,New Zealand",163.897,"LCD (LED)",140,4.5597053556687195,167239,65
"SAMSUNG ELECTRONICS","QA65QN87DA*","Australia,Fiji,New Zealand",163.897,"LCD (LED)",130,4.885112621691222,159288,65
"SAMSUNG ELECTRONICS","QA65QN87DAS","Australia,Fiji,New Zealand",163.897,"LCD (LED)",130,4.885112621691222,159288,65
"SAMSUNG ELECTRONICS","QA65QN87DAW","Australia,Fiji,New Zealand",163.897,"LCD (LED)",130,4.885112621691222,159288,65
"SAMSUNG ELECTRONICS","QA65QN90BA*","Australia,Fiji,New Zealand",163.897,"LCD (LED)",203,2.9023965640864606,144104,65
"SAMSUNG ELECTRONICS","QA65QN90BAS","Australia,Fiji,New Zealand",163.897,"LCD (LED)",203,2.9023965640864606,144104,65
"SAMSUNG ELECTRONICS","QA65QN90BAW","Australia,Fiji,New Zealand",163.897,"LCD (LED)",203,2.9023965640864606,144104,65
"SAMSUNG ELECTRONICS","QA65QN90CA*","Australia,Fiji,New Zealand",163.897,"LCD (LED)",155,4.10413687487484,151602,65
"SAMSUNG ELECTRONICS","QA65QN90CAS","Australia,Fiji,New Zealand",163.897,"LCD (LED)",155,4.10413687487484,151602,65
"SAMSUNG ELECTRONICS","QA65QN90CAW","Australia,Fiji,New Zealand",163.897,"LCD (LED)",155,4.10413687487484,151602,65
"SAMSUNG ELECTRONICS","QA65QN90DA*","Australia,Fiji,New Zealand",169.152,"LCD (LED)",138,4.795139162334372,158222,67
"SAMSUNG ELECTRONICS","QA65QN90DAS","Australia,Fiji,New Zealand",169.152,"LCD (LED)",138,4.795139162334372,158222,67
"SAMSUNG ELECTRONICS","QA65QN90DAW","Australia,Fiji,New Zealand",169.152,"LCD (LED)",138,4.795139162334372,158222,67
"SAMSUNG","QA65QN90FA*","Australia,Fiji,New Zealand",163.897,"LCD (LED)",137,4.656652344403179,166898,65
"SAMSUNG","QA65QN90FAS","Australia,Fiji,New Zealand",163.897,"LCD (LED)",137,4.656652344403179,166898,65
"SAMSUNG","QA65QN90FAW","Australia,Fiji,New Zealand",163.897,"LCD (LED)",137,4.656652344403179,166898,65
"SAMSUNG ELECTRONICS","QA65QN95BA*","Australia,Fiji,New Zealand",163.897,"LCD (LED)",213,2.684894804699953,144105,65
"SAMSUNG ELECTRONICS","QA65QN95BAS","Australia,Fiji,New Zealand",163.897,"LCD (LED)",213,2.684894804699953,144105,65
"SAMSUNG ELECTRONICS","QA65QN95BAW","Australia,Fiji,New Zealand",163.897,"LCD (LED)",213,2.684894804699953,144105,65
"SAMSUNG ELECTRONICS","QA65QN95CA*","Australia,Fiji,New Zealand",163.897,"LCD (LED)",155,4.10413687487484,151886,65
"SAMSUNG ELECTRONICS","QA65QN95CAS","Australia,Fiji,New Zealand",163.897,"LCD (LED)",155,4.10413687487484,151886,65
"SAMSUNG ELECTRONICS","QA65QN95CAW","Australia,Fiji,New Zealand",163.897,"LCD (LED)",155,4.10413687487484,151886,65
"SAMSUNG ELECTRONICS","QA65QN700B*","Australia,Fiji,New Zealand",163.897,"LCD (LED)",245,2.0643045550444086,144140,65
"SAMSUNG ELECTRONICS","QA65QN700BS","Australia,Fiji,New Zealand",163.897,"LCD (LED)",245,2.0643045550444086,144140,65
"SAMSUNG ELECTRONICS","QA65QN700BW","Australia,Fiji,New Zealand",163.897,"LCD (LED)",245,2.0643045550444086,144140,65
"SAMSUNG ELECTRONICS","QA65QN700CS","Australia,Fiji,New Zealand",163.897,"LCD (LED)",190,3.194834430599937,151862,65
"SAMSUNG ELECTRONICS","QA65QN800B*","Australia,Fiji,New Zealand",163.897,"LCD (LED)",306,1.069303351009141,143673,65
"SAMSUNG ELECTRONICS","QA65QN800BS","Australia,Fiji,New Zealand",163.897,"LCD (LED)",306,1.069303351009141,143673,65
"SAMSUNG ELECTRONICS","QA65QN800BW","Australia,Fiji,New Zealand",163.897,"LCD (LED)",306,1.069303351009141,143673,65
"SAMSUNG ELECTRONICS","QA65QN800C*","Australia,Fiji,New Zealand",163.897,"LCD (LED)",263,1.746134707333428,151845,65
"SAMSUNG ELECTRONICS","QA65QN800CS","Australia,Fiji,New Zealand",163.897,"LCD (LED)",263,1.746134707333428,151845,65
"SAMSUNG ELECTRONICS","QA65QN800CW","Australia,Fiji,New Zealand",163.897,"LCD (LED)",263,1.746134707333428,151845,65
"SAMSUNG ELECTRONICS","QA65QN800D*","Australia,Fiji,New Zealand",163.897,"LCD (LED)",262,1.7647878877196552,158162,65
"SAMSUNG ELECTRONICS","QA65QN800DS","Australia,Fiji,New Zealand",163.897,"LCD (LED)",262,1.7647878877196552,158162,65
"SAMSUNG ELECTRONICS","QA65QN800DW","Australia,Fiji,New Zealand",163.897,"LCD (LED)",262,1.7647878877196552,158162,65
"SAMSUNG ELECTRONICS","QA65QN900B*","Australia,Fiji,New Zealand",163.897,"LCD (LED)",310,1.0096826918056427,144046,65
"SAMSUNG ELECTRONICS","QA65QN900BS","Australia,Fiji,New Zealand",163.897,"LCD (LED)",310,1.0096826918056427,144046,65
"SAMSUNG ELECTRONICS","QA65QN900BW","Australia,Fiji,New Zealand",163.897,"LCD (LED)",310,1.0096826918056427,144046,65
"SAMSUNG ELECTRONICS","QA65QN900C*","Australia,Fiji,New Zealand",163.897,"LCD (LED)",280,1.4665188304375503,151890,65
"SAMSUNG ELECTRONICS","QA65QN900CS","Australia,Fiji,New Zealand",163.897,"LCD (LED)",280,1.4665188304375503,151890,65
"SAMSUNG ELECTRONICS","QA65QN900CW","Australia,Fiji,New Zealand",163.897,"LCD (LED)",280,1.4665188304375503,151890,65
"SAMSUNG ELECTRONICS","QA65QN900D*","Australia,Fiji,New Zealand",163.897,"LCD (LED)",260,1.7976189511715273,159075,65
"SAMSUNG ELECTRONICS","QA65QN900DS","Australia,Fiji,New Zealand",163.897,"LCD (LED)",260,1.7976189511715273,159075,65
"SAMSUNG ELECTRONICS","QA65QN900DW","Australia,Fiji,New Zealand",163.897,"LCD (LED)",260,1.7976189511715273,159075,65
"SAMSUNG","QA65QN900F*","Australia,Fiji,New Zealand",163.897,"LCD (LED)",248,2.0096826918056427,166543,65
"SAMSUNG","QA65QN900FS","Australia,Fiji,New Zealand",163.897,"LCD (LED)",248,2.0096826918056427,166543,65
"SAMSUNG","QA65QN900FW","Australia,Fiji,New Zealand",163.897,"LCD (LED)",248,2.0096826918056427,166543,65
"SAMSUNG","QA65QN990F*","Australia,Fiji,New Zealand",163.897,"LCD (LED)",259,1.8164881163862312,167367,65
"SAMSUNG","QA65QN990FS","Australia,Fiji,New Zealand",163.897,"LCD (LED)",259,1.8164881163862312,167367,65
"SAMSUNG","QA65QN990FW","Australia,Fiji,New Zealand",163.897,"LCD (LED)",259,1.8164881163862312,167367,65
"SAMSUNG","QA65S85FAE","Australia,Fiji,New Zealand",163.897,"LCD (LED)",129,4.922771835891622,166782,65
"SAMSUNG","QA65S85HAE","Australia,Fiji,New Zealand",163.897,"LCD (LED)",128,4.960750199779175,175915,65
"SAMSUNG ELECTRONICS","QA65S90CA*","Australia,Fiji,New Zealand",163.897,"LCD (LED)",154,4.13575196273349,152287,65
"SAMSUNG ELECTRONICS","QA65S90CAS","Australia,Fiji,New Zealand",163.897,"LCD (LED)",154,4.13575196273349,152287,65
"SAMSUNG ELECTRONICS","QA65S90CAW","Australia,Fiji,New Zealand",163.897,"LCD (LED)",154,4.13575196273349,152287,65
"SAMSUNG ELECTRONICS","QA65S90DA*","Australia,Fiji,New Zealand",163.897,"LCD (LED)",146,4.371885024904951,158975,65
"SAMSUNG ELECTRONICS","QA65S90DAS","Australia,Fiji,New Zealand",163.897,"LCD (LED)",146,4.371885024904951,158975,65
"SAMSUNG ELECTRONICS","QA65S90DAW","Australia,Fiji,New Zealand",163.897,"LCD (LED)",146,4.371885024904951,158975,65
"SAMSUNG","QA65S90FAE","Australia,Fiji,New Zealand",163.897,"LCD (LED)",145,4.405453871887269,166783,65
"SAMSUNG","QA65S90HA*","Australia,Fiji,New Zealand",163.897,"LCD (LED)",138,4.6211557618454755,176057,65
"SAMSUNG","QA65S90HAS","Australia,Fiji,New Zealand",163.897,"LCD (LED)",138,4.6211557618454755,176057,65
"SAMSUNG","QA65S90HAW","Australia,Fiji,New Zealand",163.897,"LCD (LED)",138,4.6211557618454755,176057,65
"SAMSUNG ELECTRONICS","QA65S95BA*","Australia,Fiji,New Zealand",163.897,"LCD (LED)",155,4.10413687487484,145876,65
"SAMSUNG ELECTRONICS","QA65S95BAS","Australia,Fiji,New Zealand",163.897,"LCD (LED)",155,4.10413687487484,145876,65
"SAMSUNG ELECTRONICS","QA65S95BAW","Australia,Fiji,New Zealand",163.897,"LCD (LED)",155,4.10413687487484,145876,65
"SAMSUNG ELECTRONICS","QA65S95CA*","Australia,Fiji,New Zealand",163.897,"LCD (LED)",155,4.10413687487484,152484,65
"SAMSUNG ELECTRONICS","QA65S95CAS","Australia,Fiji,New Zealand",163.897,"LCD (LED)",155,4.10413687487484,152484,65
"SAMSUNG ELECTRONICS","QA65S95CAW","Australia,Fiji,New Zealand",163.897,"LCD (LED)",155,4.10413687487484,152484,65
"SAMSUNG ELECTRONICS","QA65S95DA*","Australia,Fiji,New Zealand",163.897,"LCD (LED)",153,4.159610511283939,158976,65
"SAMSUNG ELECTRONICS","QA65S95DAS","Australia,Fiji,New Zealand",163.897,"LCD (LED)",153,4.159610511283939,158976,65
"SAMSUNG ELECTRONICS","QA65S95DAW","Australia,Fiji,New Zealand",163.897,"LCD (LED)",153,4.159610511283939,158976,65
"SAMSUNG","QA65S95FA*","Australia,Fiji,New Zealand",163.897,"LCD (LED)",152,4.191620791080563,166899,65
"SAMSUNG","QA65S95FAS","Australia,Fiji,New Zealand",163.897,"LCD (LED)",152,4.191620791080563,166899,65
"SAMSUNG","QA65S95FAW","Australia,Fiji,New Zealand",163.897,"LCD (LED)",152,4.191620791080563,166899,65
"SAMSUNG","QA65S95HA*","Australia,Fiji,New Zealand",163.897,"LCD (LED)",151,4.223861362639348,176403,65
"SAMSUNG","QA65S95HAS","Australia,Fiji,New Zealand",163.897,"LCD (LED)",151,4.223861362639348,176403,65
"SAMSUNG","QA65S95HAW","Australia,Fiji,New Zealand",163.897,"LCD (LED)",151,4.223861362639348,176403,65
"SAMSUNG ELECTRONICS","QA75LS03BA*","Australia,Fiji,New Zealand",189.338,"LCD (LED)",195,4.309046099930541,143846,75
"SAMSUNG ELECTRONICS","QA75LS03BAS","Australia,Fiji,New Zealand",189.338,"LCD (LED)",195,4.309046099930541,143846,75
"SAMSUNG ELECTRONICS","QA75LS03BAW","Australia,Fiji,New Zealand",189.338,"LCD (LED)",195,4.309046099930541,143846,75
"SAMSUNG ELECTRONICS","QA75LS03DA*","Australia,Fiji,New Zealand",189.338,"LCD (LED)",190,4.423309459921533,159054,75
"SAMSUNG ELECTRONICS","QA75LS03DAS","Australia,Fiji,New Zealand",189.338,"LCD (LED)",190,4.423309459921533,159054,75
"SAMSUNG ELECTRONICS","QA75LS03DAW","Australia,Fiji,New Zealand",189.338,"LCD (LED)",190,4.423309459921533,159054,75
"SAMSUNG","QA75LS03FW*","Australia,Fiji,New Zealand",189.338,"LCD (LED)",189,4.4491018771198965,167247,75
"SAMSUNG","QA75LS03FWS","Australia,Fiji,New Zealand",189.338,"LCD (LED)",189,4.4491018771198965,167247,75
"SAMSUNG","QA75LS03FWW","Australia,Fiji,New Zealand",189.338,"LCD (LED)",189,4.4491018771198965,167247,75
"SAMSUNG","QA75LS03HEW","Australia,Fiji,New Zealand",189.338,"LCD (LED)",175,4.7916692291663106,177059,75
"SAMSUNG","QA75LS03HW*","Australia,Fiji,New Zealand",189.338,"LCD (LED)",187,4.494598918841359,176208,75
"SAMSUNG","QA75LS03HWS","Australia,Fiji,New Zealand",189.338,"LCD (LED)",187,4.494598918841359,176208,75
"SAMSUNG","QA75LS03HWW","Australia,Fiji,New Zealand",189.338,"LCD (LED)",187,4.494598918841359,176208,75
"SAMSUNG ELECTRONICS","QA75LST7DA*","Australia,Fiji,New Zealand",189.338,"LCD (LED)",322,2.071514167786689,161804,75
"SAMSUNG ELECTRONICS","QA75LST7DAS","Australia,Fiji,New Zealand",189.338,"LCD (LED)",322,2.071514167786689,161804,75
"SAMSUNG ELECTRONICS","QA75LST7DAW","Australia,Fiji,New Zealand",189.338,"LCD (LED)",322,2.071514167786689,161804,75
"SAMSUNG ELECTRONICS","QA75LST7TAW","Australia,Fiji,New Zealand",189.306,"LCD (LED)",340,1.8253098585270005,168377,75
"SAMSUNG ELECTRONICS","QA75Q6*BA*","Australia,Fiji,New Zealand",189.338,"LCD (LED)",183,4.59367635407977,143622,75
"SAMSUNG ELECTRONICS","QA75Q6*CA*","Australia,Fiji,New Zealand",189.338,"LCD (LED)",183,4.593676354079774,151907,75
"SAMSUNG ELECTRONICS","QA75Q6*DA*","Australia,Fiji,New Zealand",189.338,"LCD (LED)",112,6.779470139065108,157991,75
"SAMSUNG","QA75Q6FAA*","Australia,Fiji,New Zealand",189.338,"LCD (LED)",134,5.984218086753248,169376,75
"SAMSUNG","QA75Q6FAAS","Australia,Fiji,New Zealand",189.338,"LCD (LED)",134,5.984218086753248,169376,75
"SAMSUNG","QA75Q6FAAW","Australia,Fiji,New Zealand",189.338,"LCD (LED)",134,5.984218086753248,169376,75
"SAMSUNG","QA75Q7F5AS","Australia,Fiji,New Zealand",189.338,"LCD (LED)",143,5.69328632683023,167370,75
"SAMSUNG","QA75Q7F5AW","Australia,Fiji,New Zealand",189.338,"LCD (LED)",143,5.69328632683023,167370,75
"SAMSUNG","QA75Q7FAAS","Australia,Fiji,New Zealand",189.338,"LCD (LED)",143,5.69328632683023,167370,75
"SAMSUNG","QA75Q7FAAW","Australia,Fiji,New Zealand",189.338,"LCD (LED)",143,5.69328632683023,167370,75
"SAMSUNG","QA75Q8F5AW","Australia,Fiji,New Zealand",189.338,"LCD (LED)",181,4.640672950815304,167025,75
"SAMSUNG","QA75Q8F*A*","Australia,Fiji,New Zealand",189.338,"LCD (LED)",181,4.640672950815304,167025,75
"SAMSUNG","QA75Q8FAAS","Australia,Fiji,New Zealand",189.338,"LCD (LED)",181,4.640672950815304,167025,75
"SAMSUNG","QA75Q8FAAW","Australia,Fiji,New Zealand",189.338,"LCD (LED)",181,4.640672950815304,167025,75
"SAMSUNG ELECTRONICS","QA75Q60BAS","Australia,Fiji,New Zealand",189.338,"LCD (LED)",183,4.59367635407977,143622,75
"SAMSUNG ELECTRONICS","QA75Q60BAW","Australia,Fiji,New Zealand",189.338,"LCD (LED)",183,4.59367635407977,143622,75
"SAMSUNG ELECTRONICS","QA75Q60CAS","Australia,Fiji,New Zealand",189.338,"LCD (LED)",183,4.593676354079774,151907,75
"SAMSUNG ELECTRONICS","QA75Q60CAW","Australia,Fiji,New Zealand",189.338,"LCD (LED)",183,4.593676354079774,151907,75
"SAMSUNG ELECTRONICS","QA75Q60DAS","Australia,Fiji,New Zealand",189.338,"LCD (LED)",112,6.779470139065108,157991,75
"SAMSUNG ELECTRONICS","QA75Q60DAW","Australia,Fiji,New Zealand",189.338,"LCD (LED)",112,6.779470139065108,157991,75
"SAMSUNG ELECTRONICS","QA75Q63BAK","Australia,Fiji,New Zealand",189.338,"LCD (LED)",183,4.59367635407977,143622,75
"SAMSUNG ELECTRONICS","QA75Q63BAS","Australia,Fiji,New Zealand",189.338,"LCD (LED)",183,4.59367635407977,143622,75
"SAMSUNG ELECTRONICS","QA75Q63CAS","Australia,Fiji,New Zealand",189.338,"LCD (LED)",183,4.593676354079774,151907,75
"SAMSUNG ELECTRONICS","QA75Q65DAS","Australia,Fiji,New Zealand",189.338,"LCD (LED)",112,6.779470139065108,157991,75
"SAMSUNG ELECTRONICS","QA75Q65DAW","Australia,Fiji,New Zealand",189.338,"LCD (LED)",112,6.779470139065108,157991,75
"SAMSUNG ELECTRONICS","QA75Q70BA*","Australia,Fiji,New Zealand",189.338,"LCD (LED)",173,4.840800403841541,143670,75
"SAMSUNG ELECTRONICS","QA75Q70BAS","Australia,Fiji,New Zealand",189.338,"LCD (LED)",173,4.840800403841541,143670,75
"SAMSUNG ELECTRONICS","QA75Q70BAW","Australia,Fiji,New Zealand",189.338,"LCD (LED)",173,4.840800403841541,143670,75
"SAMSUNG ELECTRONICS","QA75Q70CA*","Australia,Fiji,New Zealand",189.338,"LCD (LED)",158,5.246803153276395,151761,75
"SAMSUNG ELECTRONICS","QA75Q70CAS","Australia,Fiji,New Zealand",189.338,"LCD (LED)",158,5.246803153276395,151761,75
"SAMSUNG ELECTRONICS","QA75Q70CAW","Australia,Fiji,New Zealand",189.338,"LCD (LED)",158,5.246803153276395,151761,75
"SAMSUNG ELECTRONICS","QA75Q70DA*","Australia,Fiji,New Zealand",189.338,"LCD (LED)",157,5.277816565063631,158986,75
"SAMSUNG ELECTRONICS","QA75Q70DAS","Australia,Fiji,New Zealand",189.338,"LCD (LED)",157,5.277816565063631,158986,75
"SAMSUNG ELECTRONICS","QA75Q70DAW","Australia,Fiji,New Zealand",189.338,"LCD (LED)",157,5.277816565063631,158986,75
"SAMSUNG ELECTRONICS","QA75Q80BA*","Australia,Fiji,New Zealand",189.338,"LCD (LED)",267,2.9053437500483668,144138,75
"SAMSUNG ELECTRONICS","QA75Q80BAS","Australia,Fiji,New Zealand",189.338,"LCD (LED)",267,2.9053437500483668,144138,75
"SAMSUNG ELECTRONICS","QA75Q80BAW","Australia,Fiji,New Zealand",189.338,"LCD (LED)",267,2.9053437500483668,144138,75
"SAMSUNG ELECTRONICS","QA75Q80CA*","Australia,Fiji,New Zealand",189.338,"LCD (LED)",203,4.130871593408056,151854,75
"SAMSUNG ELECTRONICS","QA75Q80CAS","Australia,Fiji,New Zealand",189.338,"LCD (LED)",203,4.130871593408056,151854,75
"SAMSUNG ELECTRONICS","QA75Q80CAW","Australia,Fiji,New Zealand",189.338,"LCD (LED)",203,4.130871593408056,151854,75
"SAMSUNG ELECTRONICS","QA75Q80DA*","Australia,Fiji,New Zealand",189.338,"LCD (LED)",198,4.240626143176827,158971,75
"SAMSUNG ELECTRONICS","QA75Q80DAS","Australia,Fiji,New Zealand",189.338,"LCD (LED)",198,4.240626143176827,158971,75
"SAMSUNG ELECTRONICS","QA75Q80DAW","Australia,Fiji,New Zealand",189.338,"LCD (LED)",198,4.240626143176827,158971,75
"SAMSUNG ELECTRONICS","QA75Q95TDW","Australia,Fiji,New Zealand",189.338,"LCD (LED)",237,3.4400576356692643,142140,75
"SAMSUNG","QA75Q*F SERIES","Australia,Fiji,New Zealand",189.338,"LCD (LED)",143,5.69328632683023,167370,75
"SAMSUNG ELECTRONICS","QA75QE1CA*","Australia,Fiji,New Zealand",189.338,"LCD (LED)",130,6.113587651012818,154893,75
"SAMSUNG ELECTRONICS","QA75QE1CAS","Australia,Fiji,New Zealand",189.338,"LCD (LED)",130,6.113587651012818,154893,75
"SAMSUNG ELECTRONICS","QA75QE1CAW","Australia,Fiji,New Zealand",189.338,"LCD (LED)",130,6.113587651012818,154893,75
"SAMSUNG ELECTRONICS","QA75QE1DA*","Australia,Fiji,New Zealand",189.338,"LCD (LED)",124,6.324742858947655,159228,75
"SAMSUNG ELECTRONICS","QA75QE1DAS","Australia,Fiji,New Zealand",189.338,"LCD (LED)",124,6.324742858947655,159228,75
"SAMSUNG ELECTRONICS","QA75QE1DAW","Australia,Fiji,New Zealand",189.338,"LCD (LED)",124,6.324742858947655,159228,75
"SAMSUNG","QA75QEF1AS","Australia,Fiji,New Zealand",189.338,"LCD (LED)",143,5.69328632683023,167370,75
"SAMSUNG","QA75QEF1AW","Australia,Fiji,New Zealand",189.338,"LCD (LED)",143,5.69328632683023,167370,75
"SAMSUNG","QA75QN1EFA*","Australia,Fiji,New Zealand",189.338,"LCD (LED)",178,4.7155351644065915,167559,75
"SAMSUNG","QA75QN1EFAS","Australia,Fiji,New Zealand",189.338,"LCD (LED)",178,4.7155351644065915,167559,75
"SAMSUNG","QA75QN1EFAW","Australia,Fiji,New Zealand",189.338,"LCD (LED)",178,4.7155351644065915,167559,75
"SAMSUNG","QA75QN1EHAW","Australia,Fiji,New Zealand",189.338,"LCD (LED)",138,5.849630791167071,176584,75
"SAMSUNG","QA75QN70FA*","Australia,Fiji,New Zealand",189.338,"LCD (LED)",156,5.3090460999305416,166901,75
"SAMSUNG","QA75QN70FAS","Australia,Fiji,New Zealand",189.338,"LCD (LED)",156,5.3090460999305416,166901,75
"SAMSUNG","QA75QN70FAW","Australia,Fiji,New Zealand",189.338,"LCD (LED)",156,5.3090460999305416,166901,75
"SAMSUNG","QA75QN70HA*","Australia,Fiji,New Zealand",189.338,"LCD (LED)",138,5.849630791167071,176404,75
"SAMSUNG","QA75QN70HAS","Australia,Fiji,New Zealand",189.338,"LCD (LED)",138,5.849630791167071,176404,75
"SAMSUNG","QA75QN70HAW","Australia,Fiji,New Zealand",189.338,"LCD (LED)",138,5.849630791167071,176404,75
"SAMSUNG","QA75QN80FA*","Australia,Fiji,New Zealand",189.338,"LCD (LED)",204,4.106842473544156,167182,75
"SAMSUNG","QA75QN80FAS","Australia,Fiji,New Zealand",189.338,"LCD (LED)",204,4.106842473544156,167182,75
"SAMSUNG","QA75QN80FAW","Australia,Fiji,New Zealand",189.338,"LCD (LED)",204,4.106842473544156,167182,75
"SAMSUNG","QA75QN80HA*","Australia,Fiji,New Zealand",189.338,"LCD (LED)",189,4.4491018771198965,175922,75
"SAMSUNG","QA75QN80HAS","Australia,Fiji,New Zealand",189.338,"LCD (LED)",189,4.4491018771198965,175922,75
"SAMSUNG","QA75QN80HAW","Australia,Fiji,New Zealand",189.338,"LCD (LED)",189,4.4491018771198965,175922,75
"SAMSUNG ELECTRONICS","QA75QN85BA*","Australia,Fiji,New Zealand",189.338,"LCD (LED)",167,4.998815559326946,143534,75
"SAMSUNG ELECTRONICS","QA75QN85BAS","Australia,Fiji,New Zealand",189.338,"LCD (LED)",167,4.998815559326946,143534,75
"SAMSUNG ELECTRONICS","QA75QN85BAW","Australia,Fiji,New Zealand",189.338,"LCD (LED)",167,4.998815559326946,143534,75
"SAMSUNG ELECTRONICS","QA75QN85CA*","Australia,Fiji,New Zealand",189.338,"LCD (LED)",153,5.388085540605535,151648,75
"SAMSUNG ELECTRONICS","QA75QN85CAS","Australia,Fiji,New Zealand",189.338,"LCD (LED)",153,5.388085540605535,151648,75
"SAMSUNG ELECTRONICS","QA75QN85CAW","Australia,Fiji,New Zealand",189.338,"LCD (LED)",153,5.388085540605535,151648,75
"SAMSUNG ELECTRONICS","QA75QN85DB*","Australia,Fiji,New Zealand",189.338,"LCD (LED)",178,4.7155351644065915,159160,75
"SAMSUNG ELECTRONICS","QA75QN85DBS","Australia,Fiji,New Zealand",189.338,"LCD (LED)",178,4.7155351644065915,159160,75
"SAMSUNG ELECTRONICS","QA75QN85DBW","Australia,Fiji,New Zealand",189.338,"LCD (LED)",178,4.7155351644065915,159160,75
"SAMSUNG","QA75QN85FA*","Australia,Fiji,New Zealand",189.338,"LCD (LED)",166,5.0281539300204185,167240,75
"SAMSUNG","QA75QN85FAS","Australia,Fiji,New Zealand",189.338,"LCD (LED)",166,5.0281539300204185,167240,75
"SAMSUNG","QA75QN85FAW","Australia,Fiji,New Zealand",189.338,"LCD (LED)",166,5.0281539300204185,167240,75
"SAMSUNG ELECTRONICS","QA75QN87DA*","Australia,Fiji,New Zealand",189.338,"LCD (LED)",144,5.659271589581614,159131,75
"SAMSUNG ELECTRONICS","QA75QN87DAS","Australia,Fiji,New Zealand",189.338,"LCD (LED)",144,5.659271589581614,159131,75
"SAMSUNG ELECTRONICS","QA75QN87DAW","Australia,Fiji,New Zealand",189.338,"LCD (LED)",144,5.659271589581614,159131,75
"SAMSUNG ELECTRONICS","QA75QN90BA*","Australia,Fiji,New Zealand",189.338,"LCD (LED)",212,3.9363810276760227,143535,75
"SAMSUNG ELECTRONICS","QA75QN90BAS","Australia,Fiji,New Zealand",189.338,"LCD (LED)",212,3.9363810276760227,143535,75
"SAMSUNG ELECTRONICS","QA75QN90BAW","Australia,Fiji,New Zealand",189.338,"LCD (LED)",212,3.9363810276760227,143535,75
"SAMSUNG ELECTRONICS","QA75QN90CA*","Australia,Fiji,New Zealand",189.338,"LCD (LED)",186,4.520806128720297,151603,75
"SAMSUNG ELECTRONICS","QA75QN90CAS","Australia,Fiji,New Zealand",189.338,"LCD (LED)",186,4.520806128720297,151603,75
"SAMSUNG ELECTRONICS","QA75QN90CAW","Australia,Fiji,New Zealand",189.338,"LCD (LED)",186,4.520806128720297,151603,75
"SAMSUNG ELECTRONICS","QA75QN90DA*","Australia,Fiji,New Zealand",189.338,"LCD (LED)",157,5.277816565063631,157994,75
"SAMSUNG ELECTRONICS","QA75QN90DAS","Australia,Fiji,New Zealand",189.338,"LCD (LED)",157,5.277816565063631,157994,75
"SAMSUNG ELECTRONICS","QA75QN90DAW","Australia,Fiji,New Zealand",189.338,"LCD (LED)",157,5.277816565063631,157994,75
"SAMSUNG","QA75QN90FA*","Australia,Fiji,New Zealand",189.338,"LCD (LED)",151,5.4523363919609436,166954,75
"SAMSUNG","QA75QN90FAS","Australia,Fiji,New Zealand",189.338,"LCD (LED)",151,5.4523363919609436,166954,75
"SAMSUNG","QA75QN90FAW","Australia,Fiji,New Zealand",189.338,"LCD (LED)",151,5.4523363919609436,166954,75
"SAMSUNG ELECTRONICS","QA75QN95BA*","Australia,Fiji,New Zealand",189.338,"LCD (LED)",245,3.2927795843660035,143738,75
"SAMSUNG ELECTRONICS","QA75QN95BAS","Australia,Fiji,New Zealand",189.338,"LCD (LED)",245,3.2927795843660035,143738,75
"SAMSUNG ELECTRONICS","QA75QN95BAW","Australia,Fiji,New Zealand",189.338,"LCD (LED)",245,3.2927795843660035,143738,75
"SAMSUNG ELECTRONICS","QA75QN95CA*","Australia,Fiji,New Zealand",189.338,"LCD (LED)",194,4.334187372701929,151905,75
"SAMSUNG ELECTRONICS","QA75QN95CAS","Australia,Fiji,New Zealand",189.338,"LCD (LED)",194,4.334187372701929,151905,75
"SAMSUNG ELECTRONICS","QA75QN95CAW","Australia,Fiji,New Zealand",189.338,"LCD (LED)",194,4.334187372701929,151905,75
"SAMSUNG ELECTRONICS","QA75QN700B*","Australia,Fiji,New Zealand",189.338,"LCD (LED)",273,2.805651830580815,144204,75
"SAMSUNG ELECTRONICS","QA75QN700BS","Australia,Fiji,New Zealand",189.338,"LCD (LED)",273,2.805651830580815,144204,75
"SAMSUNG ELECTRONICS","QA75QN700BW","Australia,Fiji,New Zealand",189.338,"LCD (LED)",273,2.805651830580815,144204,75
"SAMSUNG ELECTRONICS","QA75QN700CS","Australia,Fiji,New Zealand",189.338,"LCD (LED)",214,3.8961886495860476,151888,75
"SAMSUNG ELECTRONICS","QA75QN800B*","Australia,Fiji,New Zealand",189.338,"LCD (LED)",339,1.8416473664139523,143826,75
"SAMSUNG ELECTRONICS","QA75QN800BS","Australia,Fiji,New Zealand",189.338,"LCD (LED)",339,1.8416473664139523,143826,75
"SAMSUNG ELECTRONICS","QA75QN800BW","Australia,Fiji,New Zealand",189.338,"LCD (LED)",339,1.8416473664139523,143826,75
"SAMSUNG ELECTRONICS","QA75QN800C*","Australia,Fiji,New Zealand",189.338,"LCD (LED)",292,2.506635203616076,151846,75
"SAMSUNG ELECTRONICS","QA75QN800CS","Australia,Fiji,New Zealand",189.338,"LCD (LED)",292,2.506635203616076,151846,75
"SAMSUNG ELECTRONICS","QA75QN800CW","Australia,Fiji,New Zealand",189.338,"LCD (LED)",292,2.506635203616076,151846,75
"SAMSUNG ELECTRONICS","QA75QN800D*","Australia,Fiji,New Zealand",189.338,"LCD (LED)",269,2.873382391114767,158163,75
"SAMSUNG ELECTRONICS","QA75QN800DS","Australia,Fiji,New Zealand",189.338,"LCD (LED)",269,2.873382391114767,158163,75
"SAMSUNG ELECTRONICS","QA75QN800DW","Australia,Fiji,New Zealand",189.338,"LCD (LED)",269,2.873382391114767,158163,75
"SAMSUNG ELECTRONICS","QA75QN900B*","Australia,Fiji,New Zealand",189.338,"LCD (LED)",395,1.1559993114001974,144065,75
"SAMSUNG ELECTRONICS","QA75QN900BS","Australia,Fiji,New Zealand",189.338,"LCD (LED)",395,1.1559993114001974,144065,75
"SAMSUNG ELECTRONICS","QA75QN900BW","Australia,Fiji,New Zealand",189.338,"LCD (LED)",395,1.1559993114001974,144065,75
"SAMSUNG ELECTRONICS","QA75QN900C*","Australia,Fiji,New Zealand",189.338,"LCD (LED)",340,1.8272144389057443,151861,75
"SAMSUNG ELECTRONICS","QA75QN900CS","Australia,Fiji,New Zealand",189.338,"LCD (LED)",340,1.8272144389057443,151861,75
"SAMSUNG ELECTRONICS","QA75QN900CW","Australia,Fiji,New Zealand",189.338,"LCD (LED)",340,1.8272144389057443,151861,75
"SAMSUNG ELECTRONICS","QA75QN900D*","Australia,Fiji,New Zealand",189.338,"LCD (LED)",286,2.5998249912305393,159010,75
"SAMSUNG ELECTRONICS","QA75QN900DS","Australia,Fiji,New Zealand",189.338,"LCD (LED)",286,2.5998249912305393,159010,75
"SAMSUNG ELECTRONICS","QA75QN900DW","Australia,Fiji,New Zealand",189.338,"LCD (LED)",286,2.5998249912305393,159010,75
"SAMSUNG","QA75QN900F*","Australia,Fiji,New Zealand",189.338,"LCD (LED)",271,2.8416473664139534,166953,75
"SAMSUNG","QA75QN900FS","Australia,Fiji,New Zealand",189.338,"LCD (LED)",271,2.8416473664139534,166953,75
"SAMSUNG","QA75QN900FW","Australia,Fiji,New Zealand",189.338,"LCD (LED)",271,2.8416473664139534,166953,75
"SAMSUNG","QA75QN990F*","Australia,Fiji,New Zealand",189.338,"LCD (LED)",285,2.61697877339104,167555,75
"SAMSUNG","QA75QN990FS","Australia,Fiji,New Zealand",189.338,"LCD (LED)",285,2.61697877339104,167555,75
"SAMSUNG","QA75QN990FW","Australia,Fiji,New Zealand",189.338,"LCD (LED)",285,2.61697877339104,167555,75
"SAMSUNG","QA77S85FAE","Australia,Fiji,New Zealand",194.738,"LCD (LED)",138,6.090700128194929,166612,77
"SAMSUNG","QA77S85HAE","Australia,Fiji,New Zealand",194.738,"LCD (LED)",137,6.126196710752632,176406,77
"SAMSUNG ELECTRONICS","QA77S89CAW","Australia,New Zealand",195.177,"LCD (LED)",178,4.976100869213291,155062,77
"SAMSUNG ELECTRONICS","QA77S90CA*","Australia,Fiji,New Zealand",195.177,"LCD (LED)",178,4.976100869213291,153258,77
"SAMSUNG ELECTRONICS","QA77S90CAS","Australia,Fiji,New Zealand",195.177,"LCD (LED)",178,4.976100869213291,153258,77
"SAMSUNG ELECTRONICS","QA77S90CAW","Australia,Fiji,New Zealand",195.177,"LCD (LED)",178,4.976100869213291,153258,77
"SAMSUNG ELECTRONICS","QA77S90DAE","Australia,Fiji,New Zealand",194.738,"LCD (LED)",175,5.032738566194168,159858,77
"SAMSUNG","QA77S90FAE","Australia,Fiji,New Zealand",194.738,"LCD (LED)",174,5.060747533105207,166784,77
"SAMSUNG","QA77S90HA*","Australia,Fiji,New Zealand",195.177,"LCD (LED)",173,5.101366108648241,176051,77
"SAMSUNG","QA77S90HAS","Australia,Fiji,New Zealand",195.177,"LCD (LED)",173,5.101366108648241,176051,77
"SAMSUNG","QA77S90HAW","Australia,Fiji,New Zealand",195.177,"LCD (LED)",173,5.101366108648241,176051,77
"SAMSUNG ELECTRONICS","QA77S95CA*","Australia,Fiji,New Zealand",195.177,"LCD (LED)",220,4.032732297769424,152485,77
"SAMSUNG ELECTRONICS","QA77S95CAS","Australia,Fiji,New Zealand",195.177,"LCD (LED)",220,4.032732297769424,152485,77
"SAMSUNG ELECTRONICS","QA77S95CAW","Australia,Fiji,New Zealand",195.177,"LCD (LED)",220,4.032732297769424,152485,77
"SAMSUNG ELECTRONICS","QA77S95DA*","Australia,Fiji,New Zealand",195.177,"LCD (LED)",216,4.116919246611706,158746,77
"SAMSUNG ELECTRONICS","QA77S95DAS","Australia,Fiji,New Zealand",195.177,"LCD (LED)",216,4.116919246611706,158746,77
"SAMSUNG ELECTRONICS","QA77S95DAW","Australia,Fiji,New Zealand",195.177,"LCD (LED)",216,4.116919246611706,158746,77
"SAMSUNG","QA77S95FA*","Australia,Fiji,New Zealand",195.177,"LCD (LED)",216,4.116919246611706,166955,77
"SAMSUNG","QA77S95FAS","Australia,Fiji,New Zealand",195.177,"LCD (LED)",216,4.116919246611706,166955,77
"SAMSUNG","QA77S95FAW","Australia,Fiji,New Zealand",195.177,"LCD (LED)",216,4.116919246611706,166955,77
"SAMSUNG","QA77S95HAE","Australia,Fiji,New Zealand",194.738,"LCD (LED)",213,4.154439171049406,176207,77
"SAMSUNG","QA83S85FAE","Australia,Fiji,New Zealand",209.585,"LCD (LED)",186,5.395014904437214,166956,83
"SAMSUNG","QA83S85HAE","Australia,Fiji,New Zealand",209.585,"LCD (LED)",185,5.421376275260714,176407,83
"SAMSUNG ELECTRONICS","QA83S89CAS","Australia,Fiji,New Zealand",209.585,"LCD (LED)",192,5.252735649098687,155188,83
"SAMSUNG ELECTRONICS","QA83S89CAW","Australia,Fiji,New Zealand",209.585,"LCD (LED)",192,5.252735649098687,155188,83
"SAMSUNG ELECTRONICS","QA83S90CAE","Australia,Fiji,New Zealand",209.585,"LCD (LED)",192,5.252735649098687,155188,83
"SAMSUNG ELECTRONICS","QA83S90DAE","Australia,Fiji,New Zealand",209.585,"LCD (LED)",217,4.707957376187206,159864,83
"SAMSUNG","QA83S90FAE","Australia,Fiji,New Zealand",209.585,"LCD (LED)",216,4.7305623175219225,166610,83
"SAMSUNG","QA83S90HAE","Australia,Fiji,New Zealand",209.585,"LCD (LED)",215,4.747591166831684,176020,83
"SAMSUNG","QA83S95FAE","Australia,Fiji,New Zealand",209.585,"LCD (LED)",248,4.112366496844155,167021,83
"SAMSUNG","QA83S95HAE","Australia,Fiji,New Zealand",209.585,"LCD (LED)",247,4.127197464989441,176408,83
"SAMSUNG ELECTRONICS","QA83S**CA*","Australia,Fiji,New Zealand",209.585,"LCD (LED)",192,5.252735649098687,155188,83
"SAMSUNG ELECTRONICS","QA85LS03BA*","Australia,Fiji,New Zealand",214.783,"LCD (LED)",250,4.284977376641311,143847,85
"SAMSUNG ELECTRONICS","QA85LS03BAS","Australia,Fiji,New Zealand",214.783,"LCD (LED)",250,4.284977376641311,143847,85
"SAMSUNG ELECTRONICS","QA85LS03BAW","Australia,Fiji,New Zealand",214.783,"LCD (LED)",250,4.284977376641311,143847,85
"SAMSUNG ELECTRONICS","QA85LS03DA*","Australia,Fiji,New Zealand",214.783,"LCD (LED)",220,4.858297203336008,159076,85
"SAMSUNG ELECTRONICS","QA85LS03DAS","Australia,Fiji,New Zealand",214.783,"LCD (LED)",220,4.858297203336008,159076,85
"SAMSUNG ELECTRONICS","QA85LS03DAW","Australia,Fiji,New Zealand",214.783,"LCD (LED)",220,4.858297203336008,159076,85
"SAMSUNG","QA85LS03FW*","Australia,Fiji,New Zealand",214.783,"LCD (LED)",220,4.858297203336008,167249,85
"SAMSUNG","QA85LS03FWS","Australia,Fiji,New Zealand",214.783,"LCD (LED)",220,4.858297203336008,167249,85
"SAMSUNG","QA85LS03FWW","Australia,Fiji,New Zealand",214.783,"LCD (LED)",220,4.858297203336008,167249,85
"SAMSUNG","QA85LS03HEW","Australia,Fiji,New Zealand",214.783,"LCD (LED)",208,5.109871521703537,176858,85
"SAMSUNG","QA85LS03HW*","Australia,Fiji,New Zealand",214.783,"LCD (LED)",219,4.880592871800602,176409,85
"SAMSUNG","QA85LS03HWS","Australia,Fiji,New Zealand",214.783,"LCD (LED)",219,4.880592871800602,176409,85
"SAMSUNG","QA85LS03HWW","Australia,Fiji,New Zealand",214.783,"LCD (LED)",219,4.880592871800602,176409,85
"SAMSUNG ELECTRONICS","QA85Q6*CA*","Australia,Fiji,New Zealand",214.783,"LCD (LED)",173,5.926931014214825,151598,85
"SAMSUNG ELECTRONICS","QA85Q6*DA*","Australia,Fiji,New Zealand",214.783,"LCD (LED)",142,6.813691827932876,157993,85
"SAMSUNG","QA85Q6FAA*","Australia,Fiji,New Zealand",214.783,"LCD (LED)",146,6.686490664599829,169481,85
"SAMSUNG","QA85Q6FAAS","Australia,Fiji,New Zealand",214.783,"LCD (LED)",146,6.686490664599829,169481,85
"SAMSUNG","QA85Q6FAAW","Australia,Fiji,New Zealand",214.783,"LCD (LED)",146,6.686490664599829,169481,85
"SAMSUNG","QA85Q7F5AS","Australia,Fiji,New Zealand",214.783,"LCD (LED)",187,5.580729529214643,167371,85
"SAMSUNG","QA85Q7F5AW","Australia,Fiji,New Zealand",214.783,"LCD (LED)",187,5.580729529214643,167371,85
"SAMSUNG","QA85Q7FAAS","Australia,Fiji,New Zealand",214.783,"LCD (LED)",187,5.580729529214643,167371,85
"SAMSUNG","QA85Q7FAAW","Australia,Fiji,New Zealand",214.783,"LCD (LED)",187,5.580729529214643,167371,85
"SAMSUNG","QA85Q8F5AW","Australia,Fiji,New Zealand",214.783,"LCD (LED)",196,5.376412886166596,167024,85
"SAMSUNG","QA85Q8F*A*","Australia,Fiji,New Zealand",214.783,"LCD (LED)",196,5.376412886166596,167024,85
"SAMSUNG","QA85Q8FAAS","Australia,Fiji,New Zealand",214.783,"LCD (LED)",196,5.376412886166596,167024,85
"SAMSUNG","QA85Q8FAAW","Australia,Fiji,New Zealand",214.783,"LCD (LED)",196,5.376412886166596,167024,85
"SAMSUNG ELECTRONICS","QA85Q60BA*","Australia,Fiji,New Zealand",214.783,"LCD (LED)",178,5.801665774779875,143636,85
"SAMSUNG ELECTRONICS","QA85Q60BAS","Australia,Fiji,New Zealand",214.783,"LCD (LED)",178,5.801665774779875,143636,85
"SAMSUNG ELECTRONICS","QA85Q60BAW","Australia,Fiji,New Zealand",214.783,"LCD (LED)",178,5.801665774779875,143636,85
"SAMSUNG ELECTRONICS","QA85Q60CAS","Australia,Fiji,New Zealand",214.783,"LCD (LED)",173,5.926931014214825,151598,85
"SAMSUNG ELECTRONICS","QA85Q60CAW","Australia,Fiji,New Zealand",214.783,"LCD (LED)",173,5.926931014214825,151598,85
"SAMSUNG ELECTRONICS","QA85Q60DAS","Australia,Fiji,New Zealand",214.783,"LCD (LED)",142,6.813691827932876,157993,85
"SAMSUNG ELECTRONICS","QA85Q60DAW","Australia,Fiji,New Zealand",214.783,"LCD (LED)",142,6.813691827932876,157993,85
"SAMSUNG ELECTRONICS","QA85Q65DAS","Australia,Fiji,New Zealand",214.783,"LCD (LED)",142,6.813691827932876,157993,85
"SAMSUNG ELECTRONICS","QA85Q65DAW","Australia,Fiji,New Zealand",214.783,"LCD (LED)",142,6.813691827932876,157993,85
"SAMSUNG ELECTRONICS","QA85Q70BA*","Australia,Fiji,New Zealand",214.783,"LCD (LED)",223,4.79754997459675,143671,85
"SAMSUNG ELECTRONICS","QA85Q70BAS","Australia,Fiji,New Zealand",214.783,"LCD (LED)",223,4.79754997459675,143671,85
"SAMSUNG ELECTRONICS","QA85Q70BAW","Australia,Fiji,New Zealand",214.783,"LCD (LED)",223,4.79754997459675,143671,85
"SAMSUNG ELECTRONICS","QA85Q70CA*","Australia,Fiji,New Zealand",214.783,"LCD (LED)",216,4.94248415217829,151848,85
"SAMSUNG ELECTRONICS","QA85Q70CAS","Australia,Fiji,New Zealand",214.783,"LCD (LED)",216,4.94248415217829,151848,85
"SAMSUNG ELECTRONICS","QA85Q70CAW","Australia,Fiji,New Zealand",214.783,"LCD (LED)",216,4.94248415217829,151848,85
"SAMSUNG ELECTRONICS","QA85Q70DA*","Australia,Fiji,New Zealand",214.783,"LCD (LED)",200,5.283754448507723,158744,85
"SAMSUNG ELECTRONICS","QA85Q70DAS","Australia,Fiji,New Zealand",214.783,"LCD (LED)",200,5.283754448507723,158744,85
"SAMSUNG ELECTRONICS","QA85Q70DAW","Australia,Fiji,New Zealand",214.783,"LCD (LED)",200,5.283754448507723,158744,85
"SAMSUNG ELECTRONICS","QA85Q80BA*","Australia,Fiji,New Zealand",214.783,"LCD (LED)",337,2.9531479926420383,144139,85
"SAMSUNG ELECTRONICS","QA85Q80BAS","Australia,Fiji,New Zealand",214.783,"LCD (LED)",337,2.9531479926420383,144139,85
"SAMSUNG ELECTRONICS","QA85Q80BAW","Australia,Fiji,New Zealand",214.783,"LCD (LED)",337,2.9531479926420383,144139,85
"SAMSUNG ELECTRONICS","QA85Q80CA*","Australia,Fiji,New Zealand",214.783,"LCD (LED)",259,4.1310937560811105,151855,85
"SAMSUNG ELECTRONICS","QA85Q80CAS","Australia,Fiji,New Zealand",214.783,"LCD (LED)",259,4.1310937560811105,151855,85
"SAMSUNG ELECTRONICS","QA85Q80CAW","Australia,Fiji,New Zealand",214.783,"LCD (LED)",259,4.1310937560811105,151855,85
"SAMSUNG ELECTRONICS","QA85Q80DA*","Australia,Fiji,New Zealand",214.783,"LCD (LED)",258,4.145297952180938,158972,85
"SAMSUNG ELECTRONICS","QA85Q80DAS","Australia,Fiji,New Zealand",214.783,"LCD (LED)",258,4.145297952180938,158972,85
"SAMSUNG ELECTRONICS","QA85Q80DAW","Australia,Fiji,New Zealand",214.783,"LCD (LED)",258,4.145297952180938,158972,85
"SAMSUNG ELECTRONICS","QA85QE1DAS","Australia,Fiji,New Zealand",214.783,"LCD (LED)",172,5.955249718986985,159229,85
"SAMSUNG","QA85QEF1AS","Australia,Fiji,New Zealand",214.783,"LCD (LED)",187,5.580729529214643,167371,85
"SAMSUNG","QA85QEF1AW","Australia,Fiji,New Zealand",214.783,"LCD (LED)",187,5.580729529214643,167371,85
"SAMSUNG","QA85QN1EFA*","Australia,Fiji,New Zealand",214.783,"LCD (LED)",220,4.858297203336008,167560,85
"SAMSUNG","QA85QN1EFAS","Australia,Fiji,New Zealand",214.783,"LCD (LED)",220,4.858297203336008,167560,85
"SAMSUNG","QA85QN1EFAW","Australia,Fiji,New Zealand",214.783,"LCD (LED)",220,4.858297203336008,167560,85
"SAMSUNG","QA85QN1EHAW","Australia,Fiji,New Zealand",214.783,"LCD (LED)",196,5.376412886166596,176583,85
"SAMSUNG","QA85QN70FA*","Australia,Fiji,New Zealand",214.783,"LCD (LED)",199,5.308276644402545,166957,85
"SAMSUNG","QA85QN70FAS","Australia,Fiji,New Zealand",214.783,"LCD (LED)",199,5.308276644402545,166957,85
"SAMSUNG","QA85QN70FAW","Australia,Fiji,New Zealand",214.783,"LCD (LED)",199,5.308276644402545,166957,85
"SAMSUNG","QA85QN70HA*","Australia,Fiji,New Zealand",214.783,"LCD (LED)",196,5.376412886166596,176624,85
"SAMSUNG","QA85QN70HAS","Australia,Fiji,New Zealand",214.783,"LCD (LED)",196,5.376412886166596,176624,85
"SAMSUNG","QA85QN70HAW","Australia,Fiji,New Zealand",214.783,"LCD (LED)",196,5.376412886166596,176624,85
"SAMSUNG","QA85QN80FA*","Australia,Fiji,New Zealand",214.783,"LCD (LED)",248,4.324288331500522,167183,85
"SAMSUNG","QA85QN80FAS","Australia,Fiji,New Zealand",214.783,"LCD (LED)",248,4.324288331500522,167183,85
"SAMSUNG","QA85QN80FAW","Australia,Fiji,New Zealand",214.783,"LCD (LED)",248,4.324288331500522,167183,85
"SAMSUNG","QA85QN80HA*","Australia,Fiji,New Zealand",214.783,"LCD (LED)",223,4.79754997459675,175903,85
"SAMSUNG","QA85QN80HAS","Australia,Fiji,New Zealand",214.783,"LCD (LED)",223,4.79754997459675,175903,85
"SAMSUNG","QA85QN80HAW","Australia,Fiji,New Zealand",214.783,"LCD (LED)",223,4.79754997459675,175903,85
"SAMSUNG ELECTRONICS","QA85QN85BA*","Australia,Fiji,New Zealand",214.783,"LCD (LED)",195,5.395176710303825,144106,85
"SAMSUNG ELECTRONICS","QA85QN85BAS","Australia,Fiji,New Zealand",214.783,"LCD (LED)",195,5.395176710303825,144106,85
"SAMSUNG ELECTRONICS","QA85QN85BAW","Australia,Fiji,New Zealand",214.783,"LCD (LED)",195,5.395176710303825,144106,85
"SAMSUNG ELECTRONICS","QA85QN85CA*","Australia,New Zealand",214.783,"LCD (LED)",206,5.15122968053568,151842,85
"SAMSUNG ELECTRONICS","QA85QN85CAS","Australia,New Zealand",214.783,"LCD (LED)",206,5.15122968053568,151842,85
"SAMSUNG ELECTRONICS","QA85QN85CAW","Australia,New Zealand",214.783,"LCD (LED)",206,5.15122968053568,151842,85
"SAMSUNG ELECTRONICS","QA85QN85DB*","Australia,Fiji,New Zealand",214.783,"LCD (LED)",215,4.959513001488052,159164,85
"SAMSUNG ELECTRONICS","QA85QN85DBS","Australia,Fiji,New Zealand",214.783,"LCD (LED)",215,4.959513001488052,159164,85
"SAMSUNG ELECTRONICS","QA85QN85DBW","Australia,Fiji,New Zealand",214.783,"LCD (LED)",215,4.959513001488052,159164,85
"SAMSUNG","QA85QN85FA*","Australia,Fiji,New Zealand",214.783,"LCD (LED)",211,5.045641599680856,167242,85
"SAMSUNG","QA85QN85FAS","Australia,Fiji,New Zealand",214.783,"LCD (LED)",211,5.045641599680856,167242,85
"SAMSUNG","QA85QN85FAW","Australia,Fiji,New Zealand",214.783,"LCD (LED)",211,5.045641599680856,167242,85
"SAMSUNG ELECTRONICS","QA85QN87DA*","Australia,Fiji,New Zealand",214.783,"LCD (LED)",192,5.464657483755054,159127,85
"SAMSUNG ELECTRONICS","QA85QN87DAS","Australia,Fiji,New Zealand",214.783,"LCD (LED)",192,5.464657483755054,159127,85
"SAMSUNG ELECTRONICS","QA85QN87DAW","Australia,Fiji,New Zealand",214.783,"LCD (LED)",192,5.464657483755054,159127,85
"SAMSUNG ELECTRONICS","QA85QN90BA*","Australia,Fiji,New Zealand",214.783,"LCD (LED)",304,3.4120057605934937,143830,85
"SAMSUNG ELECTRONICS","QA85QN90BAS","Australia,Fiji,New Zealand",214.783,"LCD (LED)",304,3.4120057605934937,143830,85
"SAMSUNG ELECTRONICS","QA85QN90BAW","Australia,Fiji,New Zealand",214.783,"LCD (LED)",304,3.4120057605934937,143830,85
"SAMSUNG ELECTRONICS","QA85QN90CA*","Australia,Fiji,New Zealand",214.783,"LCD (LED)",245,4.378910194739287,151766,85
"SAMSUNG ELECTRONICS","QA85QN90CAS","Australia,Fiji,New Zealand",214.783,"LCD (LED)",245,4.378910194739287,151766,85
"SAMSUNG ELECTRONICS","QA85QN90CAW","Australia,Fiji,New Zealand",214.783,"LCD (LED)",245,4.378910194739287,151766,85
"SAMSUNG ELECTRONICS","QA85QN90DA*","Australia,Fiji,New Zealand",214.783,"LCD (LED)",211,5.045641599680856,158165,85
"SAMSUNG ELECTRONICS","QA85QN90DAS","Australia,Fiji,New Zealand",214.783,"LCD (LED)",211,5.045641599680856,158165,85
"SAMSUNG ELECTRONICS","QA85QN90DAW","Australia,Fiji,New Zealand",214.783,"LCD (LED)",211,5.045641599680856,158165,85
"SAMSUNG","QA85QN90FA*","Australia,Fiji,New Zealand",214.783,"LCD (LED)",211,5.045641599680856,166960,85
"SAMSUNG","QA85QN90FAS","Australia,Fiji,New Zealand",214.783,"LCD (LED)",211,5.045641599680856,166960,85
"SAMSUNG","QA85QN90FAW","Australia,Fiji,New Zealand",214.783,"LCD (LED)",211,5.045641599680856,166960,85
"SAMSUNG ELECTRONICS","QA85QN95CA*","Australia,Fiji,New Zealand",214.783,"LCD (LED)",247,4.339119299645809,151906,85
"SAMSUNG ELECTRONICS","QA85QN95CAS","Australia,Fiji,New Zealand",214.783,"LCD (LED)",247,4.339119299645809,151906,85
"SAMSUNG ELECTRONICS","QA85QN95CAW","Australia,Fiji,New Zealand",214.783,"LCD (LED)",247,4.339119299645809,151906,85
"SAMSUNG ELECTRONICS","QA85QN800B*","Australia,Fiji,New Zealand",214.783,"LCD (LED)",389,2.310883880229027,143827,85
"SAMSUNG ELECTRONICS","QA85QN800BS","Australia,Fiji,New Zealand",214.783,"LCD (LED)",389,2.310883880229027,143827,85
"SAMSUNG ELECTRONICS","QA85QN800BW","Australia,Fiji,New Zealand",214.783,"LCD (LED)",389,2.310883880229027,143827,85
"SAMSUNG ELECTRONICS","QA85QN800C*","Australia,Fiji,New Zealand",214.783,"LCD (LED)",303,3.4281405039189154,151889,85
"SAMSUNG ELECTRONICS","QA85QN800CS","Australia,Fiji,New Zealand",214.783,"LCD (LED)",303,3.4281405039189154,151889,85
"SAMSUNG ELECTRONICS","QA85QN800CW","Australia,Fiji,New Zealand",214.783,"LCD (LED)",303,3.4281405039189154,151889,85
"SAMSUNG ELECTRONICS","QA85QN800D*","Australia,Fiji,New Zealand",214.783,"LCD (LED)",294,3.5635163480816754,158741,85
"SAMSUNG ELECTRONICS","QA85QN800DS","Australia,Fiji,New Zealand",214.783,"LCD (LED)",294,3.5635163480816754,158741,85
"SAMSUNG ELECTRONICS","QA85QN800DW","Australia,Fiji,New Zealand",214.783,"LCD (LED)",294,3.5635163480816754,158741,85
"SAMSUNG ELECTRONICS","QA85QN900B*","Australia,Fiji,New Zealand",214.783,"LCD (LED)",439,1.7715161200342038,144049,85
"SAMSUNG ELECTRONICS","QA85QN900BS","Australia,Fiji,New Zealand",214.783,"LCD (LED)",439,1.7715161200342038,144049,85
"SAMSUNG ELECTRONICS","QA85QN900BW","Australia,Fiji,New Zealand",214.783,"LCD (LED)",439,1.7715161200342038,144049,85
"SAMSUNG ELECTRONICS","QA85QN900C*","Australia,Fiji,New Zealand",214.783,"LCD (LED)",373,2.497368724741504,151864,85
"SAMSUNG ELECTRONICS","QA85QN900CS","Australia,Fiji,New Zealand",214.783,"LCD (LED)",373,2.497368724741504,151864,85
"SAMSUNG ELECTRONICS","QA85QN900CW","Australia,Fiji,New Zealand",214.783,"LCD (LED)",373,2.497368724741504,151864,85
"SAMSUNG ELECTRONICS","QA85QN900D*","Australia,Fiji,New Zealand",214.783,"LCD (LED)",338,2.9386332589243565,159290,85
"SAMSUNG ELECTRONICS","QA85QN900DS","Australia,Fiji,New Zealand",214.783,"LCD (LED)",338,2.9386332589243565,159290,85
"SAMSUNG ELECTRONICS","QA85QN900DW","Australia,Fiji,New Zealand",214.783,"LCD (LED)",338,2.9386332589243565,159290,85
"SAMSUNG","QA85QN900F*","Australia,Fiji,New Zealand",214.783,"LCD (LED)",286,3.685955601603823,166959,85
"SAMSUNG","QA85QN900FS","Australia,Fiji,New Zealand",214.783,"LCD (LED)",286,3.685955601603823,166959,85
"SAMSUNG","QA85QN900FW","Australia,Fiji,New Zealand",214.783,"LCD (LED)",286,3.685955601603823,166959,85
"SAMSUNG","QA85QN990F*","Australia,Fiji,New Zealand",214.783,"LCD (LED)",330,3.0449459610302894,167369,85
"SAMSUNG","QA85QN990FS","Australia,Fiji,New Zealand",214.783,"LCD (LED)",330,3.0449459610302894,167369,85
"SAMSUNG","QA85QN990FW","Australia,Fiji,New Zealand",214.783,"LCD (LED)",330,3.0449459610302894,167369,85
"SAMSUNG","QA85QN990H*","Australia,Fiji,New Zealand",214.783,"LCD (LED)",329,3.059809722973934,178742,85
"SAMSUNG","QA85QN990HS","Australia,Fiji,New Zealand",214.783,"LCD (LED)",329,3.059809722973934,178742,85
"SAMSUNG","QA85QN990HW","Australia,Fiji,New Zealand",214.783,"LCD (LED)",329,3.059809722973934,178742,85
"SAMSUNG","QA98LS03HE*","Australia,Fiji,New Zealand",246.073,"LCD (LED)",202,6.451451697702106,176855,97
"SAMSUNG","QA98LS03HES","Australia,Fiji,New Zealand",246.073,"LCD (LED)",202,6.451451697702106,176855,97
"SAMSUNG","QA98LS03HEW","Australia,Fiji,New Zealand",246.073,"LCD (LED)",202,6.451451697702106,176855,97
"SAMSUNG","QA98Q7FAA*","Australia,Fiji,New Zealand",247.688,"LCD (LED)",293,4.815246228867595,172486,98
"SAMSUNG","QA98Q7FAAS","Australia,Fiji,New Zealand",247.688,"LCD (LED)",293,4.815246228867595,172486,98
"SAMSUNG","QA98Q7FAAW","Australia,Fiji,New Zealand",247.688,"LCD (LED)",293,4.815246228867595,172486,98
"SAMSUNG ELECTRONICS","QA98Q80CA*","Australia,Fiji,New Zealand",247.702,"LCD (LED)",289,4.878897864259041,153032,98
"SAMSUNG ELECTRONICS","QA98Q80CAS","Australia,Fiji,New Zealand",247.702,"LCD (LED)",289,4.878897864259041,153032,98
"SAMSUNG ELECTRONICS","QA98Q80CAW","Australia,Fiji,New Zealand",247.702,"LCD (LED)",289,4.878897864259041,153032,98
"SAMSUNG ELECTRONICS","QA98QN90DA*","Australia,Fiji,New Zealand",247.697,"LCD (LED)",256,5.422817343081843,158416,98
"SAMSUNG ELECTRONICS","QA98QN90DAS","Australia,Fiji,New Zealand",247.697,"LCD (LED)",256,5.422817343081843,158416,98
"SAMSUNG ELECTRONICS","QA98QN90DAW","Australia,Fiji,New Zealand",247.697,"LCD (LED)",256,5.422817343081843,158416,98
"SAMSUNG","QA98QN90FA*","Australia,Fiji,New Zealand",247.688,"LCD (LED)",242,5.673423805130912,166962,98
"SAMSUNG","QA98QN90FAS","Australia,Fiji,New Zealand",247.688,"LCD (LED)",242,5.673423805130912,166962,98
"SAMSUNG","QA98QN90FAW","Australia,Fiji,New Zealand",247.688,"LCD (LED)",242,5.673423805130912,166962,98
"SAMSUNG ELECTRONICS","QA98QN100B*","Australia,Fiji,New Zealand",247.702,"LCD (LED)",438,3.0196798283056934,148096,98
"SAMSUNG ELECTRONICS","QA98QN100BS","Australia,Fiji,New Zealand",247.702,"LCD (LED)",438,3.0196798283056934,148096,98
"SAMSUNG ELECTRONICS","QA98QN100BW","Australia,Fiji,New Zealand",247.702,"LCD (LED)",438,3.0196798283056934,148096,98
"SAMSUNG ELECTRONICS","QA98QN990CW","Australia,Fiji,New Zealand",247.688,"LCD (LED)",389,3.550101644601151,154520,98
"SAMSUNG","QA98QN990F*","Australia,Fiji,New Zealand",247.688,"LCD (LED)",358,3.920895160288047,168672,98
"SAMSUNG","QA98QN990FS","Australia,Fiji,New Zealand",247.688,"LCD (LED)",358,3.920895160288047,168672,98
"SAMSUNG","QA98QN990FW","Australia,Fiji,New Zealand",247.688,"LCD (LED)",358,3.920895160288047,168672,98
"SAMSUNG","QA100QN80F*","Australia,Fiji,New Zealand",252.784,"LCD (LED)",282,5.167745019126502,167372,100
"SAMSUNG","QA100QN80FS","Australia,Fiji,New Zealand",252.784,"LCD (LED)",282,5.167745019126502,167372,100
"SAMSUNG","QA100QN80FW","Australia,Fiji,New Zealand",252.784,"LCD (LED)",282,5.167745019126502,167372,100
"SAMSUNG","QA100QN80H*","Australia,Fiji,New Zealand",252.784,"LCD (LED)",278,5.228955611369014,176204,100
"SAMSUNG","QA100QN80HS","Australia,Fiji,New Zealand",252.784,"LCD (LED)",278,5.228955611369014,176204,100
"SAMSUNG","QA100QN80HW","Australia,Fiji,New Zealand",252.784,"LCD (LED)",278,5.228955611369014,176204,100
"SAMSUNG","QA115QN90F*","Australia,Fiji,New Zealand",290.784,"LCD (LED)",428,4.529489082228129,170147,114
"SAMSUNG","QA115QN90FS","Australia,Fiji,New Zealand",290.784,"LCD (LED)",428,4.529489082228129,170147,114
"SAMSUNG","QA115QN90FW","Australia,Fiji,New Zealand",290.784,"LCD (LED)",428,4.529489082228129,170147,114
"Q.BELL","QT32WY8A","Australia,Fiji,New Zealand",80.039,"LCD (LED)",34.8,5.0167187257265855,158915,32
"QBELL","QT50WX8A","Australia,Fiji,New Zealand",125.731,"LCD (LED)",94.37,3.4842171489595257,164193,50
"QBELL","QT70WX8A","Australia,Fiji,New Zealand",176.538,"LCD (LED)",128.9,4.9068324559328165,164195,70
"QBELL","QTF40T","Australia,Fiji,New Zealand",100.337,"LCD (LED)",42.1,5.572538474564652,180596,40
"QBELL","QTF50T","Australia,Fiji,New Zealand",125.731,"LCD (LED)",55.52,6.003308177326366,175866,50
"QBELL","QTH32T","Australia,Fiji,New Zealand",80.039,"LCD (LED)",35.3,5.0167187257265855,165499,32
"QBELL","QTU50T","Australia,Fiji,New Zealand",125.731,"LCD (LED)",67.76,5.501756976116015,173859,50
"QBELL","QTU55T","Australia,Fiji,New Zealand",138.783,"LCD",82,5.552808910591775,172867,55
"QBELL","QTU70T","Australia,Fiji,New Zealand",176.538,"LCD",142.28,5.1409897508048665,181234,70
"SYLVOX","R*40G3KO**","Australia,New Zealand",100.353,"LCD",24.48,8.250935841299443,160817,40
"SYLVOX","RQ40G3KOCA","Australia,New Zealand",100.353,"LCD",24.48,8.250935841299443,160817,40
"SYLVOX","RT22R3KECA","Australia,Fiji,New Zealand",54.485,"LCD (LED)",17.8,5.406335965700415,154085,21
"SYLVOX","RT24R3KECA","Australia,Fiji,New Zealand",60.47,"LCD (LED)",21,5.409893958839594,154113,24
"SYLVOX","RT27R2KECA","Australia,New Zealand",68.642,"LCD",15.3,7.535523401336893,160314,27
"SYLVOX","RT32R3KECA","Australia,Fiji,New Zealand",80.131,"LCD (LED)",31.4,5.494129989355613,154533,32
"SYLVOX","RT40G3KOCA","Australia,New Zealand",100.353,"LCD",24.48,8.250935841299443,160817,40
"SYLVOX","RT40G3KOFA","Australia,New Zealand",100.353,"LCD",24.48,8.250935841299443,160817,40
"RCA","RT-24G01A","Australia,New Zealand",59.54,"LCD",23.89,4.716505623764874,169104,23
"SPHERE","S8LED185","Australia,New Zealand",46.995,"LCD (LED)",17.74,4.716688671366295,148553,19
"SPHERE","S8LED185S","Australia,New Zealand",46.995,"LCD (LED)",17.74,4.716688671366295,148553,19
"SPHERE","S8LED215","Australia,New Zealand",54.687,"LCD (LED)",24.81,4.076493871316421,148579,22
"SPHERE","S8LED215 series","Australia,New Zealand",54.687,"LCD (LED)",24.81,4.076493871316421,148579,22
"SPHERE","S8LED215S","Australia,New Zealand",54.687,"LCD (LED)",24.81,4.076493871316421,148579,22
"SPHERE","S8LED238","Australia,New Zealand",60.47,"LCD (LED)",26.67,4.353523151201296,148581,24
"SPHERE","S8LED238S","Australia,New Zealand",60.47,"LCD (LED)",26.67,4.353523151201296,148581,24
"SAMSUNG","S32F6000FS","Australia,Fiji,New Zealand",80.008,"LCD (LED)",36,4.91366815087741,165781,31
"SAMSUNG","S32F6000FW","Australia,Fiji,New Zealand",80.008,"LCD (LED)",36,4.91366815087741,165781,31
"SPHERE","S924","Australia,New Zealand",60.47,"LCD (LED)",19.64,5.702901571552478,164202,24
"SPHERE","S924TVDVDSB","Australia,New Zealand",60.47,"LCD (LED)",19.64,5.702901571552478,164202,24
"SPHERE","S924TVSB","Australia,New Zealand",60.47,"LCD (LED)",19.64,5.702901571552478,164202,24
"SPHERE","S927","Australia,New Zealand",68.599,"LCD (LED)",24.6,5.537230124415072,164205,27
"SPHERE","S927TVDVDSB","Australia,New Zealand",68.599,"LCD (LED)",24.6,5.537230124415072,164205,27
"SPHERE","S927TVSB","Australia,New Zealand",68.599,"LCD (LED)",24.6,5.537230124415072,164205,27
"DYNALINK","S 8866","Australia,Fiji,New Zealand",59.823,"LCD",19.8,5.522126954239557,159165,24
"SVISION","SC32HSG","Australia,Fiji,New Zealand",79.994,"LCD (LED)",28.86,5.048057871940883,156318,31
"SMARTTECH","SMT-F40T1","Australia,Fiji,New Zealand",100.305,"LCD (LED)",35.9,6.022503316218213,148618,39
"SMARTTECH","SMT-H32T1","Australia,Fiji,New Zealand",79.967,"LCD (LED)",25.8,5.793854274363063,148613,31
"SMARTTECH","SMT-U50T1","Australia,Fiji,New Zealand",125.731,"LCD (LED)",50.6,6.371851645208939,148437,50
"SMARTTECH","SMT-U55T1","Australia,Fiji,New Zealand",138.783,"LCD (LED)",53.64,6.453747698931702,148468,55
"SMARTTECH","SMT-U65T1","Australia,Fiji,New Zealand",163.896,"LCD (LED)",99.95,5.8431668676196225,148475,65
"SHARETV","ST1922G","Australia,New Zealand",54.392,"LCD",28.1,3.44650912314627,142168,21
"THOMSON","STVLED43FHD-W","Australia,Fiji,New Zealand",107.95,"LCD (LED)",49.14,5.506827258294353,160117,42
"THOMSON","STVLED43FHDB","Australia,Fiji,New Zealand",107.953,"LCD (LED)",41.53,6.316078253768346,154747,43
"SVISION","SV43FWOS","Australia,Fiji,New Zealand",108.593,"LCD (LED)",43,6.459455558274884,165561,43
"SVISION","SV500FTS","Australia,Fiji,New Zealand",125.731,"LCD (LED)",47.9,6.082627418214837,168888,50
"SVISION","SVU50WOS","Australia,Fiji,New Zealand",125.731,"LCD",85.767,4.554792152697652,162206,50
"S VISION","SVU550WOS","Australia,Fiji,New Zealand",140.219,"LCD (LED)",103.3,4.638361742226943,159389,55
"SKYWORTH","SW32LP70G","Australia,Fiji,New Zealand",80.054,"LCD (LED)",32.4,5.154958966766685,170311,32
"SKYWORTH","SW43G3F","Australia,New Zealand",107.987,"LCD (LED)",54.9,5.113003983576456,169473,43
"SKYWORTH","SW55G3F","Australia,New Zealand",138.783,"LCD (LED)",64.6,6.223880897558965,169474,55
"SKYWORTH","SW55G4F","Australia,Fiji,New Zealand",138.783,"LCD (LED)",64.3,6.223880897558965,168804,55
"SKYWORTH","SW65G4F","Australia,New Zealand",163.897,"LCD (LED)",121.6,4.773997339769842,169547,65
"ENGLAON","Smart LED TV","Australia",80.784,"LCD (LED)",38.46,4.54903877620938,149327,32
"LOEWE","Stella 65 DR+","Australia",163.965,"OLED",85,6.786685432458066,172436,65
"LOEWE","Stellar 42 DR+ OLED","Australia",105.531,"OLED",52,5.374959813342991,172440,42
"LOEWE","Stellar 48 DR+ OLED","Australia",120.713,"OLED",58,5.958735139152896,172441,48
"LOEWE","Stellar 55 DR+ OLED","Australia",138.711,"OLED",70,6.254009015635187,172435,55
"TENET","T-185J201","Australia",47.013,"LCD (LED)",15.3,5.364387670240893,171507,19
"TENET","T-185J201-MB2","Australia",47.013,"LCD (LED)",13.7,5.940776174701802,180314,19
"PANASONIC","TH-32JS610Z","New Zealand",80.054,"LCD (LED)",28.33,5.409034620500062,142151,32
"PANASONIC","TH-32MS600Z","New Zealand",80.054,"LCD (LED)",23.298,6.455960914384086,152958,32
"PANASONIC","TH-42MZ980Z","New Zealand",105.52,"OLED",60,4.705189047533716,152462,42
"PANASONIC","TH-43JS610Z","New Zealand",108.124,"LCD (LED)",38.85,6.080700583060862,142153,43
"PANASONIC","TH-43LX650Z","New Zealand",108.124,"LCD (LED)",56,5.054569779475225,147395,43
"PANASONIC","TH-43LX800Z","New Zealand",108.124,"LCD (LED)",56,5.054569779475225,147401,43
"PANASONIC","TH-43MS600Z","New Zealand",108.124,"LCD (LED)",35.598,6.8508337816881255,152959,43
"PANASONIC","TH-43NX800Z","New Zealand",108.124,"LCD (LED)",51.888,5.160019823949335,156395,43
"PANASONIC","TH-48LZ980Z","New Zealand",120.703,"OLED",77,4.67338811583935,146510,48
"PANASONIC","TH-48MZ980Z","New Zealand",120.703,"OLED",78,4.610928287797283,152463,48
"PANASONIC","TH-49LX900Z","New Zealand",123.219,"LCD (LED)",75,4.950744667071304,144480,49
"PANASONIC","TH-50LX650Z","New Zealand",125.676,"LCD (LED)",64.17,5.2369011346465655,147396,49
"PANASONIC","TH-50LX800Z","New Zealand",125.676,"LCD (LED)",80.28,4.617791428508175,147402,49
"PANASONIC","TH-55LX650Z","New Zealand",138.798,"LCD (LED)",77.67,5.154397771806109,147399,55
"PANASONIC","TH-55LX800Z","New Zealand",138.798,"LCD (LED)",97.96,4.522165303383788,148197,55
"PANASONIC","TH-55LX900Z","New Zealand",138.818,"LCD (LED)",77,5.813818228446395,144488,55
"PANASONIC","TH-55LX950Z","New Zealand",138.818,"LCD (LED)",81,5.598914446376031,144497,55
"PANASONIC","TH-55LZ980Z","New Zealand",138.818,"OLED",96,4.842211692706378,146532,55
"PANASONIC","TH-55LZ1500Z","New Zealand",138.818,"OLED",95,4.880351668599854,146534,55
"PANASONIC","TH-55LZ2000Z","New Zealand",138.818,"OLED",107,4.351098007717853,146538,55
"PANASONIC","TH-55MX950Z","New Zealand",138.818,"LCD (LED)",76.53,5.451486016052559,155228,55
"PANASONIC","TH-55MZ980Z","New Zealand",138.818,"OLED",99,4.705078263268265,152464,55
"PANASONIC","TH-55MZ1500Z","New Zealand",138.818,"OLED",98,4.742064058771265,152466,55
"PANASONIC","TH-55MZ2000Z","New Zealand",138.818,"OLED",106,4.3967108199896465,153604,55
"PANASONIC","TH-55NX800Z","New Zealand",138.798,"LCD (LED)",83.91,5.047053235603204,156427,55
"PANASONIC","TH-65LX650Z","New Zealand",163.867,"LCD (LED)",93.65,6.0873976439379245,147398,65
"PANASONIC","TH-65LX800Z","New Zealand",163.867,"LCD (LED)",120.81,5.149211315232029,147404,65
"PANASONIC","TH-65LX900Z","New Zealand",163.853,"LCD (LED)",87,6.667999301808216,144494,65
"PANASONIC","TH-65LX950Z","New Zealand",163.853,"LCD (LED)",87,6.667999301808216,144499,65
"PANASONIC","TH-65LZ980Z","New Zealand",163.853,"OLED",125,5.055649922970425,146533,65
"PANASONIC","TH-65LZ1500Z","New Zealand",163.853,"OLED",121,5.1941595831467815,146535,65
"PANASONIC","TH-65LZ2000Z","New Zealand",163.853,"OLED",133,4.772518722227953,146539,65
"PANASONIC","TH-65MX950Z","New Zealand",163.853,"LCD (LED)",91.87,6.031360323573905,155229,65
"PANASONIC","TH-65MZ980Z","New Zealand",163.853,"OLED",124,5.084972296619138,152465,65
"PANASONIC","TH-65MZ1500Z","New Zealand",163.853,"OLED",124,5.084972296619138,152467,65
"PANASONIC","TH-65MZ2000Z","New Zealand",163.853,"OLED",132,4.809251879677063,153606,65
"PANASONIC","TH-65NX800Z","New Zealand",163.867,"LCD",113.136,5.089853889610663,156428,65
"PANASONIC","TH-75LX650Z","New Zealand",189.306,"LCD (LED)",118.27,6.534122799891754,147400,75
"PANASONIC","TH-75LX800Z","New Zealand",189.306,"LCD (LED)",160.49,5.018896730900075,147405,75
"PANASONIC","TH-75LX900Z","New Zealand",189.301,"LCD (LED)",140,5.777103744055873,144495,75
"PANASONIC","TH-75MX950Z","New Zealand",189.321,"LCD (LED)",107.18,6.566521370096463,155231,75
"PANASONIC","TH-75NX800Z","New Zealand",189.306,"LCD (LED)",98.826,6.932494275476429,156434,75
"PANASONIC","TH-77LZ2000Z","New Zealand",194.712,"OLED",187,4.728380984251501,146540,77
"PANASONIC","TH-77MZ2000Z","New Zealand",194.712,"OLED",183,4.827312598314211,152977,77
"TELEFUNKEN","TL24HSWDTA","Australia,Fiji,New Zealand",60.47,"LCD",28.7,4.050316322792688,161047,24
"TELEFUNKEN","TL55QGG","Australia,Fiji,New Zealand",138.783,"LCD (LED)",103,4.53503722787905,161547,55
"TELEFUNKEN","TL320QT","Australia,Fiji,New Zealand",80.039,"LCD (LED)",35.1,5.016707910976807,176010,32
"TELEFUNKEN","TL320QT2","Australia,Fiji,New Zealand",80.039,"LCD (LED)",35.1,5.016707910976807,176010,32
"TELEFUNKEN","TL320QT3","Australia,Fiji,New Zealand",80.039,"LCD (LED)",35.1,5.016707910976807,176010,32
"TELEFUNKEN","TL320TQ","Australia,Fiji,New Zealand",80.131,"LCD (LED)",38.12,4.570737326913083,172500,32
"TELEFUNKEN","TL320TQ1","Australia,Fiji,New Zealand",80.039,"LCD (LED)",35.1,5.016707910976807,176010,32
"TELEFUNKEN","TL320TQ3","Australia,Fiji,New Zealand",80.039,"LCD (LED)",32.52,5.016707910976807,180726,32
"TELEFUNKEN","TL320TQ4","Australia,Fiji,New Zealand",80.039,"LCD (LED)",32.52,5.016707910976807,180726,32
"TELEFUNKEN","TL320TQ*","Australia,Fiji,New Zealand",80.039,"LCD (LED)",32.52,5.016707910976807,180726,32
"TELEFUNKEN","TL400TQ","Australia,Fiji,New Zealand",100.337,"LCD (LED)",43.5,5.572538474564652,172318,40
"TELEFUNKEN","TL430TQZ","Australia,Fiji,New Zealand",107.953,"LCD (LED)",58.3,5.047679210920771,175849,43
"TELEFUNKEN","TL430TQZ1","Australia,Fiji,New Zealand",107.953,"LCD (LED)",58.3,5.047679210920771,175849,43
"TELEFUNKEN","TL430TQZ2","Australia,Fiji,New Zealand",107.953,"LCD (LED)",58.3,5.047679210920771,175849,43
"TELEFUNKEN","TL430TQZ3","Australia,Fiji,New Zealand",107.953,"LCD (LED)",58.3,5.047679210920771,175849,43
"TELEFUNKEN","TL500TQZ","Australia,Fiji,New Zealand",125.731,"LCD (LED)",55.52,6.003308177326366,175211,50
"TELEFUNKEN","TL500TQZ1","Australia,Fiji,New Zealand",125.731,"LCD (LED)",55.52,6.003308177326366,175211,50
"TELEFUNKEN","TL500TQZ2","Australia,Fiji,New Zealand",125.731,"LCD (LED)",55.52,6.003308177326366,175211,50
"TELEFUNKEN","TL500TQZ3","Australia,Fiji,New Zealand",125.731,"LCD (LED)",55.52,6.003308177326366,175211,50
"PANASONIC","TN43W70BGZ","New Zealand",107.987,"LCD (LED)",55.9,4.806637331227508,171125,43
"PANASONIC","TN-32S60BGZ","Fiji,New Zealand",80.038,"LCD (LED)",21.68,6.748617205916893,169442,32
"PANASONIC","TN-43S60BGZ","New Zealand",107.95,"LCD (LED)",35.67,6.811478075798014,169443,42
"PANASONIC","TN-43W","New Zealand",107.987,"LCD (LED)",55.9,4.806637331227508,171125,43
"PANASONIC","TN-43W68BGZ","New Zealand",107.987,"LCD (LED)",55.9,4.806637331227508,171125,43
"PANASONIC","TN-43W70AGZ","New Zealand",108.124,"LCD (LED)",42.804,6.0285904596598705,156435,43
"PANASONIC","TN-50W68BGZ","New Zealand",125.812,"LCD (LED)",72.7,4.850355399822925,170963,50
"PANASONIC","TN-50W70AGZ","New Zealand",125.676,"LCD (LED)",54.39,6.154670935475992,156436,49
"PANASONIC","TN-50W70BGZ","New Zealand",125.812,"LCD (LED)",72.7,4.850355399822925,170963,50
"PANASONIC","TN-50W series","New Zealand",125.812,"LCD (LED)",72.7,4.850355399822925,170963,50
"PANASONIC","TN-55W","New Zealand",138.783,"LCD (LED)",73.9,5.597548917306669,171136,55
"PANASONIC","TN-55W68BGZ","New Zealand",138.783,"LCD (LED)",73.9,5.597548917306669,171136,55
"PANASONIC","TN-55W70AGZ","New Zealand",138.798,"LCD (LED)",62.358,6.362873505749178,156438,55
"PANASONIC","TN-55W70BGZ","New Zealand",138.783,"LCD (LED)",73.9,5.597548917306669,171136,55
"PANASONIC","TN-65W","New Zealand",163.916,"LCD (LED)",111.9,5.134600946592181,171138,65
"PANASONIC","TN-65W68BGZ","New Zealand",163.916,"LCD (LED)",111.9,5.134600946592181,171138,65
"PANASONIC","TN-65W70AGZ","New Zealand",163.867,"LCD (LED)",75.576,6.892196061447218,156441,65
"PANASONIC","TN-65W70BGZ","New Zealand",163.916,"LCD (LED)",111.9,5.134600946592181,171138,65
"PANASONIC","TN-75W","New Zealand",189.338,"LCD (LED)",160.3,4.763834232115938,171140,75
"PANASONIC","TN-75W68BGZ","New Zealand",189.338,"LCD (LED)",160.3,4.763834232115938,171140,75
"PANASONIC","TN-75W70AGZ","New Zealand",189.306,"LCD (LED)",102.546,6.766701504595493,156442,75
"PANASONIC","TN-75W70BGZ","New Zealand",189.338,"LCD (LED)",160.3,4.763834232115938,171140,75
"PANASONIC","TN-85W80AGZ","New Zealand",217.086,"LCD (LED)",119.346,7.2934680150976785,156443,85
"STAN CASH","TV185CLEARA","Australia",46.787,"LCD (LED)",16.1569,5.185512454710998,142214,18
"PANASONIC","TV-42Z85AGZ","New Zealand",105.52,"OLED",73,3.8315494183737586,161317,42
"PANASONIC","TV-48Z85AGZ","New Zealand",120.703,"OLED",84,4.28214341530283,161318,48
"PANASONIC","TV-55W95AGZ","New Zealand",138.783,"LCD (LED)",72.6,5.642740091361378,162755,55
"PANASONIC","TV-55W95BGZ","New Zealand",138.798,"LCD (LED)",78.3,5.34866930964935,169300,55
"PANASONIC","TV-55Z85AGZ","New Zealand",138.818,"OLED",103,4.524594001452291,161333,55
"PANASONIC","TV-55Z95AGZ","New Zealand",138.818,"OLED",122,3.7668919345623704,161338,55
"PANASONIC","TV-55Z95BGZ","New Zealand",138.783,"OLED",83.4,5.048116404602346,169537,55
"PANASONIC","TV-65W95AGZ","New Zealand",163.897,"LCD (LED)",93.25,5.913327322137348,162760,65
"PANASONIC","TV-65W95BGZ","New Zealand",163.897,"LCD (LED)",100.68,5.616738393210111,169302,65
"PANASONIC","TV-65Z85AGZ","New Zealand",163.853,"OLED",140,4.549516492201622,161335,65
"PANASONIC","TV-65Z95AGZ","New Zealand",163.853,"OLED",146,4.353715810350296,161342,65
"PANASONIC","TV-65Z95BGZ","New Zealand",163.897,"OLED",95.8,5.8199610259565295,169538,65
"PANASONIC","TV-75W95AGZ","New Zealand",189.321,"LCD (LED)",109.77,6.423593808048994,162772,75
"PANASONIC","TV-75W95BGZ","New Zealand",189.306,"LCD (LED)",102.6,6.766701504595493,169305,75
"PANASONIC","TV-77Z90BGZ","New Zealand",194.738,"OLED",136.8,5.701502244502283,169540,77
"PANASONIC","TV-77Z93AGZ","New Zealand",194.712,"OLED",170,5.152245541075576,161347,77
"PANASONIC","TV-77Z95BGZ","New Zealand",194.738,"OLED",101.9,7.009675422002095,169539,77
"PANASONIC","TV-85W95BGZ","New Zealand",214.783,"LCD (LED)",125.64,6.944609223008149,169306,85
"BAUHN","Tizen TV","Australia,Fiji,New Zealand",163.878,"LCD (LED)",96.3,6.15677413639015,148363,65
"CHIQ","U43G7P","Australia,Fiji,New Zealand",107.863,"LCD (LED)",65,4.549090282769516,146557,42
"CHIQ","U43G7PG","Australia,Fiji,New Zealand",107.95,"LCD (LED)",52.9,5.067119924693827,155421,42
"CHIQ","U43QM10","Australia,Fiji,New Zealand",107.987,"LCD (LED)",53.7,5.070976566673033,169686,43
"CHIQ","U50G7PG","Australia,Fiji,New Zealand",125.638,"LCD (LED)",69.9,5.141294446384899,155422,49
"CHIQ","U50QM10","Australia,Fiji,New Zealand",125.731,"LCD (LED)",68.2,5.1471093957013325,176152,50
"CHIQ","U55G7PG","Australia,Fiji,New Zealand",138.798,"LCD (LED)",82.3,5.292298502011051,155423,55
"CHIQ","U55M10F","Australia,Fiji,New Zealand",138.783,"LCD (LED)",74.4,5.657905656148303,169705,55
"CHIQ","U58G7PG","Australia,Fiji,New Zealand",146.039,"LCD (LED)",86.5,5.346992914065456,155424,57
"CHIQ","U65G7P","Australia,Fiji,New Zealand",163.829,"LCD (LED)",138,4.62589592565582,146559,64
"CHIQ","U65G7PG","Australia,Fiji,New Zealand",163.829,"LCD (LED)",90.1,5.634761250243758,160148,64
"CHIQ","U65M10F","Australia,Fiji,New Zealand",163.896,"LCD (LED)",94.1,6.0207893291425405,169287,65
"CHIQ","U65QM8VG","Australia,Fiji,New Zealand",163.829,"LCD (LED)",158,4.021953721223637,155426,64
"CHIQ","U65QM10","Australia,Fiji,New Zealand",163.896,"LCD (LED)",136.6,4.507742024035239,169286,65
"CHIQ","U70M9Q","Australia,Fiji,New Zealand",176.539,"LCD (LED)",123.6,5.509077110635397,160834,70
"CHIQ","U75F8T","Australia,Fiji,New Zealand",189.324,"LCD (LED)",138,5.857093446876125,142654,75
"CHIQ","U75F8TG","Australia,Fiji,New Zealand",189.306,"LCD (LED)",137.7,5.632024320830119,155202,75
"CHIQ","U75M9","Australia,Fiji,New Zealand",189.34,"LCD",154.23,5.035437844893429,165660,75
"CHIQ","U75M10F","Australia,Fiji,New Zealand",189.34,"LCD",136.1,5.63384811414874,169012,75
"CHIQ","U75QM10","Australia,Fiji,New Zealand",189.34,"LCD (LED)",140.8,5.517441046813487,178932,75
"CHIQ","U85F8TG","Australia,Fiji,New Zealand",214.783,"LCD (LED)",248.9,4.00984086202183,159406,85
"CHIQ","U98F8TG","Australia,Fiji,New Zealand",247.604,"LCD (LED)",337,4.189669496698741,153957,97
"CHIQ","U98F8TG PRO","Australia,Fiji,New Zealand",247.691,"LCD (LED)",299.4,4.191691627513516,162443,98
"SAMSUNG","UA32F6000FS","Australia,Fiji,New Zealand",80.008,"LCD (LED)",36,4.91366815087741,165781,31
"SAMSUNG","UA32F6000FW","Australia,Fiji,New Zealand",80.008,"LCD (LED)",36,4.91366815087741,165781,31
"SAMSUNG ELECTRONICS","UA32T5300A","Australia,Fiji,New Zealand",79.967,"LCD (LED)",31,5.555846834752298,172207,31
"SAMSUNG ELECTRONICS","UA32T5300AS","Australia,Fiji,New Zealand",79.967,"LCD (LED)",31,5.555846834752298,172207,31
"SAMSUNG ELECTRONICS","UA32T5300AW","Australia,Fiji,New Zealand",79.967,"LCD (LED)",31,5.555846834752298,172207,31
"SAMSUNG ELECTRONICS","UA43AU7002S","Australia,Fiji,New Zealand",107.956,"LCD (LED)",64,4.611447961772836,141379,43
"SAMSUNG ELECTRONICS","UA43BU8*00*","Australia,Fiji,New Zealand",107.987,"LCD (LED)",73,4.029236682652612,143639,43
"SAMSUNG ELECTRONICS","UA43BU8000S","Australia,Fiji,New Zealand",107.987,"LCD (LED)",73,4.029236682652612,143639,43
"SAMSUNG ELECTRONICS","UA43BU8000W","Australia,Fiji,New Zealand",107.987,"LCD (LED)",73,4.029236682652612,143639,43
"SAMSUNG ELECTRONICS","UA43BU8500S","Australia,Fiji,New Zealand",107.987,"LCD (LED)",73,4.029236682652612,143639,43
"SAMSUNG ELECTRONICS","UA43CU7*00S","Australia,Fiji,New Zealand",107.987,"LCD (LED)",70,4.2156364107821895,151606,43
"SAMSUNG ELECTRONICS","UA43CU8*00*","Australia,Fiji,New Zealand",107.987,"LCD (LED)",70,4.2156364107821895,151712,43
"SAMSUNG ELECTRONICS","UA43CU7000S","Australia,Fiji,New Zealand",107.987,"LCD (LED)",70,4.2156364107821895,151606,43
"SAMSUNG ELECTRONICS","UA43CU7100S","Australia,Fiji,New Zealand",107.987,"LCD (LED)",70,4.2156364107821895,151606,43
"SAMSUNG ELECTRONICS","UA43CU8000S","Australia,Fiji,New Zealand",107.987,"LCD (LED)",70,4.2156364107821895,151712,43
"SAMSUNG ELECTRONICS","UA43CU8000W","Australia,Fiji,New Zealand",107.987,"LCD (LED)",70,4.2156364107821895,151712,43
"SAMSUNG ELECTRONICS","UA43CU8500S","Australia,Fiji,New Zealand",107.987,"LCD (LED)",70,4.2156364107821895,151712,43
"SAMSUNG ELECTRONICS","UA43DU7*00*","Australia,Fiji,New Zealand",107.987,"LCD (LED)",68,4.356241516253395,159056,43
"SAMSUNG ELECTRONICS","UA43DU8*00*","Australia,Fiji,New Zealand",107.987,"LCD (LED)",71,4.164026395642909,158085,43
"SAMSUNG ELECTRONICS","UA43DU7000S","Australia,Fiji,New Zealand",107.987,"LCD (LED)",68,4.356241516253395,159056,43
"SAMSUNG ELECTRONICS","UA43DU7700S","Australia,Fiji,New Zealand",107.987,"LCD (LED)",68,4.356241516253395,159056,43
"SAMSUNG ELECTRONICS","UA43DU7700W","Australia,Fiji,New Zealand",107.987,"LCD (LED)",68,4.356241516253395,159056,43
"SAMSUNG ELECTRONICS","UA43DU8000S","Australia,Fiji,New Zealand",107.987,"LCD (LED)",71,4.164026395642909,158085,43
"SAMSUNG ELECTRONICS","UA43DU8000W","Australia,Fiji,New Zealand",107.987,"LCD (LED)",71,4.164026395642909,158085,43
"SAMSUNG ELECTRONICS","UA43DU8500S","Australia,Fiji,New Zealand",107.987,"LCD (LED)",71,4.164026395642909,158085,43
"SAMSUNG ELECTRONICS","UA43DUE800*","Australia,Fiji,New Zealand",107.987,"LCD (LED)",71,4.164026395642909,162769,43
"SAMSUNG ELECTRONICS","UA43DUE800S","Australia,Fiji,New Zealand",107.987,"LCD (LED)",71,4.164026395642909,162769,43
"SAMSUNG ELECTRONICS","UA43DUE800W","Australia,Fiji,New Zealand",107.987,"LCD (LED)",71,4.164026395642909,162769,43
"SAMSUNG","UA43F6000FS","Australia,Fiji,New Zealand",107.987,"LCD (LED)",49,5.796777216979777,166107,43
"SAMSUNG","UA43M60HA*","Australia,Fiji",107.987,"LCD (LED)",47,5.972593664336952,181342,43
"SAMSUNG","UA43M60HAS","Australia,Fiji",107.987,"LCD (LED)",47,5.972593664336952,181342,43
"SAMSUNG","UA43M60HAW","Australia,Fiji",107.987,"LCD (LED)",47,5.972593664336952,181342,43
"SAMSUNG","UA43M70HA*","Australia,Fiji,New Zealand",107.987,"LCD (LED)",70,4.2156364107821895,175762,43
"SAMSUNG","UA43M70HAS","Australia,Fiji,New Zealand",107.987,"LCD (LED)",70,4.2156364107821895,175762,43
"SAMSUNG","UA43M70HAW","Australia,Fiji,New Zealand",107.987,"LCD (LED)",70,4.2156364107821895,175762,43
"SAMSUNG ELECTRONICS","UA43TU8000","Australia,Fiji,New Zealand",107.95,"LCD (LED)",69,4.281582860753533,167016,42
"SAMSUNG ELECTRONICS","UA43TU8000S","Australia,Fiji,New Zealand",107.95,"LCD (LED)",69,4.281582860753533,167016,42
"SAMSUNG ELECTRONICS","UA43TU8000W","Australia,Fiji,New Zealand",107.95,"LCD (LED)",69,4.281582860753533,167016,42
"SAMSUNG ELECTRONICS","UA43TU8500S","Australia,Fiji,New Zealand",107.95,"LCD (LED)",69,4.281582860753533,167016,42
"SAMSUNG","UA43U8*00H*","Australia,Fiji,New Zealand",107.987,"LCD (LED)",67,4.410126976514222,175782,43
"SAMSUNG","UA43U8000FS","Australia,Fiji,New Zealand",107.987,"LCD (LED)",68,4.356241516253395,167213,43
"SAMSUNG","UA43U8000FW","Australia,Fiji,New Zealand",107.987,"LCD (LED)",68,4.356241516253395,167213,43
"SAMSUNG","UA43U8000HS","Australia,Fiji,New Zealand",107.987,"LCD (LED)",67,4.410126976514222,175782,43
"SAMSUNG","UA43U8000HW","Australia,Fiji,New Zealand",107.987,"LCD (LED)",67,4.410126976514222,175782,43
"SAMSUNG","UA43U8500FS","Australia,Fiji,New Zealand",107.987,"LCD (LED)",68,4.356241516253395,167213,43
"SAMSUNG","UA43U8500FW","Australia,Fiji,New Zealand",107.987,"LCD (LED)",68,4.356241516253395,167213,43
"SAMSUNG","UA43U8500HS","Australia,Fiji,New Zealand",107.987,"LCD (LED)",67,4.410126976514222,175782,43
"SAMSUNG","UA43U8500HW","Australia,Fiji,New Zealand",107.987,"LCD (LED)",67,4.410126976514222,175782,43
"SAMSUNG","UA43U**00F*","Australia,Fiji,New Zealand",107.987,"LCD (LED)",68,4.356241516253395,167213,43
"SAMSUNG","UA43UE100FS","Australia,Fiji,New Zealand",107.987,"LCD (LED)",68,4.356241516253395,167213,43
"SAMSUNG ELECTRONICS","UA50AU7002S","Australia,Fiji,New Zealand",125.727,"LCD (LED)",71,5.380181735077315,142421,49
"SAMSUNG ELECTRONICS","UA50BU8*00*","Australia,Fiji,New Zealand",125.727,"LCD (LED)",94,4.13392447306466,143652,49
"SAMSUNG ELECTRONICS","UA50BU8000S","Australia,Fiji,New Zealand",125.727,"LCD (LED)",94,4.13392447306466,143652,49
"SAMSUNG ELECTRONICS","UA50BU8000W","Australia,Fiji,New Zealand",125.727,"LCD (LED)",94,4.13392447306466,143652,49
"SAMSUNG ELECTRONICS","UA50BU8500S","Australia,Fiji,New Zealand",125.727,"LCD (LED)",94,4.13392447306466,143652,49
"SAMSUNG ELECTRONICS","UA50CU7*00S","Australia,Fiji,New Zealand",125.727,"LCD (LED)",80,4.8485470457482105,151607,49
"SAMSUNG ELECTRONICS","UA50CU8*00*","Australia,Fiji,New Zealand",125.736,"LCD (LED)",89,4.373715618999169,151713,50
"SAMSUNG ELECTRONICS","UA50CU7000S","Australia,Fiji,New Zealand",125.727,"LCD (LED)",80,4.8485470457482105,151607,49
"SAMSUNG ELECTRONICS","UA50CU7100S","Australia,Fiji,New Zealand",125.727,"LCD (LED)",80,4.8485470457482105,151607,49
"SAMSUNG ELECTRONICS","UA50CU8000S","Australia,Fiji,New Zealand",125.736,"LCD (LED)",89,4.373715618999169,151713,50
"SAMSUNG ELECTRONICS","UA50CU8000W","Australia,Fiji,New Zealand",125.736,"LCD (LED)",89,4.373715618999169,151713,50
"SAMSUNG ELECTRONICS","UA50CU8500S","Australia,Fiji,New Zealand",125.736,"LCD (LED)",89,4.373715618999169,151713,50
"SAMSUNG ELECTRONICS","UA50DU7*00*","Australia,Fiji,New Zealand",125.727,"LCD (LED)",71,5.380181735077315,159059,49
"SAMSUNG ELECTRONICS","UA50DU8*00*","Australia,Fiji,New Zealand",125.736,"LCD (LED)",83,4.68485392446604,158215,50
"SAMSUNG ELECTRONICS","UA50DU7000S","Australia,Fiji,New Zealand",125.727,"LCD (LED)",71,5.380181735077315,159059,49
"SAMSUNG ELECTRONICS","UA50DU7000W","Australia,Fiji,New Zealand",125.727,"LCD (LED)",71,5.380181735077315,159059,49
"SAMSUNG ELECTRONICS","UA50DU7700S","Australia,Fiji,New Zealand",125.727,"LCD (LED)",71,5.380181735077315,159059,49
"SAMSUNG ELECTRONICS","UA50DU7700W","Australia,Fiji,New Zealand",125.727,"LCD (LED)",71,5.380181735077315,159059,49
"SAMSUNG ELECTRONICS","UA50DU8000S","Australia,Fiji,New Zealand",125.736,"LCD (LED)",83,4.68485392446604,158215,50
"SAMSUNG ELECTRONICS","UA50DU8000W","Australia,Fiji,New Zealand",125.736,"LCD (LED)",83,4.68485392446604,158215,50
"SAMSUNG ELECTRONICS","UA50DU8500S","Australia,Fiji,New Zealand",125.736,"LCD (LED)",83,4.68485392446604,158215,50
"SAMSUNG ELECTRONICS","UA50DUE800*","Australia,Fiji,New Zealand",125.727,"LCD (LED)",83,4.6844833952553016,162770,49
"SAMSUNG ELECTRONICS","UA50DUE800S","Australia,Fiji,New Zealand",125.727,"LCD (LED)",83,4.6844833952553016,162770,49
"SAMSUNG ELECTRONICS","UA50DUE800W","Australia,Fiji,New Zealand",125.727,"LCD (LED)",83,4.6844833952553016,162770,49
"SAMSUNG","UA50M60HA*","Australia,Fiji,New Zealand",125.727,"LCD (LED)",60,6.122605707955387,179298,49
"SAMSUNG","UA50M60HAS","Australia,Fiji,New Zealand",125.727,"LCD (LED)",60,6.122605707955387,179298,49
"SAMSUNG","UA50M60HAW","Australia,Fiji,New Zealand",125.727,"LCD (LED)",60,6.122605707955387,179298,49
"SAMSUNG","UA50M70HA*","Australia,Fiji,New Zealand",125.727,"LCD (LED)",73,5.245392022087018,175763,49
"SAMSUNG","UA50M70HAS","Australia,Fiji,New Zealand",125.727,"LCD (LED)",73,5.245392022087018,175763,49
"SAMSUNG","UA50M70HAW","Australia,Fiji,New Zealand",125.727,"LCD (LED)",73,5.245392022087018,175763,49
"SAMSUNG ELECTRONICS","UA50TU8000","Australia,Fiji,New Zealand",125.725,"LCD (LED)",91,4.2768165620335985,165566,49
"SAMSUNG ELECTRONICS","UA50TU8000S","Australia,Fiji,New Zealand",125.725,"LCD (LED)",91,4.2768165620335985,165566,49
"SAMSUNG ELECTRONICS","UA50TU8000W","Australia,Fiji,New Zealand",125.725,"LCD (LED)",91,4.2768165620335985,165566,49
"SAMSUNG","UA50U8*00H*","Australia,Fiji,New Zealand",125.727,"LCD (LED)",71,5.380181735077315,175784,49
"SAMSUNG","UA50U8000FS","Australia,Fiji,New Zealand",125.727,"LCD (LED)",71,5.380181735077315,167216,49
"SAMSUNG","UA50U8000FW","Australia,Fiji,New Zealand",125.727,"LCD (LED)",71,5.380181735077315,167216,49
"SAMSUNG","UA50U8000HS","Australia,Fiji,New Zealand",125.727,"LCD (LED)",71,5.380181735077315,175784,49
"SAMSUNG","UA50U8000HW","Australia,Fiji,New Zealand",125.727,"LCD (LED)",71,5.380181735077315,175784,49
"SAMSUNG","UA50U8500FS","Australia,Fiji,New Zealand",125.727,"LCD (LED)",71,5.380181735077315,167216,49
"SAMSUNG","UA50U8500FW","Australia,Fiji,New Zealand",125.727,"LCD (LED)",71,5.380181735077315,167216,49
"SAMSUNG","UA50U8500HS","Australia,Fiji,New Zealand",125.727,"LCD (LED)",71,5.380181735077315,175784,49
"SAMSUNG","UA50U8500HW","Australia,Fiji,New Zealand",125.727,"LCD (LED)",71,5.380181735077315,175784,49
"SAMSUNG","UA50U**00F*","Australia,Fiji,New Zealand",125.727,"LCD (LED)",71,5.380181735077315,167216,49
"SAMSUNG","UA50UE100FS","Australia,Fiji,New Zealand",125.727,"LCD (LED)",71,5.380181735077315,167216,49
"SAMSUNG ELECTRONICS","UA55AU7002S","Australia,Fiji,New Zealand",138.783,"LCD (LED)",77,5.828204631649972,142636,55
"SAMSUNG ELECTRONICS","UA55BU8*00*","Australia,Fiji,New Zealand",138.783,"LCD (LED)",113,4.1175971780535745,143656,55
"SAMSUNG ELECTRONICS","UA55BU8000S","Australia,Fiji,New Zealand",138.783,"LCD (LED)",113,4.1175971780535745,143656,55
"SAMSUNG ELECTRONICS","UA55BU8000W","Australia,Fiji,New Zealand",138.783,"LCD (LED)",113,4.1175971780535745,143656,55
"SAMSUNG ELECTRONICS","UA55BU8500S","Australia,Fiji,New Zealand",138.783,"LCD (LED)",113,4.1175971780535745,143656,55
"SAMSUNG ELECTRONICS","UA55CU7*00S","Australia,Fiji,New Zealand",138.783,"LCD (LED)",81,5.597548917306669,151610,55
"SAMSUNG ELECTRONICS","UA55CU8*00*","Australia,Fiji,New Zealand",138.783,"LCD (LED)",98,4.753095273755667,151714,55
"SAMSUNG ELECTRONICS","UA55CU7000S","Australia,Fiji,New Zealand",138.783,"LCD (LED)",81,5.597548917306669,151610,55
"SAMSUNG ELECTRONICS","UA55CU7100S","Australia,Fiji,New Zealand",138.783,"LCD (LED)",81,5.597548917306669,151610,55
"SAMSUNG ELECTRONICS","UA55CU8000S","Australia,Fiji,New Zealand",138.783,"LCD (LED)",98,4.753095273755667,151714,55
"SAMSUNG ELECTRONICS","UA55CU8000W","Australia,Fiji,New Zealand",138.783,"LCD (LED)",98,4.753095273755667,151714,55
"SAMSUNG ELECTRONICS","UA55CU8500S","Australia,Fiji,New Zealand",138.783,"LCD (LED)",98,4.753095273755667,151714,55
"SAMSUNG ELECTRONICS","UA55DU7*00*","Australia,Fiji,New Zealand",138.783,"LCD (LED)",79,5.719086403196216,159037,55
"SAMSUNG ELECTRONICS","UA55DU8*00*","Australia,Fiji,New Zealand",138.783,"LCD (LED)",97,4.803028047916603,158216,55
"SAMSUNG ELECTRONICS","UA55DU7000S","Australia,Fiji,New Zealand",138.783,"LCD (LED)",79,5.719086403196216,159037,55
"SAMSUNG ELECTRONICS","UA55DU7000W","Australia,Fiji,New Zealand",138.783,"LCD (LED)",79,5.719086403196216,159037,55
"SAMSUNG ELECTRONICS","UA55DU7700S","Australia,Fiji,New Zealand",138.783,"LCD (LED)",79,5.719086403196216,159037,55
"SAMSUNG ELECTRONICS","UA55DU7700W","Australia,Fiji,New Zealand",138.783,"LCD (LED)",79,5.719086403196216,159037,55
"SAMSUNG ELECTRONICS","UA55DU8000S","Australia,Fiji,New Zealand",138.783,"LCD (LED)",97,4.803028047916603,158216,55
"SAMSUNG ELECTRONICS","UA55DU8000W","Australia,Fiji,New Zealand",138.783,"LCD (LED)",97,4.803028047916603,158216,55
"SAMSUNG ELECTRONICS","UA55DU8500S","Australia,Fiji,New Zealand",138.783,"LCD (LED)",97,4.803028047916603,158216,55
"SAMSUNG ELECTRONICS","UA55DUE800*","Australia,Fiji,New Zealand",138.783,"LCD (LED)",97,4.803028047916603,162773,55
"SAMSUNG ELECTRONICS","UA55DUE800S","Australia,Fiji,New Zealand",138.783,"LCD (LED)",97,4.803028047916603,162773,55
"SAMSUNG ELECTRONICS","UA55DUE800W","Australia,Fiji,New Zealand",138.783,"LCD (LED)",97,4.803028047916603,162773,55
"SAMSUNG","UA55M1EHA*","Australia,Fiji,New Zealand",138.783,"LCD (LED)",84,5.4356409263487215,176629,55
"SAMSUNG","UA55M1EHAS","Australia,Fiji,New Zealand",138.783,"LCD (LED)",84,5.4356409263487215,176629,55
"SAMSUNG","UA55M1EHAW","Australia,Fiji,New Zealand",138.783,"LCD (LED)",84,5.4356409263487215,176629,55
"SAMSUNG","UA55M70HA*","Australia,Fiji,New Zealand",138.783,"LCD (LED)",84,5.4356409263487215,175766,55
"SAMSUNG","UA55M70HAS","Australia,Fiji,New Zealand",138.783,"LCD (LED)",84,5.4356409263487215,175766,55
"SAMSUNG","UA55M70HAW","Australia,Fiji,New Zealand",138.783,"LCD (LED)",84,5.4356409263487215,175766,55
"SAMSUNG","UA55M80HA*","Australia,Fiji,New Zealand",138.783,"LCD (LED)",75,5.940046232390322,175927,55
"SAMSUNG","UA55M80HAS","Australia,Fiji,New Zealand",138.783,"LCD (LED)",75,5.940046232390322,175927,55
"SAMSUNG","UA55M80HAW","Australia,Fiji,New Zealand",138.783,"LCD (LED)",75,5.940046232390322,175927,55
"SAMSUNG ELECTRONICS","UA55TU8000","Australia,Fiji,New Zealand",138.798,"LCD (LED)",102,4.581522729005154,165569,55
"SAMSUNG ELECTRONICS","UA55TU8000S","Australia,Fiji,New Zealand",138.798,"LCD (LED)",102,4.581522729005154,165569,55
"SAMSUNG ELECTRONICS","UA55TU8000W","Australia,Fiji,New Zealand",138.798,"LCD (LED)",102,4.581522729005154,165569,55
"SAMSUNG","UA55U8*00H*","Australia,Fiji,New Zealand",138.783,"LCD (LED)",79,5.719086403196216,175870,55
"SAMSUNG","UA55U8000FS","Australia,Fiji,New Zealand",138.783,"LCD (LED)",79,5.719086403196216,167228,55
"SAMSUNG","UA55U8000FW","Australia,Fiji,New Zealand",138.783,"LCD (LED)",79,5.719086403196216,167228,55
"SAMSUNG","UA55U8000HS","Australia,Fiji,New Zealand",138.783,"LCD (LED)",79,5.719086403196216,175870,55
"SAMSUNG","UA55U8000HW","Australia,Fiji,New Zealand",138.783,"LCD (LED)",79,5.719086403196216,175870,55
"SAMSUNG","UA55U8500FS","Australia,Fiji,New Zealand",138.783,"LCD (LED)",79,5.719086403196216,167228,55
"SAMSUNG","UA55U8500FW","Australia,Fiji,New Zealand",138.783,"LCD (LED)",79,5.719086403196216,167228,55
"SAMSUNG","UA55U8500HS","Australia,Fiji,New Zealand",138.783,"LCD (LED)",79,5.719086403196216,175870,55
"SAMSUNG","UA55U8500HW","Australia,Fiji,New Zealand",138.783,"LCD (LED)",79,5.719086403196216,175870,55
"SAMSUNG","UA55U**00F*","Australia,Fiji,New Zealand",138.783,"LCD (LED)",79,5.719086403196216,167228,55
"SAMSUNG","UA55UE100FS","Australia,Fiji,New Zealand",138.783,"LCD (LED)",79,5.719086403196216,167228,55
"SAMSUNG","UA58U8000HS","Australia,Fiji,New Zealand",146.068,"LCD (LED)",96,5.298558833368372,175948,58
"SAMSUNG ELECTRONICS","UA60BU8000S","Australia,Fiji,New Zealand",152.663,"LCD (LED)",104,5.280728755120342,143527,60
"SAMSUNG ELECTRONICS","UA65AU7002S","Australia,Fiji,New Zealand",163.896,"LCD (LED)",113,5.50774202403524,143234,65
"SAMSUNG ELECTRONICS","UA65BU8000*","Australia,Fiji,New Zealand",163.897,"LCD (LED)",119,5.286995341885052,143530,65
"SAMSUNG ELECTRONICS","UA65BU8000S","Australia,Fiji,New Zealand",163.897,"LCD (LED)",119,5.286995341885052,143530,65
"SAMSUNG ELECTRONICS","UA65BU8000W","Australia,Fiji,New Zealand",163.897,"LCD (LED)",119,5.286995341885052,143530,65
"SAMSUNG ELECTRONICS","UA65BU8500S","Australia,Fiji,New Zealand",163.897,"LCD (LED)",119,5.286995341885052,143532,65
"SAMSUNG ELECTRONICS","UA65CU7*00S","Australia,Fiji,New Zealand",163.897,"LCD (LED)",116,5.401243988893101,151613,65
"SAMSUNG ELECTRONICS","UA65CU8*00*","Australia,Fiji,New Zealand",163.897,"LCD (LED)",123,5.135751962733489,151716,65
"SAMSUNG ELECTRONICS","UA65CU7000S","Australia,Fiji,New Zealand",163.897,"LCD (LED)",116,5.401243988893101,151613,65
"SAMSUNG ELECTRONICS","UA65CU7100S","Australia,Fiji,New Zealand",163.897,"LCD (LED)",116,5.401243988893101,151613,65
"SAMSUNG ELECTRONICS","UA65CU8000S","Australia,Fiji,New Zealand",163.897,"LCD (LED)",123,5.135751962733489,151716,65
"SAMSUNG ELECTRONICS","UA65CU8000W","Australia,Fiji,New Zealand",163.897,"LCD (LED)",123,5.135751962733489,151716,65
"SAMSUNG ELECTRONICS","UA65CU8500S","Australia,Fiji,New Zealand",163.897,"LCD (LED)",123,5.135751962733489,151716,65
"SAMSUNG ELECTRONICS","UA65DU7*00*","Australia,Fiji,New Zealand",163.897,"LCD (LED)",114,5.475494068044627,159230,65
"SAMSUNG ELECTRONICS","UA65DU8*00*","Australia,Fiji,New Zealand",163.897,"LCD (LED)",122,5.175587070514531,158415,65
"SAMSUNG ELECTRONICS","UA65DU7000S","Australia,Fiji,New Zealand",163.897,"LCD (LED)",114,5.475494068044627,159230,65
"SAMSUNG ELECTRONICS","UA65DU7000W","Australia,Fiji,New Zealand",163.897,"LCD (LED)",114,5.475494068044627,159230,65
"SAMSUNG ELECTRONICS","UA65DU7700S","Australia,Fiji,New Zealand",163.897,"LCD (LED)",114,5.475494068044627,159230,65
"SAMSUNG ELECTRONICS","UA65DU7700W","Australia,Fiji,New Zealand",163.897,"LCD (LED)",114,5.475494068044627,159230,65
"SAMSUNG ELECTRONICS","UA65DU8000S","Australia,Fiji,New Zealand",163.897,"LCD (LED)",122,5.175587070514531,158415,65
"SAMSUNG ELECTRONICS","UA65DU8000W","Australia,Fiji,New Zealand",163.897,"LCD (LED)",122,5.175587070514531,158415,65
"SAMSUNG ELECTRONICS","UA65DU8500S","Australia,Fiji,New Zealand",163.897,"LCD (LED)",122,5.175587070514531,158415,65
"SAMSUNG ELECTRONICS","UA65DUE800*","Australia,Fiji,New Zealand",163.897,"LCD (LED)",122,5.175587070514531,162775,65
"SAMSUNG ELECTRONICS","UA65DUE800S","Australia,Fiji,New Zealand",163.897,"LCD (LED)",122,5.175587070514531,162775,65
"SAMSUNG ELECTRONICS","UA65DUE800W","Australia,Fiji,New Zealand",163.897,"LCD (LED)",122,5.175587070514531,162775,65
"SAMSUNG","UA65M1EHA*","Australia,Fiji,New Zealand",163.897,"LCD (LED)",111,5.59471662841571,176666,65
"SAMSUNG","UA65M1EHAS","Australia,Fiji,New Zealand",163.897,"LCD (LED)",111,5.59471662841571,176666,65
"SAMSUNG","UA65M1EHAW","Australia,Fiji,New Zealand",163.897,"LCD (LED)",111,5.59471662841571,176666,65
"SAMSUNG","UA65M70HA*","Australia,Fiji,New Zealand",163.897,"LCD (LED)",111,5.59471662841571,175767,65
"SAMSUNG","UA65M70HAS","Australia,Fiji,New Zealand",163.897,"LCD (LED)",111,5.59471662841571,175767,65
"SAMSUNG","UA65M70HAW","Australia,Fiji,New Zealand",163.897,"LCD (LED)",111,5.59471662841571,175767,65
"SAMSUNG","UA65M80HA*","Australia,Fiji,New Zealand",163.897,"LCD (LED)",101,6.008680283591851,176211,65
"SAMSUNG","UA65M80HAS","Australia,Fiji,New Zealand",163.897,"LCD (LED)",101,6.008680283591851,176211,65
"SAMSUNG","UA65M80HAW","Australia,Fiji,New Zealand",163.897,"LCD (LED)",101,6.008680283591851,176211,65
"SAMSUNG ELECTRONICS","UA65TU8000","Australia,Fiji,New Zealand",163.878,"LCD (LED)",116,5.402392870035829,165568,65
"SAMSUNG ELECTRONICS","UA65TU8000S","Australia,Fiji,New Zealand",163.878,"LCD (LED)",116,5.402392870035829,165568,65
"SAMSUNG ELECTRONICS","UA65TU8000W","Australia,Fiji,New Zealand",163.878,"LCD (LED)",116,5.402392870035829,165568,65
"SAMSUNG","UA65U8*00H*","Australia,Fiji,New Zealand",163.897,"LCD (LED)",112,5.5509951097435115,175869,65
"SAMSUNG","UA65U8000FS","Australia,Fiji,New Zealand",163.897,"LCD (LED)",113,5.507696027807992,167230,65
"SAMSUNG","UA65U8000FW","Australia,Fiji,New Zealand",163.897,"LCD (LED)",113,5.507696027807992,167230,65
"SAMSUNG","UA65U8000HS","Australia,Fiji,New Zealand",163.897,"LCD (LED)",112,5.5509951097435115,175869,65
"SAMSUNG","UA65U8000HW","Australia,Fiji,New Zealand",163.897,"LCD (LED)",112,5.5509951097435115,175869,65
"SAMSUNG","UA65U8500FS","Australia,Fiji,New Zealand",163.897,"LCD (LED)",113,5.507696027807992,167230,65
"SAMSUNG","UA65U8500FW","Australia,Fiji,New Zealand",163.897,"LCD (LED)",113,5.507696027807992,167230,65
"SAMSUNG","UA65U8500HS","Australia,Fiji,New Zealand",163.897,"LCD (LED)",112,5.5509951097435115,175869,65
"SAMSUNG","UA65U8500HW","Australia,Fiji,New Zealand",163.897,"LCD (LED)",112,5.5509951097435115,175869,65
"SAMSUNG","UA65U**00F*","Australia,Fiji,New Zealand",163.897,"LCD (LED)",113,5.507696027807992,167230,65
"SAMSUNG","UA65UE100FS","Australia,Fiji,New Zealand",163.897,"LCD (LED)",113,5.507696027807992,167230,65
"SAMSUNG","UA70U8000HS","Australia,Fiji,New Zealand",176.537,"LCD (LED)",128,5.611353767140227,175949,70
"SAMSUNG ELECTRONICS","UA75BU8000*","Australia,Fiji,New Zealand",189.338,"LCD (LED)",157,5.277816565063631,143525,75
"SAMSUNG ELECTRONICS","UA75BU8000S","Australia,Fiji,New Zealand",189.338,"LCD (LED)",157,5.277816565063631,143525,75
"SAMSUNG ELECTRONICS","UA75BU8000W","Australia,Fiji,New Zealand",189.338,"LCD (LED)",157,5.277816565063631,143525,75
"SAMSUNG ELECTRONICS","UA75CU7*00S","Australia,Fiji,New Zealand",189.338,"LCD (LED)",139,5.823191657737304,151615,75
"SAMSUNG ELECTRONICS","UA75CU7000S","Australia,Fiji,New Zealand",189.338,"LCD (LED)",139,5.823191657737304,151615,75
"SAMSUNG ELECTRONICS","UA75CU7100S","Australia,Fiji,New Zealand",189.338,"LCD (LED)",139,5.823191657737304,151615,75
"SAMSUNG ELECTRONICS","UA75CU8000*","Australia,Fiji,New Zealand",189.338,"LCD (LED)",165,5.057685635688115,151847,75
"SAMSUNG ELECTRONICS","UA75CU8000S","Australia,Fiji,New Zealand",189.338,"LCD (LED)",165,5.057685635688115,151847,75
"SAMSUNG ELECTRONICS","UA75CU8000W","Australia,Fiji,New Zealand",189.338,"LCD (LED)",165,5.057685635688115,151847,75
"SAMSUNG ELECTRONICS","UA75CU8500S","Australia,Fiji,New Zealand",189.338,"LCD (LED)",165,5.057685635688115,151847,75
"SAMSUNG ELECTRONICS","UA75DU7*00*","Australia,Fiji,New Zealand",189.338,"LCD (LED)",137,5.885127373724774,159232,75
"SAMSUNG ELECTRONICS","UA75DU8*00*","Australia,Fiji,New Zealand",189.338,"LCD (LED)",163,5.109839076877291,159321,75
"SAMSUNG ELECTRONICS","UA75DU7000S","Australia,Fiji,New Zealand",189.338,"LCD (LED)",137,5.885127373724774,159232,75
"SAMSUNG ELECTRONICS","UA75DU7000W","Australia,Fiji,New Zealand",189.338,"LCD (LED)",137,5.885127373724774,159232,75
"SAMSUNG ELECTRONICS","UA75DU7700S","Australia,Fiji,New Zealand",189.338,"LCD (LED)",137,5.885127373724774,159232,75
"SAMSUNG ELECTRONICS","UA75DU7700W","Australia,Fiji,New Zealand",189.338,"LCD (LED)",137,5.885127373724774,159232,75
"SAMSUNG ELECTRONICS","UA75DU8000S","Australia,Fiji,New Zealand",189.338,"LCD (LED)",163,5.109839076877291,159321,75
"SAMSUNG ELECTRONICS","UA75DU8000W","Australia,Fiji,New Zealand",189.338,"LCD (LED)",163,5.109839076877291,159321,75
"SAMSUNG ELECTRONICS","UA75DU8500S","Australia,Fiji,New Zealand",189.338,"LCD (LED)",163,5.109839076877291,159321,75
"SAMSUNG ELECTRONICS","UA75DUE800W","Australia,Fiji,New Zealand",189.338,"LCD (LED)",163,5.109839076877291,162776,75
"SAMSUNG","UA75M1EHA*","Australia,Fiji,New Zealand",189.338,"LCD (LED)",142,5.727561217559593,176697,75
"SAMSUNG","UA75M1EHAS","Australia,Fiji,New Zealand",189.338,"LCD (LED)",142,5.727561217559593,176697,75
"SAMSUNG","UA75M1EHAW","Australia,Fiji,New Zealand",189.338,"LCD (LED)",142,5.727561217559593,176697,75
"SAMSUNG","UA75M70HA*","Australia,Fiji,New Zealand",189.338,"LCD (LED)",142,5.727561217559593,175769,75
"SAMSUNG","UA75M70HAS","Australia,Fiji,New Zealand",189.338,"LCD (LED)",142,5.727561217559593,175769,75
"SAMSUNG","UA75M70HAW","Australia,Fiji,New Zealand",189.338,"LCD (LED)",142,5.727561217559593,175769,75
"SAMSUNG","UA75M80HA*","Australia,Fiji,New Zealand",189.338,"LCD (LED)",117,6.58783628235612,176210,75
"SAMSUNG","UA75M80HAS","Australia,Fiji,New Zealand",189.338,"LCD (LED)",117,6.58783628235612,176210,75
"SAMSUNG","UA75M80HAW","Australia,Fiji,New Zealand",189.338,"LCD (LED)",117,6.58783628235612,176210,75
"SAMSUNG ELECTRONICS","UA75TU8000","Australia,Fiji,New Zealand",189.579,"LCD (LED)",154,5.376740651485925,167018,75
"SAMSUNG ELECTRONICS","UA75TU8000S","Australia,Fiji,New Zealand",189.579,"LCD (LED)",154,5.376740651485925,167018,75
"SAMSUNG ELECTRONICS","UA75TU8000W","Australia,Fiji,New Zealand",189.579,"LCD (LED)",154,5.376740651485925,167018,75
"SAMSUNG","UA75U8*00H*","Australia,Fiji,New Zealand",189.338,"LCD (LED)",133,6.0116274695537575,175872,75
"SAMSUNG","UA75U8000FS","Australia,Fiji,New Zealand",189.338,"LCD (LED)",136,5.920907365130298,167231,75
"SAMSUNG","UA75U8000FW","Australia,Fiji,New Zealand",189.338,"LCD (LED)",136,5.920907365130298,167231,75
"SAMSUNG","UA75U8000HS","Australia,Fiji,New Zealand",189.338,"LCD (LED)",133,6.0116274695537575,175872,75
"SAMSUNG","UA75U8000HW","Australia,Fiji,New Zealand",189.338,"LCD (LED)",133,6.0116274695537575,175872,75
"SAMSUNG","UA75U8500FS","Australia,Fiji,New Zealand",189.338,"LCD (LED)",136,5.920907365130298,167231,75
"SAMSUNG","UA75U8500FW","Australia,Fiji,New Zealand",189.338,"LCD (LED)",136,5.920907365130298,167231,75
"SAMSUNG","UA75U8500HS","Australia,Fiji,New Zealand",189.338,"LCD (LED)",133,6.0116274695537575,175872,75
"SAMSUNG","UA75U8500HW","Australia,Fiji,New Zealand",189.338,"LCD (LED)",133,6.0116274695537575,175872,75
"SAMSUNG","UA75U**00F*","Australia,Fiji,New Zealand",189.338,"LCD (LED)",136,5.920907365130298,167231,75
"SAMSUNG","UA75UE100FS","Australia,Fiji,New Zealand",189.338,"LCD (LED)",136,5.920907365130298,167231,75
"SAMSUNG ELECTRONICS","UA85BU8000*","Australia,Fiji,New Zealand",214.783,"LCD (LED)",202,5.241160861305282,143529,85
"SAMSUNG ELECTRONICS","UA85BU8000S","Australia,Fiji,New Zealand",214.783,"LCD (LED)",202,5.241160861305282,143529,85
"SAMSUNG ELECTRONICS","UA85BU8000W","Australia,Fiji,New Zealand",214.783,"LCD (LED)",202,5.241160861305282,143529,85
"SAMSUNG ELECTRONICS","UA85CU7*00S","Australia,Fiji,New Zealand",214.783,"LCD (LED)",145,6.720059511582148,156520,85
"SAMSUNG ELECTRONICS","UA85CU8*00*","Australia,Fiji,New Zealand",214.783,"LCD (LED)",198,5.32675675355011,152472,85
"SAMSUNG ELECTRONICS","UA85CU7000S","Australia,Fiji,New Zealand",214.783,"LCD (LED)",145,6.720059511582148,156520,85
"SAMSUNG ELECTRONICS","UA85CU7100S","Australia,Fiji,New Zealand",214.783,"LCD (LED)",145,6.720059511582148,156520,85
"SAMSUNG ELECTRONICS","UA85CU8000S","Australia,Fiji,New Zealand",214.783,"LCD (LED)",198,5.32675675355011,152472,85
"SAMSUNG ELECTRONICS","UA85CU8000W","Australia,Fiji,New Zealand",214.783,"LCD (LED)",198,5.32675675355011,152472,85
"SAMSUNG ELECTRONICS","UA85DU7*00*","Australia,Fiji,New Zealand",214.783,"LCD (LED)",143,6.779416937203513,159231,85
"SAMSUNG ELECTRONICS","UA85DU7000S","Australia,Fiji,New Zealand",214.783,"LCD (LED)",143,6.779416937203513,159231,85
"SAMSUNG ELECTRONICS","UA85DU7000W","Australia,Fiji,New Zealand",214.783,"LCD (LED)",143,6.779416937203513,159231,85
"SAMSUNG ELECTRONICS","UA85DU7700S","Australia,Fiji,New Zealand",214.783,"LCD (LED)",143,6.779416937203513,159231,85
"SAMSUNG ELECTRONICS","UA85DU7700W","Australia,Fiji,New Zealand",214.783,"LCD (LED)",143,6.779416937203513,159231,85
"SAMSUNG ELECTRONICS","UA85DU8000*","Australia,Fiji,New Zealand",214.783,"LCD (LED)",195,5.395176710303825,158742,85
"SAMSUNG ELECTRONICS","UA85DU8000S","Australia,Fiji,New Zealand",214.783,"LCD (LED)",195,5.395176710303825,158742,85
"SAMSUNG ELECTRONICS","UA85DU8000W","Australia,Fiji,New Zealand",214.783,"LCD (LED)",195,5.395176710303825,158742,85
"SAMSUNG ELECTRONICS","UA85DUE800W","Australia,Fiji,New Zealand",214.783,"LCD (LED)",195,5.395176710303825,162778,85
"SAMSUNG","UA85M1EHAW","Australia,Fiji,New Zealand",214.783,"LCD (LED)",151,6.538467002334227,176699,85
"SAMSUNG","UA85M70HA*","Australia,Fiji,New Zealand",214.783,"LCD (LED)",151,6.538467002334227,175780,85
"SAMSUNG","UA85M70HAS","Australia,Fiji,New Zealand",214.783,"LCD (LED)",151,6.538467002334227,175780,85
"SAMSUNG","UA85M70HAW","Australia,Fiji,New Zealand",214.783,"LCD (LED)",151,6.538467002334227,175780,85
"SAMSUNG","UA85M80HA*","Australia,Fiji,New Zealand",214.783,"LCD (LED)",141,6.839571130560595,176209,85
"SAMSUNG","UA85M80HAS","Australia,Fiji,New Zealand",214.783,"LCD (LED)",141,6.839571130560595,176209,85
"SAMSUNG","UA85M80HAW","Australia,Fiji,New Zealand",214.783,"LCD (LED)",141,6.839571130560595,176209,85
"SAMSUNG","UA85U8*00H*","Australia,Fiji,New Zealand",214.783,"LCD (LED)",142,6.813691827932876,175871,85
"SAMSUNG","UA85U8000FS","Australia,Fiji,New Zealand",214.783,"LCD (LED)",142,6.813691827932876,167232,85
"SAMSUNG","UA85U8000FW","Australia,Fiji,New Zealand",214.783,"LCD (LED)",142,6.813691827932876,167232,85
"SAMSUNG","UA85U8000HS","Australia,Fiji,New Zealand",214.783,"LCD (LED)",142,6.813691827932876,175871,85
"SAMSUNG","UA85U8000HW","Australia,Fiji,New Zealand",214.783,"LCD (LED)",142,6.813691827932876,175871,85
"SAMSUNG","UA85U8500FS","Australia,Fiji,New Zealand",214.783,"LCD (LED)",142,6.813691827932876,167232,85
"SAMSUNG","UA85U8500FW","Australia,Fiji,New Zealand",214.783,"LCD (LED)",142,6.813691827932876,167232,85
"SAMSUNG","UA85U8500HS","Australia,Fiji,New Zealand",214.783,"LCD (LED)",142,6.813691827932876,175871,85
"SAMSUNG","UA85U8500HW","Australia,Fiji,New Zealand",214.783,"LCD (LED)",142,6.813691827932876,175871,85
"SAMSUNG","UA85U**00F*","Australia,Fiji,New Zealand",214.783,"LCD (LED)",142,6.813691827932876,167232,85
"SAMSUNG","UA85UE100FS","Australia,Fiji,New Zealand",214.783,"LCD (LED)",142,6.813691827932876,167232,85
"SAMSUNG ELECTRONICS","UA98DU9000*","Australia,Fiji,New Zealand",247.688,"LCD (LED)",332,4.258270181780565,159742,98
"SAMSUNG ELECTRONICS","UA98DU9000S","Australia,Fiji,New Zealand",247.688,"LCD (LED)",332,4.258270181780565,159742,98
"SAMSUNG ELECTRONICS","UA98DU9000W","Australia,Fiji,New Zealand",247.688,"LCD (LED)",332,4.258270181780565,159742,98
"SAMSUNG","UA98U9000H*","Australia,Fiji,New Zealand",247.693,"LCD (LED)",258,5.384875153109447,176857,98
"SAMSUNG","UA98U9000HS","Australia,Fiji,New Zealand",247.693,"LCD (LED)",258,5.384875153109447,176857,98
"SAMSUNG","UA98U9000HW","Australia,Fiji,New Zealand",247.693,"LCD (LED)",258,5.384875153109447,176857,98
"SAMSUNG","UA100M90H*","Australia,Fiji,New Zealand",252.784,"LCD (LED)",181,7.143924899602363,178743,100
"SAMSUNG","UA100M90HS","Australia,Fiji,New Zealand",252.784,"LCD (LED)",181,7.143924899602363,178743,100
"SAMSUNG","UA100M90HW","Australia,Fiji,New Zealand",252.784,"LCD (LED)",181,7.143924899602363,178743,100
"KONKA","UDE50QR314FANT","Australia,Fiji,New Zealand",125.731,"LCD (LED)",72.19,5.003308177326365,155568,50
"KONKA","UDE50QR315ANT","Australia,Fiji,New Zealand",125.731,"LCD (LED)",72.19,5.003308177326365,155568,50
"KONKA","UDE55QR314FANT","Australia,Fiji,New Zealand",138.783,"LCD (LED)",86.23,5.008515969149676,155555,55
"KONKA","UDE55QR315ANT","Australia,Fiji,New Zealand",138.783,"LCD (LED)",86.23,5.008515969149676,155555,55
"MYVI","UR-LED2402NS","Australia,New Zealand",60.095,"LCD (LED)",20.12,5.053262883445185,142575,24
"MYVI","UR-LED2403DVDNS","Australia,New Zealand",60.269,"LCD (LED)",24.2,4.566598076666048,143688,24
"MYVI","UR-LED2406DVD","Australia,New Zealand",60.357,"LCD",22.1,5.123962448526531,176452,24
"MYVI","UR-LED3206DVD","Australia,New Zealand",80.524,"LCD",42.9,4.184338549835408,176458,32
"ILUMA","VK2401D","Australia,New Zealand",60.493,"LCD",30.28,3.8510476715487516,149456,24
"ILUMA","VK2402D","Australia,New Zealand",60.493,"LCD",30.28,3.8510476715487516,149456,24
"ILUMA","VK2403D","Australia,New Zealand",60.493,"LCD",30.28,3.8510476715487516,149456,24
"ILUMA","VK2404D","Australia,New Zealand",60.493,"LCD",30.28,3.8510476715487516,149456,24
"ILUMA","VK2405D","Australia,New Zealand",60.493,"LCD",30.28,3.8510476715487516,149456,24
"ILUMA","VK3201D","Australia,New Zealand",80.376,"LCD",32.18,5.483988771987925,149571,32
"ILUMA","VK3202D","Australia,New Zealand",80.376,"LCD",32.18,5.483988771987925,149571,32
"ILUMA","VK3203D","Australia,New Zealand",80.376,"LCD",32.18,5.483988771987925,149571,32
"ILUMA","VK3204D","Australia,New Zealand",80.376,"LCD",32.18,5.483988771987925,149571,32
"ILUMA","VK3205D","Australia,New Zealand",80.376,"LCD",32.18,5.483988771987925,149571,32
"BELGIQUE","VK-2401D","Australia,New Zealand",60.22,"LCD",17.88,6.120990724239581,175938,24
"BELGIQUE","VK-3201D","Australia,New Zealand",80.376,"LCD",35.42,5.053441577037442,175939,32
"BELGIQUE","VK-4001D","Australia,New Zealand",100.286,"LCD",69.27,3.683084849202257,175940,39
"VEON","VN24W2A2023","New Zealand",60.22,"LCD",22.6,4.798447235076666,154772,24
"VEON","VN32HD2021","New Zealand",80.103,"LCD (LED)",28,5.570054909528788,145568,32
"VEON","VN32ID70","New Zealand",80.054,"LCD (LED)",31.78,5.48435437864407,150641,32
"VEON","VN40WOS2021","Australia,Fiji,New Zealand",100.353,"LCD (LED)",47.3,5.3693943713016585,142195,40
"VEON","VN43ID7023","New Zealand",107.95,"LCD",46.078,5.6001935544751715,176688,42
"VEON","VN50ID7022","New Zealand",125.736,"LCD (LED)",82.7,4.1544565935330064,150136,50
"VEON","VN55WOS2022","Australia,Fiji,New Zealand",138.783,"LCD (LED)",105.9,4.0428160845075745,141828,55
"VEON","VNG3F55","Australia,Fiji,New Zealand",138.783,"LCD (LED)",57.9,5.52322847238293,169172,55
"VEON","VNG3F55 Serise","Australia,Fiji,New Zealand",138.783,"LCD (LED)",57.9,5.52322847238293,169172,55
"VEON","VNG3F5025","New Zealand",125.727,"LCD (LED)",54.9,6.122605707955387,170563,49
"VEON","VNG3F5525","Australia,Fiji,New Zealand",138.783,"LCD (LED)",57.9,5.52322847238293,169172,55
"VEON","VNG3F6525","New Zealand",163.897,"LCD (LED)",96.9,5.796920254802094,170688,65
"VEON","VNG3F7525","New Zealand",189.338,"LCD (LED)",122.8,5.509321611791012,170686,75
"VEON","VNG3FN6025","New Zealand",152.663,"LCD (LED)",61.9,7.192386380026285,171930,60
"VEON","VNG22F5022","New Zealand",125.812,"LCD (LED)",72.1,5.084221683940127,149035,50
"VEON","VNG22F5522","New Zealand",138.711,"LCD",94.8,4.887294325626479,149039,55
"VEON","VNG22F6522","New Zealand",163.829,"LCD (LED)",128.1,4.503588370150543,149387,64
"VEON","VNG22F7522","New Zealand",189.344,"LCD (LED)",175.6,4.732242536302513,149386,75
"VEON","VNMHDV4025","New Zealand",100.791,"LCD (LED)",40.25,5.654952556556123,171931,40
"WALTON","W32D120G","Australia,Fiji,New Zealand",80.039,"LCD (LED)",29.57,5.600491790512466,146754,32
"WALTON","W32D120GAU","Australia,Fiji,New Zealand",80.039,"LCD (LED)",29.57,5.600491790512466,146754,32
"WALTON","W32D120GE","Australia,Fiji,New Zealand",80.039,"LCD (LED)",29.57,5.600491790512466,146754,32
"WALTON","W32D120G_AU","Australia,Fiji,New Zealand",80.039,"LCD (LED)",29.57,5.600491790512466,146754,32
"WALTON","W43D210G","Australia,Fiji,New Zealand",107.956,"LCD (LED)",35.97,7.035028893387631,146761,43
"WALTON","W43D210GAU","Australia,Fiji,New Zealand",107.956,"LCD (LED)",35.97,7.035028893387631,146761,43
"WALTON","W43D210GE","Australia,Fiji,New Zealand",107.956,"LCD (LED)",35.97,7.035028893387631,146761,43
"WALTON","W43D210G_AU","Australia,Fiji,New Zealand",107.956,"LCD (LED)",35.97,7.035028893387631,146761,43
"WALTON","W43D210N","Australia,Fiji,New Zealand",109.275,"LCD (LED)",36.4,7.087207125920074,141823,43
"WALTON","W43D210NAU","Australia,Fiji,New Zealand",109.275,"LCD (LED)",36.4,7.087207125920074,141823,43
"WALTON","WD40RG","Australia,Fiji,New Zealand",100.333,"LCD (LED)",35.18,6.528056286326917,146760,40
"WALTON","WD40RGAU","Australia,Fiji,New Zealand",100.333,"LCD (LED)",35.18,6.528056286326917,146760,40
"WALTON","WD40RGE","Australia,Fiji,New Zealand",100.333,"LCD (LED)",35.18,6.528056286326917,146760,40
"WALTON","WD40RG_AU","Australia,Fiji,New Zealand",100.333,"LCD (LED)",35.18,6.528056286326917,146760,40
"LOEWE","WE SEE 32","Australia",80.054,"LCD (LED)",34,5.154958966766685,154153,32
"LOEWE","WE SEE 43","Australia",107.95,"LCD (LED)",65.8,4.497596729556777,154150,42
"LOEWE","WE SEE 50","Australia",125.638,"LCD (LED)",68,5.566795994720792,154162,49
"LOEWE","WE SEE 55","Australia",138.711,"LCD (LED)",84,5.445642872344173,154156,55
"DECAMAX","WY55F1F-EU","New Zealand",138.666,"LCD (LED)",106.68,3.9679651265589566,148621,55
"LOEWE","We SEE 48 OLED","Australia",120.664,"OLED",61,5.7272967610449665,172437,48
"LOEWE","We SEE 55 OLED","Australia",138.711,"OLED",76.5,5.871317766395888,172438,55
"LOEWE","We SEE 65 OLED","Australia",163.965,"OLED",98,6.159730989517401,172439,65
"SONY","XR-42A90K","Australia,New Zealand",105.531,"OLED",68,4.085735586348889,145052,42
"SONY","XR-48A90K","Australia,New Zealand",120.713,"OLED",84,4.226233251794239,144694,48
"SONY","XR-55A80K","Australia,New Zealand",138.798,"OLED",103.7,4.440363968763781,144165,55
"SONY","XR-55A80L","Australia,New Zealand",138.798,"OLED",103.7,4.440363968763781,150534,55
"SONY","XR-55A95L","Australia,New Zealand",138.798,"OLED",103.6,4.4635838140673165,153155,55
"SONY","XR-55X90K","Australia,New Zealand",138.798,"LCD (LED)",126.7,3.5600633737892173,144272,55
"SONY","XR-55X90L","Australia,New Zealand",138.798,"LCD (LED)",121,3.764463236493867,151289,55
"SONY","XR-65A80K","Australia,New Zealand",163.878,"OLED",121.1,5.146826473886623,144167,65
"SONY","XR-65A80L","Australia,New Zealand",163.878,"OLED",121.1,5.146826473886623,150537,65
"SONY","XR-65A95K","Australia,New Zealand",163.878,"OLED",136,4.622304642988203,144403,65
"SONY","XR-65A95L","Australia,New Zealand",163.878,"OLED",122.1,5.136900843876218,153156,65
"SONY","XR-65X90K","Australia,New Zealand",163.878,"LCD (LED)",149.8,4.216928329747233,144171,65
"SONY","XR-65X90L","Australia,New Zealand",163.878,"LCD (LED)",144.3,4.381402573498731,151290,65
"SONY","XR-65X95K","Australia,New Zealand",163.878,"LCD (LED)",226,2.3864312855854646,144366,65
"SONY","XR-65X95L","Australia,New Zealand",163.878,"LCD (LED)",214.8,2.6177106701433326,152243,65
"SONY","XR-75X90K","Australia,New Zealand",189.306,"LCD (LED)",198.1,4.201837238388788,144170,75
"SONY","XR-75X90L","Australia,New Zealand",189.306,"LCD (LED)",159.3,5.175893306913336,151692,75
"SONY","XR-75X95K","Australia,New Zealand",189.306,"LCD (LED)",242,3.3058881507510876,144368,75
"SONY","XR-75X95L","Australia,New Zealand",189.306,"LCD (LED)",242.5,3.3058881507510876,152244,75
"SONY","XR-77A80K","Australia,New Zealand",194.726,"OLED",169.7,5.1250055072718785,144168,77
"SONY","XR-77A80L","Australia,New Zealand",194.726,"OLED",169.7,5.1250055072718785,150826,77
"SONY","XR-77A95L","Australia,New Zealand",195.173,"OLED",147.7,5.778283941245271,153540,77
"SONY","XR-83A80L","Australia,New Zealand",209.636,"OLED",207,4.883152215937381,151974,83
"SONY","XR-85X90K","Australia,New Zealand",214.783,"LCD (LED)",235.8,4.5210282913933515,144009,85
"SONY","XR-85X90L","Australia,New Zealand",214.783,"LCD (LED)",201.6,5.217002203781339,152314,85
"SONY","XR-85X95K","Australia,New Zealand",214.783,"LCD (LED)",292,3.5635163480816754,144369,85
"SONY","XR-85X95L","Australia,New Zealand",214.783,"LCD (LED)",280.7,3.7419471627696193,152240,85
"SONY","XR-98X90L","Australia,New Zealand",247.691,"LCD (LED)",256.4,5.388586341458297,152681,98
"YOKOHAMA","YOKT55Q8","Australia",139.332,"LCD",75.58,5.952001359469709,151436,55
"YOKOHAMA","YOKT65Q8","Australia",164.003,"LCD",148.05,4.323802247529118,151437,65
"YOKOHAMA","YTV240Z","Australia",59.774,"LCD (LED)",20.24,5.511654351347501,160009,24
"ZEN TV","ZEN2401","Australia,New Zealand",60.934,"LCD",21.55,5.461003954625391,168964,24
"ZEN TV","ZEN 2402","Australia,New Zealand",59.54,"LCD",23.82,4.716505623764874,169048,23
"ZEN TV","ZEN 3201","Australia,New Zealand",79.831,"LCD (LED)",35.97,4.89517666610133,168955,31
"ZEN TV","ZEN 3202","Australia,New Zealand",79.831,"LCD (LED)",35.97,4.89517666610133,168955,31
