"Star Rating Index","Screensize_inches"
5.121511445327967,24
5.016705353735284,32
5.030432129486525,60
4.91366815087741,31
4.025359920995686,24
5.051045905816841,32
4.526400619045754,40
3.542223664976664,43
5.799687998815937,32
6.025786528657009,40
4.3445623134294555,31
4.544406853380655,39
3.553267260591146,42
3.054983381188823,49
3.5221653033837876,55
3.6205371729918245,65
5.5485690204715645,75
4.552077515720736,85
4.516360257282469,24
5.016703576803088,32
5.005691320259438,70
3.5055839279471974,85
3.5018497413173733,86
3.5008157002390408,100
5.800164961009463,32
5.198720591823303,42
4.5974627946475835,49
4.050393944753631,60
5.7179341816321125,70
4.333587410734022,19
5.065515602883841,19
4.395401082028128,19
4.777678717114031,24
6.206406424105242,23
4.758996661557138,24
5.9446797967165725,24
5.583285571635198,24
5.399112734703527,24
3.1109409488656943,27
6.051110422730285,32
6.552094678514144,32
6.7490607593293985,32
6.552094678514144,32
6.552094678514144,32
6.7490607593293985,32
6.7490607593293985,32
6.7490607593293985,32
6.7490607593293985,32
6.7490607593293985,32
5.600491790512466,32
5.600491790512466,32
5.600491790512466,32
5.060105230766275,32
6.6994546526913235,32
5.532724332007882,32
5.964966655906721,32
5.647994615200048,32
5.882395160180036,32
5.882395160180036,32
6.6994546526913235,32
5.299572454875552,32
6.6994546526913235,32
5.154958966766685,32
5.71941646795843,32
5.71941646795843,32
6.457156719581245,32
5.5997621327590545,32
4.561680559205172,32
4.530161456694669,32
6.007444889755374,32
5.050329620054731,32
6.280909501006662,32
6.280909501006662,32
6.280909501006662,32
6.280909501006662,32
6.280909501006662,32
6.6994546526913235,32
6.6994546526913235,32
5.04521473860549,31
5.718939505764904,32
5.718859351884015,32
5.793854274363063,31
6.363284451982482,32
4.513125542904489,34
7.018348467224255,40
7.018348467224255,40
7.018348467224255,40
7.018348467224255,40
7.018348467224255,40
7.018348467224255,40
7.018348467224255,40
7.018348467224255,40
7.018348467224255,40
7.018348467224255,40
6.5261979961276575,40
7.033409441022956,40
5.574444892258945,40
5.064246719599972,39
7.093040531534654,40
7.093040531534654,40
7.093040531534654,40
6.366762882999291,39
6.3655159060378335,40
6.528056286326917,40
6.528056286326917,40
6.528056286326917,40
6.361466345891943,39
5.235220811119446,39
4.527878970799845,42
4.527878970799845,42
4.527878970799845,42
4.527878970799845,42
5.198431890000209,43
5.510696888148748,43
5.070989554548221,43
5.070989554548221,43
4.517515573092177,43
5.510696888148748,43
5.510696888148748,43
4.553267260591147,42
7.035028893387631,43
7.035028893387631,43
7.035028893387631,43
7.087207125920074,43
6.022058059100385,43
5.968737022357746,42
5.555077154134538,43
6.374499841331531,43
5.198431890000209,43
5.029236682652613,43
5.772221428867803,43
3.9307399679175017,43
4.232972680439712,43
4.232972680439712,43
4.232972680439712,43
3.9307399679175017,43
4.767326376368296,43
4.767326376368296,43
5.091914908809575,43
4.767326376368296,43
4.767326376368296,43
4.767326376368296,43
4.943201795903388,42
4.370326753102434,42
5.238511305570017,42
6.512606008440962,42
4.519881526282994,43
5.1945622601458155,42
5.029236682652613,43
3.167068798957339,42
3.0721486367805606,42
4.7635216887896465,42
4.7635216887896465,42
4.7635216887896465,42
5.303604625547934,42
5.303604625547934,42
5.303604625547934,42
5.647616432117,42
5.647616432117,42
5.647616432117,42
6.372136646645825,43
6.234235916440882,43
4.708999043871274,43
4.708999043871274,43
4.232972680439712,43
4.632391706313805,43
4.708999043871274,43
4.708999043871274,43
4.428233749097203,43
4.632391706313805,43
4.428233749097203,43
4.232972680439712,43
3.527294960757275,43
4.519881526282994,43
4.232972680439712,43
4.519881526282994,43
4.232972680439712,43
6.6933318337413885,43
6.1024470408434714,43
4.557071948169797,43
4.557071948169797,43
4.767326376368296,43
4.767326376368296,43
7.168839664326816,43
7.168839664326816,43
6.402228210570558,43
3.755600019609336,43
3.8026906818154727,43
3.9307399679175017,43
3.97971772446849,43
3.9307399679175017,43
3.8026906818154727,43
4.045865347808662,43
3.9307399679175017,43
4.428233749097203,43
4.045865347808662,43
4.045865347808662,43
4.045865347808662,43
4.045865347808662,43
4.045865347808662,43
4.045865347808662,43
4.045865347808662,43
4.232972680439712,43
4.232972680439712,43
4.045865347808662,43
4.045865347808662,43
4.428233749097203,43
7.067250024200782,43
4.689905816504032,48
4.689905816504032,48
7.01820175064728,48
5.519365722220251,50
5.537859061582124,50
4.038563985356884,49
6.003308177326366,50
5.262234775592492,50
5.262234775592492,50
5.519365722220251,50
6.003308177326366,50
6.003308177326366,50
4.767626426637194,49
3.591861933680575,49
3.591861933680575,49
6.474027948326812,49
5.9639547998631945,49
6.372008086070252,50
5.537859061582124,50
5.43282096913457,50
5.9639547998631945,49
4.332542803819169,49
4.699152541308104,49
4.699152541308104,49
4.332542803819169,49
4.332542803819169,49
5.146895307351907,49
5.082413329865411,49
5.082413329865411,49
5.146895307351907,49
5.082413329865411,49
5.082413329865411,49
5.082413329865411,49
5.675222738153714,49
5.767626426637195,49
4.818267064887973,49
5.588392057893258,49
3.773441375953628,50
3.6438774995872896,50
5.5195221630815645,50
5.260125965020835,49
3.762321958542641,50
3.762321958542641,50
3.4821083383878686,49
3.4821083383878686,49
5.6243875937263965,49
5.6243875937263965,49
4.357808286657745,49
4.357808286657745,49
4.357808286657745,49
6.023006759011338,50
6.023006759011338,50
6.023006759011338,50
5.792152969391529,50
5.792152969391529,50
5.792152969391529,50
6.612964174233883,50
6.612964174233883,50
6.612964174233883,50
7.186638262992585,49
5.2620206872430675,49
5.082413329865411,49
5.082413329865411,49
5.329159323010862,49
5.572396855687801,49
5.572396855687801,49
4.8485470457482105,49
4.8485470457482105,49
4.8485470457482105,49
5.572396855687801,49
5.572396855687801,49
4.8485470457482105,49
5.329159323010862,49
4.803203453670404,49
5.572396855687801,49
5.572396855687801,49
4.8485470457482105,49
4.8485470457482105,49
5.572396855687801,49
4.8485470457482105,49
4.8485470457482105,49
5.003308177326365,50
5.003308177326365,50
5.003308177326365,50
5.003308177326365,50
5.003308177326365,50
4.818267064887973,49
4.699152541308104,49
4.818267064887973,49
4.699152541308104,49
8.156800686124159,49
6.680823599120723,49
5.572396855687801,49
5.572396855687801,49
6.590286780115491,49
6.590286780115491,49
7.909487173175795,49
7.909487173175795,49
7.398392383299008,49
4.186034596465652,49
4.186034596465652,49
4.332542803819169,49
4.699366629657529,50
4.332542803819169,49
4.186034596465652,49
4.971755359043742,49
4.332542803819169,49
4.971755359043742,49
4.971755359043742,49
4.971755359043742,49
4.971755359043742,49
4.971755359043742,49
4.971755359043742,49
4.971755359043742,49
4.971755359043742,49
4.699152541308104,49
4.699152541308104,49
4.699152541308104,49
4.699152541308104,49
4.699152541308104,49
5.572396855687801,49
3.572954534625881,55
3.572954534625881,55
3.572954534625881,55
3.572954534625881,55
4.614103819198409,55
4.064055082166185,55
6.25848663027421,55
5.796755940359919,55
4.518750857743905,55
5.578108283365271,55
4.017199656533554,55
4.017199656533554,55
6.241150360616689,55
6.07137929764316,55
6.07137929764316,55
6.07137929764316,55
6.241150360616689,55
6.241150360616689,55
4.67474642409951,55
4.506973137120607,55
6.202200113549564,55
5.891771940265505,55
6.054750632487112,55
7.363472126667125,55
5.796755940359919,55
3.1685433369151603,55
5.6276256752880665,55
4.92928651409559,55
4.904594324171205,55
4.904594324171205,55
4.667029690757898,55
4.667029690757898,55
5.392480848433676,55
5.392480848433676,55
5.392480848433676,55
5.392480848433676,55
5.392480848433676,55
4.546877182237033,55
5.781113969443836,55
5.781113969443836,55
4.08539521829021,55
5.048116404602346,55
5.048116404602346,55
4.17178671520942,55
4.08539521829021,55
4.803028047916603,55
5.657905656148303,55
5.657905656148303,55
5.406821405047677,55
5.657905656148303,55
5.657905656148303,55
5.657905656148303,55
2.5062783445651067,55
2.5062783445651067,55
4.292298502011051,55
4.292298502011051,55
4.394282121921142,55
5.823727017010947,55
6.219403282919941,55
5.101467274193711,55
3.570651350024759,55
6.06348463387501,55
3.0153550221328516,55
4.248770058146791,55
4.169942590696454,55
5.52322847238293,55
5.278315900596547,55
4.0111451391386845,55
4.0111451391386845,55
4.148969036899082,55
4.148969036899082,55
5.68732845585714,55
5.68732845585714,55
4.510387582760489,55
4.510387582760489,55
4.702649565199762,55
2.8570329065739766,55
2.8570329065739766,55
6.601297491442197,55
6.601297491442197,55
6.601297491442197,55
6.241150360616689,55
6.241150360616689,55
6.241150360616689,55
7.288987419693915,55
7.288987419693915,55
7.288987419693915,55
5.4356409263487215,55
7.864067876930443,55
5.52322847238293,55
4.9432830834647525,55
5.048116404602346,55
5.048116404602346,55
5.552808910591775,55
5.552808910591775,55
5.048116404602346,55
5.552808910591775,55
5.237691139975824,55
5.237691139975824,55
4.9432830834647525,55
5.293361671010193,55
5.552808910591775,55
4.9432830834647525,55
5.048116404602346,55
5.048116404602346,55
5.612562064070497,55
4.582585898004297,55
5.552808910591775,55
5.552808910591775,55
5.552808910591775,55
4.9432830834647525,55
4.9432830834647525,55
5.552808910591775,55
4.053423000980519,55
5.293361671010193,55
4.9432830834647525,55
4.9432830834647525,55
4.582585898004297,55
4.511450751759631,55
5.5085111517081975,55
5.5085111517081975,55
5.5085111517081975,55
5.02167727117258,55
4.064055082166185,55
5.034877339973175,55
5.034877339973175,55
5.034877339973175,55
5.034877339973175,55
5.034877339973175,55
5.034877339973175,55
4.304579249126954,55
4.304579249126954,55
4.304579249126954,55
5.421207998840513,55
5.421207998840513,55
5.421207998840513,55
4.523228472382931,55
4.523228472382931,55
4.523228472382931,55
5.034877339973175,55
5.034877339973175,55
5.034877339973175,55
4.53503722787905,55
4.511450751759631,55
4.511450751759631,55
4.53503722787905,55
4.53503722787905,55
5.034877339973175,55
5.034877339973175,55
5.034877339973175,55
3.513803820922501,55
3.513803820922501,55
3.513803820922501,55
5.101467274193711,55
5.048116404602346,55
5.101467274193711,55
5.048116404602346,55
5.048116404602346,55
8.12796099067797,55
7.399645390515584,55
4.904594324171205,55
4.904594324171205,55
7.332923262961085,55
5.657905656148303,55
7.332923262961085,55
7.846982249207294,55
7.846982249207294,55
7.013446928881777,55
4.053423000980519,55
4.053423000980519,55
4.08539521829021,55
4.08539521829021,55
5.141901414219262,55
4.08539521829021,55
4.08539521829021,55
4.765526405493008,55
4.08539521829021,55
5.765526405493009,55
5.765526405493009,55
5.765526405493009,55
5.657905656148303,55
4.630644483160877,55
4.803028047916603,55
4.803028047916603,55
4.803028047916603,55
4.803028047916603,55
4.803028047916603,55
4.803028047916603,55
4.803028047916603,55
4.803028047916603,55
4.803028047916603,55
4.803028047916603,55
4.803028047916603,55
5.088069894655924,55
6.031275413118816,55
5.307388036506728,55
6.031275413118816,55
6.031275413118816,55
5.008515969149676,55
5.5085111517081975,55
6.490182209520817,55
3.6767825131441074,55
4.0111451391386845,55
5.533270548071191,58
6.042749570721936,58
6.118158093653914,58
6.824154055982145,57
6.375326887514997,60
6.684512929776206,60
2.081816352966534,64
4.00534519735206,65
4.00534519735206,65
4.00534519735206,65
4.00534519735206,65
5.407668463269548,64
4.064055082166185,55
6.68346052076461,65
5.037686340309588,65
5.037686340309588,65
5.037686340309588,65
5.037686340309588,65
5.037686340309588,65
5.037686340309588,65
5.037686340309588,65
5.889802753064086,65
5.053020882854866,64
5.909219664479898,64
4.590608970758261,64
4.788218624299775,64
5.151517597589977,64
5.004572625934402,64
6.669523915577353,65
6.505049671825857,65
6.505049671825857,65
6.040859626768308,64
6.669523915577353,65
6.669523915577353,65
5.252227905908116,64
5.252227905908116,64
3.0702000714459654,64
3.2424609130459143,64
4.897938042835031,65
6.679352863107162,64
6.545559790559667,65
5.889802753064086,65
5.9015496015140485,65
6.451493545901406,65
4.8284525181425515,64
5.681650596552234,64
6.057174536739563,65
6.057174536739563,65
6.057174536739563,65
6.057174536739563,65
6.057174536739563,65
4.533671238807377,65
6.106106297063303,65
6.106106297063303,65
4.000233788824486,65
4.439276071054277,65
5.328204093107946,65
5.328204093107946,65
4.439276071054277,65
4.439276071054277,65
5.475494068044627,65
6.0571285405123145,65
6.0571285405123145,65
6.438215254356763,65
6.0571285405123145,65
6.0571285405123145,65
6.0571285405123145,65
5.027996779523445,65
5.027996779523445,65
4.747792605259914,65
6.679352863107162,64
6.151517597589977,64
5.443521850734936,65
3.5423477567504844,65
3.0183281239547997,65
3.0183281239547997,65
6.144343004652812,65
3.036956400231941,65
5.147539425779542,65
4.792372278184471,65
6.081550508951327,65
5.584895075395215,65
4.524965490865716,65
4.524965490865716,65
4.481915975211493,65
4.481915975211493,65
4.9702952941602625,65
4.9702952941602625,65
4.8570744481591746,65
4.064929099692862,65
4.064929099692862,65
6.045013280653004,65
6.045013280653004,65
6.045013280653004,65
5.694724095108619,65
5.694724095108619,65
5.694724095108619,65
7.155671251474674,65
7.155671251474674,65
7.155671251474674,65
5.50774202403524,65
5.50774202403524,65
5.50774202403524,65
5.0086802835918505,65
5.475494068044627,65
3.3187384664494495,65
4.550995109743512,65
4.550995109743512,65
5.328204093107946,65
5.328204093107946,65
6.0571285405123145,65
6.0571285405123145,65
5.475494068044627,65
6.1556252552474255,65
4.5597053556687195,65
4.5597053556687195,65
5.328204093107946,65
5.68346052076461,65
6.1556252552474255,65
5.328204093107946,65
5.68346052076461,65
6.1556252552474255,65
5.638868907901208,65
4.829210606366519,65
5.843120871392374,65
5.843120871392374,65
6.0571285405123145,65
5.066881362898524,65
5.328250089335192,65
5.328204093107946,65
6.0571285405123145,65
4.559751351895967,65
5.256335563565565,65
5.066927359125772,65
5.066881362898524,65
3.3187384664494495,65
3.3187384664494495,65
3.3187384664494495,65
3.3187384664494495,65
3.3187384664494495,65
3.3187384664494495,65
4.199659214971653,65
2.7136773064511392,65
5.68346052076461,65
5.328204093107946,65
5.328204093107946,65
4.829210606366519,65
5.066881362898524,65
5.066881362898524,65
5.256335563565565,65
4.199659214971653,65
2.7136773064511392,65
5.50774202403524,65
6.168136962204355,65
6.168136962204355,65
6.168136962204355,65
4.820007022183777,65
4.064055082166185,55
4.215825444831754,65
4.215825444831754,65
4.215825444831754,65
5.50774202403524,65
5.50774202403524,65
5.50774202403524,65
5.266578196996688,65
5.266578196996688,65
5.266578196996688,65
5.50774202403524,65
5.50774202403524,65
5.50774202403524,65
5.018374120182047,65
5.018374120182047,65
5.018374120182047,65
5.066927359125772,65
5.066927359125772,65
5.066927359125772,65
5.014220466297351,64
5.014220466297351,64
5.014220466297351,64
5.008726279819099,65
5.008726279819099,65
5.008726279819099,65
5.008726279819099,65
5.008726279819099,65
5.008726279819099,65
3.5912491629830012,65
3.5912491629830012,65
3.5912491629830012,65
4.507742024035239,65
4.507742024035239,65
4.507742024035239,65
3.584230492609061,65
3.584230492609061,65
3.584230492609061,65
4.507742024035239,65
4.507742024035239,65
4.507742024035239,65
3.514641825425533,65
3.514641825425533,65
5.443521850734936,65
5.328204093107946,65
5.443521850734936,65
5.328204093107946,65
5.328204093107946,65
9.139122660621185,65
8.789744240270002,65
7.843846548686119,65
5.037686340309588,65
5.808425832669458,65
5.808425832669458,65
7.718609094025336,65
7.718609094025336,65
8.635576994500521,65
8.635576994500521,65
7.972684747758714,65
4.405453871887269,65
4.439276071054277,65
4.405453871887269,65
4.313737886945033,65
4.313737886945033,65
4.405453871887269,65
4.99905316900289,65
4.313737886945033,65
5.50774202403524,65
5.50774202403524,65
5.50774202403524,65
4.507742024035239,65
4.507742024035239,65
4.507742024035239,65
5.443521850734936,65
5.328204093107946,65
4.99905316900289,65
4.99905316900289,65
4.99905316900289,65
4.99905316900289,65
4.99905316900289,65
4.99905316900289,65
5.246162074252658,65
5.246162074252658,65
5.246162074252658,65
5.246162074252658,65
5.246162074252658,65
5.475494068044627,65
4.104182871102088,65
6.825739776103138,65
6.045013280653004,65
5.066927359125772,65
6.825739776103138,65
6.825739776103138,65
6.825739776103138,65
6.825739776103138,65
5.1556252552474255,65
6.825739776103138,65
5.008726279819099,65
5.50774202403524,65
6.045013280653004,65
4.507742024035239,65
4.507742024035239,65
4.507742024035239,65
4.507742024035239,65
3.584230492609061,65
6.01015601007195,70
6.085115800336112,70
6.0098525976602755,70
6.0098525976602755,70
6.0098525976602755,70
1.7806598657620578,74
3.12174886984205,74
3.12174886984205,74
3.12174886984205,74
3.12174886984205,74
5.910030969707462,75
4.064055082166185,55
6.371087818075435,75
5.0929714771961745,75
5.8125085826460925,75
4.063194489783653,75
5.198777204048162,75
5.5074170314122695,75
4.505778786057624,75
7.574747009767889,75
6.008562665563702,75
6.008562665563702,75
7.03682007493093,75
7.574747009767889,75
7.574747009767889,75
5.777565558686364,75
5.482906012508416,75
3.1531256705532553,75
3.7480767191677016,75
5.170195815718926,75
6.382195704190277,75
6.451213523728212,75
4.527301161061217,75
7.033755235828371,75
7.033755235828371,75
5.5390672901039455,75
4.644281538618003,75
5.054540009525431,75
5.054540009525431,75
4.644281538618003,75
4.644281538618003,75
6.263015743468501,75
6.119827201301709,75
6.119827201301709,75
6.5535334962668585,75
6.119827201301709,75
6.119827201301709,75
6.119827201301709,75
6.283698989455167,75
6.382195704190277,75
5.899836034595753,75
3.8874113908802133,75
3.8874113908802133,75
7.046531474899381,75
3.673105632499593,75
4.617398287285496,75
7.130024630835645,75
4.517660502557614,75
4.517660502557614,75
5.244898572897651,75
5.244898572897651,75
5.590102405040369,75
5.590102405040369,75
4.967763428275685,75
4.967763428275685,75
6.011546682493634,75
6.011546682493634,75
6.011546682493634,75
6.104141301259303,75
6.104141301259303,75
6.104141301259303,75
7.013838382936172,75
7.013838382936172,75
7.013838382936172,75
6.011546682493634,75
6.011546682493634,75
6.011546682493634,75
5.170195815718926,75
6.119827201301709,75
3.7720858059026012,75
5.392921074375575,75
5.392921074375575,75
5.054540009525431,75
5.054540009525431,75
6.054540009525432,75
6.054540009525432,75
6.263015743468501,75
7.033755235828371,75
5.032373005790869,75
5.032373005790869,75
5.981072460590566,75
6.263015743468501,75
7.033755235828371,75
5.981072460590566,75
6.263015743468501,75
7.033755235828371,75
5.5390672901039455,75
5.189895201395687,75
7.033755235828371,75
7.033755235828371,75
7.068450274551286,75
5.481664966724477,75
5.981072460590566,75
5.981072460590566,75
7.068450274551286,75
4.798574289378539,75
5.25139078204,75
5.481664966724477,75
5.481664966724477,75
3.7720858059026012,75
3.7720858059026012,75
3.7720858059026012,75
3.7720858059026012,75
3.7720858059026012,75
3.7720858059026012,75
4.873081208156259,75
3.536097167305912,75
6.119827201301709,75
5.981072460590566,75
5.981072460590566,75
5.189895201395687,75
5.481664966724477,75
5.481664966724477,75
5.25139078204,75
4.873081208156259,75
3.536097167305912,75
6.011546682493634,75
6.011546682493634,75
6.011546682493634,75
6.011546682493634,75
6.011546682493634,75
4.701749717987907,75
4.064055082166185,55
4.533886643683078,75
5.0992865182334395,75
5.0992865182334395,75
5.0992865182334395,75
5.509240824730889,75
5.509240824730889,75
5.509240824730889,75
5.575266624832269,75
5.575266624832269,75
5.575266624832269,75
5.517441046813487,75
5.517441046813487,75
5.517441046813487,75
5.0992865182334395,75
5.0992865182334395,75
5.0992865182334395,75
5.0060513781658935,75
5.0060513781658935,75
5.0060513781658935,75
4.674465492961469,75
4.674465492961469,75
4.674465492961469,75
5.254455621142558,75
5.254455621142558,75
5.254455621142558,75
5.727480430499471,75
5.727480430499471,75
5.727480430499471,75
4.8125787386432854,75
4.8125787386432854,75
4.8125787386432854,75
4.277735778003507,75
4.5404818179679225,75
4.5404818179679225,75
4.5404818179679225,75
3.0089292588902365,75
5.501055580231206,75
5.501055580231206,75
5.501055580231206,75
5.890899999495833,75
5.890899999495833,75
5.890899999495833,75
5.481664966724477,75
5.5722017857297095,75
5.5722017857297095,75
8.873914883187542,75
4.894472275585927,75
4.95201939210664,75
5.054540009525431,75
5.054540009525431,75
5.054540009525431,75
5.054540009525431,75
5.054540009525431,75
5.676165899021606,75
5.676165899021606,75
5.676165899021606,75
5.736090270069463,75
5.736090270069463,75
5.736090270069463,75
5.785034758827632,75
5.054540009525431,75
5.054540009525431,75
5.054540009525431,75
5.054540009525431,75
5.054540009525431,75
5.054540009525431,75
5.054540009525431,75
5.054540009525431,75
5.054540009525431,75
5.054540009525431,75
6.263015743468501,75
4.283964298975181,75
4.283964298975181,75
4.283964298975181,75
6.801277579264537,75
3.516273919935741,75
6.801277579264537,75
6.801277579264537,75
6.801277579264537,75
6.801277579264537,75
6.801277579264537,75
5.2855227827737865,75
6.011546682493634,75
6.384019497508897,75
5.501055580231206,75
5.501055580231206,75
5.501055580231206,75
4.0089292588902365,75
4.514159157162802,75
4.265319907748774,78
6.1810066679482025,85
7.3426024192183235,85
5.074722948442811,85
6.530385088299385,85
5.074722948442811,85
5.074722948442811,85
5.0630677530103645,85
6.005242174991583,85
6.18848193259678,85
6.005242174991583,85
6.005242174991583,85
4.673133217698123,85
5.181006667948202,85
5.753881710749156,85
4.169072119968664,85
6.526273355115518,85
4.510726171643211,85
6.426625401593877,85
6.426625401593877,85
6.286812394800189,85
6.426625401593877,85
6.426625401593877,85
4.748452975842131,85
4.748452975842131,85
6.498202399772786,85
6.248737228482154,85
5.515874271138391,85
5.515874271138391,85
5.515874271138391,85
5.503015094115111,85
5.503015094115111,85
5.503015094115111,85
7.007037975503581,85
7.007037975503581,85
7.007037975503581,85
5.580729529214643,85
5.503015094115111,85
5.503015094115111,85
5.503015094115111,85
5.408125730182616,86
4.112224590866406,85
6.3406670185759655,85
6.3406670185759655,85
5.028282946146018,85
5.028282946146018,85
5.686490664599829,85
4.759317029933,85
4.112224590866406,85
4.112224590866406,85
4.112224590866406,85
4.112224590866406,85
4.112224590866406,85
4.112224590866406,85
5.005242174991583,85
5.005242174991583,85
5.005242174991583,85
6.048541256927103,85
6.048541256927103,85
6.048541256927103,85
6.012429698774048,85
6.012429698774048,85
6.012429698774048,85
4.5261882460425475,85
4.5261882460425475,85
4.5261882460425475,85
4.572897158824071,85
4.572897158824071,85
4.572897158824071,85
4.732206117741302,85
4.732206117741302,85
4.732206117741302,85
5.1275497304968605,85
5.1275497304968605,85
5.1275497304968605,85
5.5676831732240135,85
5.5676831732240135,85
5.5676831732240135,85
3.5510390682319684,85
5.005242174991583,85
5.005242174991583,85
5.005242174991583,85
5.0225116380493064,85
5.0225116380493064,85
5.0225116380493064,85
5.639912753358164,85
5.639912753358164,85
5.639912753358164,85
5.503015094115111,85
5.503015094115111,85
5.503015094115111,85
5.005242174991583,85
5.005242174991583,85
5.005242174991583,85
3.9823192599593313,85
3.184354044812373,85
1.6611986697185854,85
4.005242174991582,85
5.5676831732240135,85
6.18848193259678,85
5.713325595788098,85
5.713325595788098,85
5.713325595788098,85
4.032905349977934,85
1.4405055371523754,86
1.4405055371523754,86
1.4405055371523754,86
1.4405055371523754,86
6.8013086601785435,86
6.8013086601785435,86
6.068806772819887,86
4.504860044520296,86
4.395864655180622,86
5.134275172185824,86
5.134275172185824,86
4.395793552319711,86
4.395864655180622,86
6.5405144052148465,86
3.320996248832184,86
4.1666614702072025,86
5.69325920370442,86
5.69325920370442,86
7.249808472101204,86
5.438925989689485,86
6.556278725607263,86
7.249808472101204,86
5.438925989689485,86
6.556278725607263,86
7.249808472101204,86
5.263161496732867,86
7.050601449047956,86
7.050601449047956,86
7.077707312225719,86
5.263161496732867,86
6.50109783348272,86
6.50109783348272,86
7.077707312225719,86
5.765807692130701,86
5.263090393871955,86
5.263161496732867,86
3.180715174482618,86
5.438925989689485,86
5.438925989689485,86
5.263161496732867,86
5.263161496732867,86
5.263161496732867,86
5.765807692130701,86
3.180715174482618,86
4.903471097775646,86
6.532617627633684,86
6.532617627633684,86
6.532617627633684,86
4.395864655180622,86
4.395864655180622,86
4.395864655180622,86
4.395864655180622,86
4.395864655180622,86
4.395864655180622,86
4.395864655180622,86
4.395864655180622,86
4.395864655180622,86
5.134275172185824,86
5.134275172185824,86
5.134275172185824,86
5.134275172185824,86
5.134275172185824,86
6.128303945010803,97
6.128303945010803,97
6.305413065706986,97
6.028589618498678,97
5.555877066630214,97
5.650540933575439,97
5.650540933575439,97
5.840830614744471,97
4.156526126652442,98
6.726714214266114,97
5.773047517354137,97
5.135764682003166,98
5.135764682003166,98
5.135764682003166,98
5.135764682003166,98
5.007525854584564,98
5.007525854584564,98
5.007525854584564,98
3.5158736280957794,98
3.5158736280957794,98
3.5158736280957794,98
3.5158736280957794,98
3.5158736280957794,98
3.5158736280957794,98
3.78340918698233,97
2.519151153349606,97
5.663599947520351,98
5.515246011667352,100
6.700875786921499,100
6.700875786921499,100
5.313387441690587,100
5.515246011667352,100
5.515246011667352,100
5.515246011667352,100
5.786050637896593,100
5.786050637896593,100
5.786050637896593,100
5.529345929280184,100
5.529345929280184,100
6.079597190523867,100
6.079597190523867,100
5.363006087783993,100
5.363006087783993,100
5.363006087783993,100
5.510555880294488,100
5.510555880294488,100
5.510555880294488,100
5.515246011667352,100
5.515246011667352,100
5.515246011667352,100
5.841222707207771,100
5.841222707207771,100
5.841222707207771,100
6.005696950959268,100
6.005696950959268,100
6.005696950959268,100
5.185148614271984,100
5.185148614271984,100
5.185148614271984,100
6.010935315223428,100
6.010935315223428,100
6.010935315223428,100
5.056239818863284,100
5.056239818863284,100
5.056239818863284,100
5.005696950959268,100
6.106984135175932,114
3.2870404396926785,114
3.2870404396926785,114
3.2870404396926785,114
3.2870404396926785,114
3.2870404396926785,114
3.2870404396926785,114
3.2870404396926785,114
3.2870404396926785,114
3.2870404396926785,114
3.2870404396926785,114
3.2870404396926785,114
2.163316987564067,114
5.114499425187755,116
5.114499425187755,116
5.114499425187755,116
6.000656503862102,116
6.000656503862102,116
6.000656503862102,116
6.571011776968867,24
6.459917408091649,40
6.084009427711043,40
6.1612671006942135,49
6.320494529076397,65
6.571011776968867,24
6.571011776968867,24
6.749526906773145,32
6.182698305345105,32
6.047894906355869,39
6.053647575110812,40
6.04961468920546,43
6.1612671006942135,49
6.0624515145983064,49
6.02167727117258,55
6.0693688847202,65
6.681981903222721,65
6.090373500678537,74
6.147318344386143,75
6.1810066679482025,85
6.293361671010194,55
6.45268452993256,55
5.1714794128570825,64
6.651375912212433,24
6.143886819769821,24
6.138546025859608,32
6.698258847494166,32
6.496937030672768,24
6.014060320526477,24
6.143886819769821,24
6.014805925255865,24
6.182698305345105,32
6.183721090805194,32
6.182698305345105,32
6.182698305345105,32
6.182698305345105,32
6.11243449698781,39
6.11243449698781,39
6.112434496987815,39
6.055891551844101,40
6.110919760198513,40
5.1492487763669255,40
5.1492487763669255,40
5.1492487763669255,40
6.2175519584591425,41
6.04961468920546,43
6.148719852583788,43
6.04961468920546,43
6.04961468920546,43
6.1024470408434714,43
6.1024470408434714,43
6.708438262575533,50
6.030353956843012,50
6.0624515145983064,49
6.0624515145983064,49
6.1612671006942135,49
6.022792670661913,49
6.1612671006942135,49
6.488264199278357,50
6.02167727117258,55
6.02167727117258,55
6.293361671010194,55
6.033938115953562,54
6.033938115953562,54
6.293361671010194,55
6.293361671010194,55
6.059931684115753,57
6.3902899068173715,60
6.414531262205091,60
6.15677413639015,65
6.15677413639015,65
6.193172893898268,65
6.259273257201325,70
6.114926249682608,70
6.03164379048884,70
6.367801412715387,70
6.367948428610225,70
6.314624076977698,70
6.367801412715387,70
6.367801412715387,70
6.367605973033433,70
6.367801412715387,70
6.0483552682180015,75
6.090373500678537,74
6.0483552682180015,75
6.147318344386143,75
6.196865743103114,75
6.002391582031314,75
6.0483552682180015,75
4.025359920995686,24
4.526400619045754,40
3.542223664976664,43
3.6078911502493303,55
3.6078911502493303,55
3.5730691436017716,64
3.5730691436017716,64
5.661537840669303,55
5.661537840669303,55
5.301278232513499,65
5.301278232513499,65
5.502650280472722,42
5.502650280472722,42
6.45268452993256,55
5.1714794128570825,64
6.369742834637282,49
6.369742834637282,49
6.421860458652241,54
6.421860458652241,54
6.421860458652241,54
5.532205229661681,32
5.890292548310127,32
4.04530322613127,42
5.109199295997805,42
4.570491731771872,54
4.5493455240483325,64
3.7951848555621974,50
4.333587410734022,19
4.333587410734022,19
5.884900594348791,24
5.799685441574415,32
4.561680559205172,32
3.6078911502493303,55
3.5730691436017716,64
5.827252980961725,98
5.661537840669303,55
5.301278232513499,65
5.502650280472722,42
6.369742834637282,49
6.225623617945741,75
6.225623617945741,75
6.225623617945741,75
4.748928276892544,24
4.798447235076666,24
4.570054909528788,32
4.709136101392171,24
4.422945949865571,24
5.51631224604639,24
4.7834214832514,32
5.572538474564652,40
5.7644328713811355,40
6.5905008684649165,50
5.293361671010193,55
5.785490136901949,65
5.7880995979301915,75
4.063138326718788,24
5.171129579153095,24
4.063138326718788,24
4.063138326718788,24
5.56096171620154,32
4.555846834752298,31
6.944905545247861,40
4.92639819400225,24
5.226732802134094,32
5.1283827912446815,55
5.041608955141751,60
5.226810398773459,32
5.016571587863471,39
5.996206090448164,40
4.811354439400725,40
4.912410403406469,42
6.100094078813243,43
6.287078165081274,42
5.1471093957013325,50
6.369742834637282,49
6.369742834637282,49
4.797474257382795,50
6.369742834637282,49
6.350562198435242,50
6.204302406831108,50
6.25848663027421,55
6.421860458652241,54
6.421860458652241,54
6.421860458652241,54
5.590070246580223,58
5.634761250243758,64
6.0207893291425405,65
4.330320507536826,65
6.4118221171542435,65
4.979906758518055,65
6.193172893898268,65
4.68082480321312,70
4.951547843611241,69
4.356241516253395,43
4.356241516253395,43
4.410126976514222,43
5.380181735077315,49
5.380181735077315,49
5.380181735077315,49
5.719086403196216,55
5.719086403196216,55
5.719086403196216,55
5.475494068044627,65
5.507696027807992,65
5.5509951097435115,65
5.885127373724774,75
5.920907365130298,75
6.0116274695537575,75
6.779416937203513,85
6.813691827932876,85
6.813691827932876,85
4.258270181780565,98
5.154958966766685,32
3.865573586776292,77
4.851142784766627,48
4.839782994637874,55
5.472198053824738,65
7.295724706334558,76
5.226810398773459,32
5.583285571635198,24
5.583285571635198,24
5.583285571635198,24
5.583285571635198,24
5.583285571635198,24
4.1977464327445775,24
4.92639819400225,24
5.085651638532086,32
5.226810398773459,32
6.628438558870485,40
4.346316418754582,50
3.4842171489595257,50
4.383305896768795,58
4.9068324559328165,70
4.5207253416601745,75
4.705258230661274,85
5.349203658000996,85
4.01101469876056,98
5.063138326718788,24
4.066544909449641,24
5.395247284012249,24
4.563735123688218,24
4.11981039350596,32
4.11981039350596,32
4.11981039350596,32
5.051045905816841,32
5.2268129560149825,32
5.016707910976807,32
5.118073049588307,40
6.022503316218213,39
5.118073049588307,40
5.416260701529987,40
5.572538474564652,40
5.572538474564652,40
4.297940618367445,42
5.110651021546228,43
5.388613081049771,42
5.193622976866961,42
6.082627418214837,50
3.7556918786576565,49
2.85788516870723,50
3.833595569310708,50
4.526428639549403,50
4.903531155172063,55
4.522165303383788,55
5.940046232390322,55
3.0311710449064218,55
4.53503722787905,55
5.552808910591775,55
4.014220466297351,64
4.5493455240483325,64
5.443567846962184,65
4.948332402726292,65
3.5812825355291937,65
5.50774202403524,65
4.819594333692885,70
5.1409897508048665,70
3.742547514126096,75
4.452167843042404,75
4.694913072699023,75
4.749900512486322,75
3.033614051574808,75
6.002391582031314,75
6.005242174991583,85
3.9823192599593313,85
4.051470647123762,86
4.630812830215861,24
5.017184873170333,32
4.948803749896118,32
6.025761901698537,40
5.214004183541708,40
6.284042377750066,24
6.284042377750066,24
6.284042377750066,24
6.284042377750066,24
6.284042377750066,24
6.284042377750066,24
6.284042377750066,24
6.284042377750066,24
6.284042377750066,24
6.284042377750066,24
6.284042377750066,24
6.19127811085949,32
6.19127811085949,32
6.19127811085949,32
6.19127811085949,32
6.19127811085949,32
6.19127811085949,32
6.19127811085949,32
6.19127811085949,32
6.19127811085949,32
6.19127811085949,32
6.19127811085949,32
4.497596729556777,42
6.120990724239581,24
5.053441577037442,32
3.683084849202257,39
3.683084849202257,39
4.025359920995686,24
4.025359920995686,24
4.025359920995686,24
5.051045905816841,32
4.526400619045754,40
4.526400619045754,40
4.526400619045754,40
3.542223664976664,43
3.542223664976664,43
3.542223664976664,43
5.552808910591775,55
5.0167187257265855,32
5.030432129486525,60
4.042599711063555,70
5.121853047308811,24
5.121511445327967,24
4.563780004108044,24
5.400291661111806,24
6.014060320526477,24
6.055891551844101,40
6.708438262575533,50
6.022792670661913,49
6.033938115953562,54
6.033938115953562,54
6.0693688847202,65
6.259273257201325,70
6.367605973033433,70
6.367801412715387,70
6.367801412715387,70
6.367801412715387,70
6.367801412715387,70
6.0483552682180015,75
6.292298502011051,55
4.546877182237033,55
5.799687998815937,32
5.799687998815937,32
5.799687998815937,32
5.799687998815937,32
5.799687998815937,32
5.799687998815937,32
5.799687998815937,32
5.799687998815937,32
5.799687998815937,32
6.025786528657009,40
4.488111325276538,100
4.394282121921142,55
5.519630522141826,65
4.733025430966904,75
5.241160861305282,85
4.488111325276538,100
4.488111325276538,100
4.488111325276538,100
4.488111325276538,100
4.488111325276538,100
4.488111325276538,100
4.488111325276538,100
4.488111325276538,100
4.488111325276538,100
4.488111325276538,100
4.394282121921142,55
4.394282121921142,55
4.394282121921142,55
4.394282121921142,55
4.394282121921142,55
4.394282121921142,55
4.394282121921142,55
4.394282121921142,55
4.394282121921142,55
4.394282121921142,55
5.519630522141826,65
5.519630522141826,65
5.519630522141826,65
5.519630522141826,65
5.519630522141826,65
5.519630522141826,65
5.519630522141826,65
5.519630522141826,65
5.519630522141826,65
5.519630522141826,65
4.733025430966904,75
4.733025430966904,75
4.733025430966904,75
4.733025430966904,75
4.733025430966904,75
4.733025430966904,75
4.733025430966904,75
4.733025430966904,75
4.733025430966904,75
4.733025430966904,75
5.241160861305282,85
5.241160861305282,85
5.241160861305282,85
5.241160861305282,85
5.241160861305282,85
5.241160861305282,85
5.241160861305282,85
5.241160861305282,85
5.241160861305282,85
5.241160861305282,85
4.050316322792688,24
3.536463658690008,24
4.536463658690008,24
6.266019008845879,31
5.793854274363063,31
5.04521473860549,31
5.04521473860549,31
6.235220811119447,39
5.235220811119446,39
6.361466345891943,39
6.361466345891943,39
5.892563741667072,42
6.098642353264821,42
5.968737022357746,42
5.6001935544751715,42
6.49594202679958,49
6.584685919148481,49
6.474027948326812,49
6.474027948326812,49
6.395167775876558,55
6.578108283365271,55
6.202200113549564,55
6.219403282919941,55
6.582378628467457,64
6.277763132362473,64
6.679352863107162,64
6.968577090101265,64
5.910030969707462,75
6.283698989455167,75
6.910030969707463,75
6.910030969707463,75
6.4118221171542435,65
5.292813831252921,24
4.97181885901643,31
5.573990745760903,19
3.9199099454712223,19
4.630331973234725,24
6.521251371720755,31
5.292813831252921,24
4.97181885901643,31
4.630331973234725,24
7.1315097403651855,24
6.224906673553365,50
4.533974058879906,55
6.17246824819191,55
4.045233878084586,64
6.43826125058401,65
6.374071835005367,75
5.351487569550856,24
5.408184154225782,31
4.285387548332183,43
4.356241516253395,43
4.029236682652612,43
4.2156364107821895,43
4.2156364107821895,43
5.050032172951,43
4.482955455249254,43
4.5831222380335825,49
4.909727792796122,49
4.13392447306466,49
4.8485470457482105,49
4.8485470457482105,49
5.699152541308105,49
5.245392022087018,49
5.088069894655924,55
5.33557316160007,55
4.1175971780535745,55
5.597548917306669,55
5.279379069595689,55
6.381755466087895,55
5.597548917306669,55
5.401243988893101,65
5.475494068044627,65
5.286995341885052,65
5.027996779523445,65
5.359361253034525,65
6.281870790019923,65
5.925136077633466,65
5.363765317705205,75
5.277816565063631,75
5.277816565063631,75
5.69328632683023,75
4.593676354079774,75
6.546341355174655,75
5.788180384990315,75
6.166093442479324,85
3.8510476715487516,24
3.8510476715487516,24
5.483988771987925,32
5.483988771987925,32
5.7272967610449665,48
5.871317766395888,55
6.159730989517401,65
4.292298502011051,55
3.6489006861400743,65
4.526346449700096,100
6.054750632487112,55
5.1556252552474255,65
4.513908184574289,50
5.562529542658195,55
5.518750857743906,55
5.053020882854866,64
4.732242536302513,75
5.50154288776659,49
5.52322847238293,55
5.518481640999099,65
5.567040792057734,75
4.07789184606401,86
4.904106439037617,86
5.017184873170333,32
5.03098766900437,31
5.718939505764904,32
5.0167187257265855,32
5.016707910976807,32
3.5926914137508845,32
5.0167187257265855,32
5.0167187257265855,32
5.574444892258945,40
5.574444892258945,40
5.243148836529163,40
5.026256218529832,42
3.955295133705826,42
5.004342140057064,42
5.110651021546228,43
5.805026808133116,43
5.087619010444134,46
6.082627418214837,50
5.0190601095993035,50
6.003308177326366,50
5.0190601095993035,50
5.0190601095993035,50
4.346316418754582,50
5.0190601095993035,50
4.506588374804526,55
5.977526543341521,55
5.552808910591775,55
5.034877339973175,55
4.716007447308886,55
5.567672672535419,55
4.53503722787905,55
3.570651350024759,55
4.546877182237033,55
4.0632890123612855,58
3.0007306870974766,64
6.008726279819099,65
5.50774202403524,65
4.01060819074902,65
5.605759980143996,65
5.099926865732628,65
5.037686340309588,65
5.1409897508048665,70
4.298248697364598,70
5.055950764254519,70
2.8721265607586197,70
3.6298065505640733,75
7.002391582031315,75
3.586921820264716,75
4.5207253416601745,75
5.094795270514794,75
5.173357206775349,24
5.395247284012249,24
5.395247284012249,24
5.03098766900437,31
5.03098766900437,31
5.048057871940883,31
5.051045905816841,32
5.154958966766685,32
5.051048463058364,32
5.050329620054731,32
5.03098766900437,31
5.03098766900437,31
5.532205229661681,32
5.364749558330739,40
5.601360409309915,40
5.164429277262144,40
5.118073049588307,40
4.550480363705366,40
4.297937918289465,42
5.597196157966405,41
5.479867364841652,43
5.479867364841652,43
5.580525627381117,43
3.702306229708963,50
5.0190601095993035,50
3.7556918786576565,49
4.305760303793525,50
4.247706889147649,55
4.247706889147649,55
4.903531155172063,55
5.02167727117258,55
4.903531155172063,55
4.840846163637017,55
4.339714643878866,65
4.339714643878866,65
4.223907358866596,65
4.014220466297351,64
4.014220466297351,64
4.014220466297351,64
2.2600521183951523,65
4.223907358866596,65
2.2600521183951523,65
4.819594333692885,70
4.578557884086625,70
5.072829956027233,70
3.858208975844934,70
4.045422807070926,75
3.742547514126096,75
5.020720524218696,75
3.742547514126096,75
3.040157613752783,75
5.067119924693827,42
4.628587018735154,42
4.428233749097203,43
4.9671194636148535,48
5.660674594560302,49
4.6243875937263965,49
4.501636875483734,49
3.5726451573931013,49
5.702649565199762,55
5.420144829841371,55
3.8651735448120057,55
4.618581433837434,55
4.1381312562415715,55
2.889684563715858,55
4.382835321016284,55
4.617518264838292,55
5.007452800150534,55
6.082699390094055,65
5.606862865059476,65
4.534774123722858,65
4.8570744481591746,65
4.20886096462041,65
3.6205371729918245,65
4.895646679285525,65
5.288144223027779,65
5.902698482656776,65
4.184745641220633,65
5.991431353096066,75
4.665846519997129,75
4.8549373875452435,75
4.28214050565656,75
4.171330516648757,75
5.742892889650735,75
3.386818930206902,75
4.611852853385589,75
6.726470249064653,77
5.629745196783028,77
6.934705686399479,83
4.646537174546252,85
6.070348697126533,85
4.908619355377953,85
4.683815988234116,85
5.308276644402545,85
3.8828285516263286,85
4.678471419779866,85
3.9339256901459634,98
6.141543653942338,98
6.874359862273617,100
5.4029876245966495,114
4.536463658690008,24
5.014809056072118,24
5.014809056072118,24
5.014809056072118,24
5.014809056072118,24
5.014809056072118,24
4.564121606088888,24
4.564121606088888,24
4.564121606088888,24
4.564121606088888,24
5.121511445327967,24
5.121511445327967,24
5.121511445327967,24
5.121511445327967,24
5.121511445327967,24
5.121511445327967,24
5.561680559205171,32
5.561680559205171,32
5.561680559205171,32
5.561680559205171,32
5.561680559205171,32
5.561680559205171,32
4.3445623134294555,31
4.3445623134294555,31
4.3445623134294555,31
4.3445623134294555,31
5.574444892258945,40
5.574444892258945,40
5.574444892258945,40
5.574444892258945,40
5.574444892258945,40
5.574444892258945,40
4.544406853380655,39
5.006184283739305,43
5.006184283739305,43
5.006184283739305,43
5.006184283739305,43
5.006184283739305,43
6.023006759011338,50
6.023006759011338,50
6.023006759011338,50
6.023006759011338,50
6.023006759011338,50
4.0064541375241625,50
4.0064541375241625,50
4.0064541375241625,50
4.0064541375241625,50
4.0064541375241625,50
5.642494366309377,49
5.642494366309377,49
5.642494366309377,49
5.642494366309377,49
5.214645309859157,55
5.214645309859157,55
5.214645309859157,55
5.214645309859157,55
5.008726279819099,65
5.008726279819099,65
5.008726279819099,65
5.008726279819099,65
5.008726279819099,65
4.62701334569581,65
4.62701334569581,65
4.62701334569581,65
4.62701334569581,65
5.5485690204715645,75
5.5485690204715645,75
5.5485690204715645,75
5.121511445327967,24
5.121511445327967,24
5.121511445327967,24
5.121511445327967,24
5.121511445327967,24
5.121511445327967,24
5.121511445327967,24
5.121511445327967,24
5.016705353735284,32
5.016705353735284,32
5.016705353735284,32
5.016705353735284,32
5.065515602883841,19
5.065515602883841,19
5.065515602883841,19
5.521646616800624,19
3.9760647614621036,22
3.9760647614621036,22
3.9760647614621036,22
3.9760647614621036,22
3.9760647614621036,22
5.121853047308811,24
5.121511445327967,24
5.121511445327967,24
5.121511445327967,24
5.121511445327967,24
5.121511445327967,24
4.516360257282469,24
4.516360257282469,24
4.516360257282469,24
4.516360257282469,24
4.563780004108044,24
4.563780004108044,24
4.563780004108044,24
4.563780004108044,24
4.563780004108044,24
5.884900594348791,24
5.121853047308811,24
5.121853047308811,24
5.121853047308811,24
5.121853047308811,24
5.067844048828729,24
6.076495773620495,24
6.076495773620495,24
6.076495773620495,24
6.076495773620495,24
6.076495773620495,24
6.076495773620495,24
6.010103150137152,24
5.0167187257265855,32
5.0167187257265855,32
5.0167187257265855,32
5.0167187257265855,32
5.0167187257265855,32
5.016703576803088,32
5.016703576803088,32
5.016703576803088,32
5.016703576803088,32
5.799687998815937,32
4.3445623134294555,31
6.04521473860549,31
6.04521473860549,31
6.04521473860549,31
6.04521473860549,31
6.04521473860549,31
4.3445623134294555,31
4.3445623134294555,31
4.3445623134294555,31
5.799685441574415,32
5.051525425251889,32
5.051525425251889,32
5.051525425251889,32
6.04521473860549,31
6.04521473860549,31
6.04521473860549,31
6.04521473860549,31
6.04521473860549,31
6.04521473860549,31
4.558689968087691,31
4.558689968087691,31
4.558689968087691,31
6.04521473860549,31
6.04521473860549,31
6.04521473860549,31
4.570732207347719,32
4.570732207347719,32
4.570732207347719,32
4.570732207347719,32
4.570732207347719,32
6.082256469696936,39
6.082256469696936,39
6.082256469696936,39
6.082256469696936,39
6.082256469696936,39
4.550480363705366,40
4.550480363705366,40
4.550480363705366,40
6.025786528657009,40
6.082256469696936,39
6.082256469696936,39
6.082256469696936,39
6.082256469696936,39
6.082256469696936,39
5.823038132488297,40
5.823038132488297,40
5.823038132488297,40
6.112434496987815,39
6.112434496987815,39
6.112434496987815,39
6.112434496987815,39
6.112434496987815,39
6.112434496987815,39
6.082256469696936,39
6.082256469696936,39
6.025786528657009,40
6.025786528657009,40
6.025786528657009,40
6.025786528657009,40
6.027036614996438,41
6.027036614996438,41
6.027036614996438,41
6.027036614996438,41
6.027036614996438,41
6.027036614996438,41
6.027036614996438,41
5.6032243611452595,42
5.6032243611452595,42
5.6032243611452595,42
5.6032243611452595,42
5.6032243611452595,42
5.004339796237608,41
5.004339796237608,41
5.004339796237608,41
5.004339796237608,41
5.004339796237608,41
4.7649139916034216,42
4.7649139916034216,42
4.7649139916034216,42
5.062942946872196,42
5.062942946872196,42
5.062942946872196,42
5.062942946872196,42
5.062942946872196,42
5.062942946872196,42
5.299427647726304,42
5.299427647726304,42
5.299427647726304,42
5.299427647726304,42
5.299427647726304,42
5.51068390027356,43
5.51068390027356,43
5.51068390027356,43
5.51068390027356,43
4.926734502287409,43
4.926734502287409,43
4.926734502287409,43
4.926734502287409,43
4.04206066023001,42
4.233024634840268,43
4.233024634840268,43
4.233024634840268,43
4.233024634840268,43
4.233024634840268,43
4.233024634840268,43
4.04206066023001,42
4.04206066023001,42
4.04206066023001,42
4.553267260591147,42
5.141294446384899,49
5.141294446384899,49
5.141294446384899,49
5.141294446384899,49
5.141294446384899,49
5.004902443051654,50
5.004902443051654,50
5.004902443051654,50
5.004902443051654,50
5.004902443051654,50
5.016951299027647,49
5.016951299027647,49
5.016951299027647,49
5.016951299027647,49
5.016951299027647,49
5.016951299027647,49
5.125086761023219,49
5.125086761023219,49
5.125086761023219,49
5.125086761023219,49
6.371851645208939,50
6.371851645208939,50
6.371851645208939,50
6.371851645208939,50
3.540587956597824,50
3.540587956597824,50
3.540587956597824,50
5.141294446384899,49
5.141294446384899,49
5.141294446384899,49
5.141294446384899,49
5.141294446384899,49
6.371851645208939,50
6.371851645208939,50
6.371851645208939,50
6.371851645208939,50
4.095449802120537,50
4.095449802120537,50
4.095449802120537,50
4.095449802120537,50
4.095449802120537,50
4.095449802120537,50
5.642494366309377,49
5.642494366309377,49
5.642494366309377,49
5.642494366309377,49
5.01324516028287,49
5.01324516028287,49
5.552808910591775,55
5.552808910591775,55
5.552808910591775,55
5.552808910591775,55
5.552808910591775,55
5.634430436780009,55
5.634430436780009,55
5.634430436780009,55
5.634430436780009,55
5.634430436780009,55
5.54833129595275,55
5.54833129595275,55
5.54833129595275,55
5.54833129595275,55
5.54833129595275,55
5.54833129595275,55
6.453747698931702,55
4.02167727117258,55
4.02167727117258,55
4.02167727117258,55
5.552808910591775,55
5.552808910591775,55
5.552808910591775,55
5.552808910591775,55
5.552808910591775,55
4.578108283365271,55
4.578108283365271,55
4.578108283365271,55
4.578108283365271,55
6.25848663027421,55
3.856063224498241,55
3.856063224498241,55
3.856063224498241,55
3.856063224498241,55
3.856063224498241,55
6.483384094694954,58
6.483384094694954,58
6.483384094694954,58
6.483384094694954,58
4.603408888721034,58
4.227886810654365,57
5.030432129486525,60
5.030432129486525,60
5.030432129486525,60
5.030432129486525,60
5.041608955141751,60
5.041608955141751,60
5.041608955141751,60
5.041608955141751,60
5.041608955141751,60
5.041608955141751,60
6.007529267450542,65
6.007529267450542,65
6.007529267450542,65
6.007529267450542,65
6.007529267450542,65
6.016635675257843,64
6.016635675257843,64
6.016635675257843,64
6.016635675257843,64
6.016635675257843,64
6.016635675257843,64
5.8431668676196225,65
4.018374120182047,65
4.018374120182047,65
4.018374120182047,65
5.634761250243758,64
5.634761250243758,64
5.634761250243758,64
5.634761250243758,64
5.634761250243758,64
5.6370589836888305,64
5.6370589836888305,64
5.6370589836888305,64
5.6370589836888305,64
5.6370589836888305,64
6.0207893291425405,65
6.0207893291425405,65
6.0207893291425405,65
6.0207893291425405,65
6.0207893291425405,65
6.0207893291425405,65
5.634761250243758,64
5.634761250243758,64
5.634761250243758,64
5.634761250243758,64
5.634761250243758,64
4.042599711063555,70
4.6703307864310215,70
4.042599711063555,70
4.042599711063555,70
4.042599711063555,70
4.042599711063555,70
6.018896730900076,75
6.018896730900076,75
6.018896730900076,75
6.018896730900076,75
6.018896730900076,75
6.018896730900076,75
4.533886643683078,75
4.533886643683078,75
4.533886643683078,75
5.515617253494867,75
5.515617253494867,75
5.515617253494867,75
5.515617253494867,75
5.515617253494867,75
4.501055580231206,75
5.035437844893429,75
4.501055580231206,75
4.501055580231206,75
4.501055580231206,75
4.501055580231206,75
4.501055580231206,75
5.035437844893429,75
5.598455473847803,75
6.018896730900076,75
4.189669496698741,97
3.5008157002390408,100
3.5008157002390408,100
3.5008157002390408,100
4.003721725242305,48
4.003721725242305,48
4.003721725242305,48
4.003721725242305,48
4.003721725242305,48
4.003721725242305,48
4.546877182237033,55
4.546877182237033,55
4.546877182237033,55
4.546877182237033,55
4.546877182237033,55
4.546877182237033,55
4.048945386341494,55
4.048945386341494,55
4.048945386341494,55
4.048945386341494,55
5.066881362898524,65
5.066881362898524,65
5.066881362898524,65
5.066881362898524,65
5.066881362898524,65
5.066881362898524,65
5.1714794128570825,64
5.1714794128570825,64
5.1714794128570825,64
5.1714794128570825,64
5.804199982629451,77
5.804199982629451,77
5.804199982629451,77
5.804199982629451,77
4.000700737851957,55
4.000233788824486,65
5.561680559205171,32
5.561680559205171,32
5.561680559205171,32
5.561680559205171,32
5.561680559205171,32
4.3445623134294555,31
4.3445623134294555,31
4.3445623134294555,31
4.544406853380655,39
4.544406853380655,39
4.544406853380655,39
3.553267260591146,42
3.553267260591146,42
3.553267260591146,42
4.04206066023001,42
4.04206066023001,42
4.04206066023001,42
3.018797767189196,42
3.018797767189196,42
3.018797767189196,42
3.054983381188823,49
3.054983381188823,49
3.054983381188823,49
5.642494366309377,49
5.642494366309377,49
5.642494366309377,49
3.244278478929851,50
3.244278478929851,50
3.244278478929851,50
3.244278478929851,50
3.244278478929851,50
3.244278478929851,50
5.592095134190206,50
3.540587956597824,50
3.540587956597824,50
3.540587956597824,50
3.506680454728492,50
3.506680454728492,50
3.506680454728492,50
3.506680454728492,50
3.506680454728492,50
3.506680454728492,50
3.525501428231561,49
4.546877182237033,55
4.546877182237033,55
4.546877182237033,55
4.546877182237033,55
4.546877182237033,55
3.1704639084528186,55
3.1704639084528186,55
3.1704639084528186,55
3.1704639084528186,55
3.1704639084528186,55
3.1704639084528186,55
3.6659665217587554,55
3.6659665217587554,55
3.6659665217587554,55
4.0111451391386845,55
4.0111451391386845,55
4.0111451391386845,55
4.0111451391386845,55
4.0111451391386845,55
4.0111451391386845,55
5.0870067256567815,55
5.0870067256567815,55
5.0870067256567815,55
3.1783337143544577,55
3.1783337143544577,55
3.1783337143544577,55
3.1783337143544577,55
3.1783337143544577,55
3.1783337143544577,55
5.891771940265505,55
4.02167727117258,55
4.02167727117258,55
4.02167727117258,55
4.000637701458118,55
4.000637701458118,55
4.000637701458118,55
4.000637701458118,55
4.000637701458118,55
4.000637701458118,55
4.000637701458118,55
4.000637701458118,55
4.000637701458118,55
4.000637701458118,55
4.000637701458118,55
4.546877182237033,55
4.546877182237033,55
4.546877182237033,55
4.546877182237033,55
4.546877182237033,55
4.546877182237033,55
3.5221653033837876,55
3.5221653033837876,55
3.5221653033837876,55
5.297308055358051,65
5.297308055358051,65
5.297308055358051,65
5.297308055358051,65
5.297308055358051,65
5.037732336536836,65
5.037732336536836,65
5.037732336536836,65
5.037732336536836,65
5.037732336536836,65
5.037732336536836,65
4.5045888629198965,65
4.5045888629198965,65
4.5045888629198965,65
4.5045888629198965,65
4.5045888629198965,65
4.5045888629198965,65
4.55214399088624,65
4.55214399088624,65
4.55214399088624,65
4.026107375108334,65
4.026107375108334,65
4.026107375108334,65
4.026107375108334,65
4.026107375108334,65
4.026107375108334,65
2.5215522664520984,65
2.5215522664520984,65
2.5215522664520984,65
2.5215522664520984,65
2.5215522664520984,65
4.6311524644559965,65
4.6311524644559965,65
4.6311524644559965,65
3.20131462767076,65
3.20131462767076,65
3.20131462767076,65
3.20131462767076,65
3.20131462767076,65
3.20131462767076,65
5.68346052076461,65
4.018374120182047,65
4.018374120182047,65
4.018374120182047,65
3.5008528295690193,65
3.5008528295690193,65
3.5008528295690193,65
3.5008528295690193,65
3.5008528295690193,65
4.17563306674178,65
4.173950665703787,65
4.173950665703787,65
4.173950665703787,65
4.173950665703787,65
4.173950665703787,65
3.615280634191649,64
4.026107375108334,65
2.5229346480061015,64
4.026107375108334,65
4.026107375108334,65
4.026107375108334,65
4.026107375108334,65
3.6205371729918245,65
3.6205371729918245,65
3.6205371729918245,65
5.005691320259438,70
5.005691320259438,70
5.005691320259438,70
5.005691320259438,70
5.005691320259438,70
5.005691320259438,70
5.005691320259438,70
5.005691320259438,70
5.005691320259438,70
5.005691320259438,70
5.005691320259438,70
5.005691320259438,70
5.005691320259438,70
5.005691320259438,70
5.005691320259438,70
5.642279763141617,75
5.642279763141617,75
5.642279763141617,75
5.642279763141617,75
5.642279763141617,75
4.088824023638374,75
4.088824023638374,75
4.088824023638374,75
4.088824023638374,75
4.088824023638374,75
4.088824023638374,75
5.026249349641676,75
5.026249349641676,75
5.026249349641676,75
5.026249349641676,75
5.026249349641676,75
5.026249349641676,75
3.5180977132543605,75
3.5180977132543605,75
3.5180977132543605,75
3.5180977132543605,75
3.5180977132543605,75
3.5180977132543605,75
3.5338866436830774,75
3.0354378448934285,75
3.5338866436830774,75
3.5338866436830774,75
3.5338866436830774,75
5.5485690204715645,75
5.5485690204715645,75
5.5485690204715645,75
4.501055580231206,75
4.501055580231206,75
4.501055580231206,75
4.501055580231206,75
4.501055580231206,75
4.501055580231206,75
4.533886643683078,75
4.533886643683078,75
4.533886643683078,75
4.468463290262498,75
4.468463290262498,75
4.468463290262498,75
4.468463290262498,75
4.468463290262498,75
4.468463290262498,75
5.5485690204715645,75
5.5485690204715645,75
5.5485690204715645,75
5.5485690204715645,75
4.525477367742598,75
4.525477367742598,75
4.525477367742598,75
4.525477367742598,75
4.525477367742598,75
4.525477367742598,75
4.782789674433651,75
4.782789674433651,75
4.782789674433651,75
4.782789674433651,75
4.552077515720736,85
4.510726171643211,85
4.510726171643211,85
4.510726171643211,85
4.510726171643211,85
4.510726171643211,85
4.510726171643211,85
3.546887682925626,85
2.546887682925626,85
3.546887682925626,85
3.546887682925626,85
3.546887682925626,85
4.552077515720736,85
4.552077515720736,85
4.552077515720736,85
3.5055839279471974,85
3.5055839279471974,85
3.5055839279471974,85
3.5055839279471974,85
3.5055839793202916,85
4.552077515720736,85
4.552077515720736,85
4.552077515720736,85
4.5261882460425475,85
4.00984086202183,85
4.00984086202183,85
4.00984086202183,85
4.00984086202183,85
4.00984086202183,85
4.00984086202183,85
4.5261882460425475,85
4.5261882460425475,85
4.5261882460425475,85
3.5018497413173733,86
3.5018497413173733,86
3.5018497413173733,86
3.5018497413173733,86
4.191691627513516,98
4.191691627513516,98
4.191691627513516,98
4.191691627513516,98
4.191691627513516,98
4.191691627513516,98
5.515246011667352,100
5.515246011667352,100
5.515246011667352,100
5.515246011667352,100
5.515246011667352,100
5.515246011667352,100
5.0902545561118995,100
5.0902545561118995,100
5.0902545561118995,100
5.0902545561118995,100
5.0902545561118995,100
3.5008157002390408,100
3.5008157002390408,100
3.5008157002390408,100
3.0092711879419327,100
3.0092711879419327,100
3.0092711879419327,100
3.0092711879419327,100
2.824204819310837,42
2.824204819310837,42
2.824204819310837,42
2.824204819310837,42
2.824204819310837,42
3.6847444319425677,49
3.6847444319425677,49
3.6847444319425677,49
3.6847444319425677,49
4.3269419428521605,49
6.453747698931702,55
6.453747698931702,55
6.453747698931702,55
6.453747698931702,55
5.03039972533415,55
5.03039972533415,55
5.03039972533415,55
5.03039972533415,55
4.123905176605657,55
5.8431668676196225,65
4.021953721223637,64
4.021953721223637,64
4.021953721223637,64
4.021953721223637,64
4.076463412951497,64
4.076463412951497,64
4.618566592645355,75
4.618566592645355,75
4.618566592645355,75
4.618566592645355,75
4.618566592645355,75
4.00984086202183,85
4.00984086202183,85
4.00984086202183,85
4.00984086202183,85
4.0282829461460175,85
4.191691627513516,98
4.191691627513516,98
4.191691627513516,98
4.191691627513516,98
4.191691627513516,98
6.698258847494166,32
6.047894906355869,39
6.293361671010194,55
6.152760171397917,64
6.0693688847202,65
4.981909663301017,32
4.177359090775439,42
3.736207768079859,42
3.76743730294677,42
4.595568072425353,49
4.10620016857216,49
4.119096350472407,49
4.569588181025617,55
3.503335779389237,55
3.5982846725777753,55
3.5982846725777753,55
3.2565897862437874,55
4.337338279294821,55
4.88626150283395,65
4.42348194480271,65
4.306641282564334,65
4.306641282564334,65
3.4336400604880652,65
4.398186938129049,65
3.865794334872501,75
4.376622293003026,75
4.453668662656631,75
3.6604177850901025,75
4.618566592645355,75
4.47485412095893,85
4.49019271020941,85
5.016627757095919,32
5.016627757095919,32
5.019830173343795,40
5.019830173343795,40
6.836914292813554,40
5.226823770764761,32
5.0108741865239335,31
5.086738931330573,32
5.335678717207596,32
6.025761901698537,40
5.020064671376166,39
5.364749558330739,40
5.210113082989033,55
5.155671251474673,65
5.561680559205171,32
6.138131023338002,32
5.0856541957736106,32
5.708762340346765,40
6.083633264441438,40
5.755151456846737,42
5.8191153373425655,43
4.534764934443967,16
4.534764934443967,16
4.692023881003697,16
4.38724291431982,50
7.266401600734831,50
5.295678364518265,50
5.848761134097636,50
5.053288980698555,49
4.995393206865746,55
7.096438562106976,55
5.293361671010193,55
5.307388036506728,55
5.06181816956421,54
5.348997441752395,65
6.0328849373430415,65
5.066927359125772,65
4.638914904128455,65
5.236057624197626,65
5.029978519185143,64
5.388004753545411,75
5.151965446941944,75
5.086408535553546,85
5.171129579153095,24
5.17583235427181,24
5.17583235427181,24
5.171129579153095,24
5.71310578131203,31
5.0108741865239335,31
5.562157521398698,32
5.555846834752298,31
5.718939505764904,32
6.112434496987815,39
5.112434496987815,39
5.016571587863471,39
5.016571587863471,39
5.996206090448164,40
6.218303481404389,65
6.991054732042133,75
6.218508310371797,85
6.086768029019206,98
4.92928651409559,55
5.681650596552234,64
5.793854274363063,31
6.371851645208939,50
6.453747698931702,55
5.8431668676196225,65
5.884900594348791,24
5.880197819230076,24
5.880197819230076,24
5.880197819230076,24
5.880197819230076,24
5.880197819230076,24
5.799685441574415,32
5.799687998815937,32
6.206601394692058,38
6.206601394692058,38
6.206601394692058,38
6.206601394692058,38
6.206601394692058,38
6.206601394692058,38
6.025786528657009,40
6.022503316218213,39
6.022503316218213,39
6.022503316218213,39
6.022503316218213,39
6.022503316218213,39
6.153128193373064,41
6.153128193373064,41
6.153128193373064,41
6.153128193373064,41
6.153128193373064,41
6.153128193373064,41
6.314656222068065,42
6.314656222068065,42
6.314656222068065,42
6.314656222068065,42
6.314656222068065,42
6.314656222068065,42
5.51068390027356,43
6.371851645208939,50
6.453747698931702,55
6.483384094694954,58
4.212460574539415,19
4.134136224746854,22
6.076495773620495,24
5.951933420456607,24
5.880197819230076,24
4.515611521736828,24
5.399112734703527,24
4.5038244549102,24
4.5038244549102,24
5.399112734703527,24
4.025976491245213,24
3.1109409488656943,27
3.1109409488656943,27
6.007444889755374,32
5.612535728172452,32
4.707985055307133,31
4.943015385879585,32
4.046337416196342,32
4.513125542904489,34
4.54903877620938,32
4.513125542904489,34
4.570737326913083,32
6.409737527786951,40
5.996206090448164,40
5.067119924693827,42
3.032234213905565,55
5.346992914065456,57
5.533270548071191,58
5.634761250243758,64
4.507742024035239,65
5.0560574392483195,70
4.757909454846906,24
5.154958966766685,32
5.561680559205171,32
4.757909454846906,24
4.757909454846906,24
4.511450751759631,55
4.740698529701904,55
5.661155248126301,65
6.045013280653004,65
5.26280849184812,32
5.121511445327967,24
5.26280849184812,32
5.26280849184812,32
5.26280849184812,32
3.3241491512901344,22
4.864733842526665,22
3.7271911709489993,24
4.27186525955603,32
4.2156364107821895,43
4.2156364107821895,43
4.2156364107821895,43
4.8485470457482105,49
4.8485470457482105,49
4.8485470457482105,49
5.597548917306669,55
5.597548917306669,55
5.597548917306669,55
5.401243988893101,65
5.401243988893101,65
5.401243988893101,65
5.823191657737304,75
5.823191657737304,75
5.823191657737304,75
6.720059511582148,85
5.7272967610449665,48
5.871317766395888,55
6.159730989517401,65
4.497596729556777,42
6.309656677494295,24
6.010103150137152,24
6.651375912212433,24
6.138546025859608,32
6.749526906773145,32
6.138069063666082,32
8.51651414520261,32
6.238504023558243,40
6.436333622695435,50
6.1612671006942135,49
6.488264199278357,50
6.0624515145983064,49
6.361508039658019,55
6.293361671010194,55
6.02167727117258,55
6.3902899068173715,60
6.085122727853401,60
6.43826125058401,65
6.0693688847202,65
6.292263476185693,65
6.681981903222721,65
6.320494529076397,65
6.37351524694427,70
6.367689189980086,70
6.735709382779707,75
6.196865743103114,75
6.090373500678537,74
5.652614374321411,82
6.418742514569718,85
6.1810066679482025,85
6.1069319216521025,85
6.070348697126533,85
6.068349670732032,86
6.004257528110983,98
6.007730994096279,32
6.04803737891574,43
6.056850653631297,49
6.02167727117258,55
5.38515551905164,43
6.578108283365271,55
7.972684747758714,65
5.532205229661681,32
5.048057871940883,31
5.890292548310127,32
5.025863763302918,31
5.799685441574415,32
4.409753463503695,32
4.56169137395495,32
5.798969155812304,32
5.798969155812304,32
6.022503316218213,39
5.118073049588307,40
4.550480363705366,40
6.01894107318675,40
4.811354439400725,40
3.733461271230745,40
6.022503316218213,39
6.022503316218213,39
4.506395613917393,41
6.404224337872835,42
5.131059626662445,42
5.255491804459134,42
4.7649139916034216,42
5.468284088523051,43
4.636007606228578,42
6.287078165081274,42
6.287078165081274,42
5.502650280472722,42
3.74369813786958,49
6.366036695892506,49
4.019291093555415,49
5.489942004042138,49
6.371851645208939,50
6.371851645208939,50
3.404361801540006,49
4.570491731771872,54
6.449270084292677,55
4.767875082608744,55
3.6078911502493303,55
3.6078911502493303,55
5.661537840669303,55
5.15546094080525,55
4.292298502011051,55
5.293361671010193,55
3.627166105201241,55
4.789429429855246,55
6.45268452993256,55
6.45268452993256,55
6.45268452993256,55
6.580323114134935,55
4.5493455240483325,64
5.51437398334165,64
6.012924571152087,64
3.5730691436017716,64
5.301278232513499,65
5.1714794128570825,64
5.1714794128570825,64
5.1714794128570825,64
6.976828680582021,64
5.59223346725026,70
4.908338226041787,70
4.908338226041787,70
4.01967621728369,74
3.7098681994864435,74
4.785335617340371,19
4.717944571191044,19
5.723561815432824,43
5.353523151201295,24
5.2456061104364435,50
5.293361671010193,55
5.1556252552474255,65
5.246803153276395,75
4.160896259989094,55
4.160896259989094,55
4.160896259989094,55
4.338565762736138,65
4.338565762736138,65
4.338565762736138,65
4.159610511283939,65
4.159610511283939,65
4.159610511283939,65
4.667751100375872,75
4.667751100375872,75
4.667751100375872,75
4.130871593408056,75
4.130871593408056,75
4.130871593408056,75
4.5833433642947075,85
4.5833433642947075,85
4.5833433642947075,85
4.112224590866406,85
4.112224590866406,85
4.112224590866406,85
4.889934275043304,100
4.889934275043304,100
4.889934275043304,100
4.166600879620159,114
6.651375912212433,24
6.143886819769821,24
8.51651414520261,32
6.698258847494166,32
6.1612671006942135,49
6.386302624524183,55
6.256335563565565,65
6.0483552682180015,75
6.070348697126533,85
4.570491731771872,54
6.285522782773787,75
5.263525424259972,43
5.374183395081641,43
6.310901498166682,55
6.4118221171542435,65
6.384019497508897,75
4.025359920995686,24
5.051045905816841,32
5.051045905816841,32
4.526400619045754,40
3.542223664976664,43
4.527878970799845,42
4.527878970799845,42
4.051852607368282,42
4.375951875098368,42
5.126289240055156,42
4.527878970799845,42
4.527878970799845,42
4.527878970799845,42
4.051852607368282,42
4.375951875098368,42
5.126289240055156,42
4.753473125119566,48
4.817955102606061,48
4.817955102606061,48
4.86693285915705,48
4.642815154297896,48
4.642815154297896,48
4.689905816504032,48
4.689905816504032,48
4.580787588050276,48
4.753473125119566,48
5.7936655032095405,48
4.689905816504032,48
4.689905816504032,48
4.580787588050276,48
4.753473125119566,48
5.7936655032095405,48
5.654541511056856,48
5.654541511056856,48
5.349732478648492,55
5.450120486983198,55
5.349732478648492,55
5.450120486983198,55
4.582585898004297,55
4.716007447308886,55
5.048116404602346,55
5.237691139975824,55
5.141901414219262,55
4.716007447308886,55
5.048116404602346,55
5.237691139975824,55
5.141901414219262,55
4.904594324171205,55
4.904594324171205,55
4.667029690757898,55
4.630644483160877,55
4.8535234567239876,55
4.904594324171205,55
4.904594324171205,55
4.667029690757898,55
4.630644483160877,55
4.8535234567239876,55
4.582585898004297,55
4.582585898004297,55
4.904594324171205,55
4.053423000980519,55
4.053423000980519,55
4.8535234567239876,55
5.048116404602346,55
4.904594324171205,55
4.053423000980519,55
4.053423000980519,55
4.8535234567239876,55
5.048116404602346,55
5.762579702720538,65
5.936976031991449,65
5.762579702720538,65
5.936976031991449,65
5.037686340309588,65
5.215779448604507,65
5.68346052076461,65
5.808425832669458,65
5.808471828896706,65
5.215779448604507,65
5.68346052076461,65
5.808425832669458,65
5.808471828896706,65
5.561885564963837,65
5.561885564963837,65
5.175587070514531,65
5.106106297063303,65
5.683506516991858,65
5.561885564963837,65
5.561885564963837,65
5.17563306674178,65
5.106106297063303,65
5.683506516991858,65
5.037686340309588,65
5.037686340309588,65
5.68346052076461,65
4.405453871887269,65
4.3468723825707976,65
5.443521850734936,65
5.561885564963837,65
5.68346052076461,65
4.405453871887269,65
4.3468723825707976,65
5.443521850734936,65
5.561885564963837,65
4.559751351895967,65
3.6477978012245944,65
4.559751351895967,65
6.507230706659042,77
5.495605745230539,77
5.942899842075888,77
6.198044664397833,77
6.099547949662723,77
5.495605745230539,77
5.942939213950808,77
6.198044664397833,77
6.099547949662723,77
6.037976930458328,77
5.637136037566116,77
5.605296329082943,77
5.358408700371743,77
6.507230706659042,77
6.037976930458328,77
5.637136037566116,77
5.605335700957863,77
5.358408700371743,77
6.507230706659042,77
5.550115436958399,77
5.550115436958399,77
5.669203581321107,77
4.531351612821171,77
4.556387544515083,77
5.637136037566116,77
6.029249722018172,77
5.669203581321107,77
4.531351612821171,77
4.556387544515083,77
5.637136037566116,77
6.029249722018172,77
4.097422878832864,77
4.949746932968969,77
4.013235929990582,77
4.949746932968969,77
4.861540510051958,77
5.298754972715972,77
5.298754972715972,77
3.234332254069108,77
3.6656648982977846,77
6.32654516767786,83
6.32654516767786,83
6.32654516767786,83
5.569202635476063,83
5.569202635476063,83
5.23367926268964,83
5.329782018752292,83
6.895010086995736,83
5.569202635476063,83
5.569202635476063,83
5.23367926268964,83
5.329782018752292,83
6.895010086995736,83
5.521635940497602,83
5.521635940497602,83
4.707957376187206,83
5.329782018752292,83
6.2147035669375095,83
5.521635940497602,83
5.521635940497602,83
4.707933725694868,83
5.329782018752292,83
6.2147035669375095,83
4.81636111148965,83
4.764684970587185,83
4.222284206102421,83
4.764684970587185,83
5.541959876092789,83
5.541959876092789,83
3.4899731293288854,88
3.1054920388527556,88
3.4899731293288854,88
3.1054920388527556,88
6.029915935369911,97
6.029915935369911,97
5.849211107706925,97
5.849211107706925,97
6.029915935369911,97
6.029915935369911,97
5.849211107706925,97
5.849211107706925,97
5.299365770156127,97
5.5482619849107095,97
5.3856417632822415,97
5.5482619849107095,97
5.3856417632822415,97
5.263525424259972,43
5.374183395081641,43
5.263525424259972,43
5.374183395081641,43
5.263525424259972,43
5.374183395081641,43
5.263525424259972,43
5.374183395081641,43
5.374183395081641,43
6.138517933410955,55
6.310901498166682,55
6.138517933410955,55
6.310901498166682,55
6.138517933410955,55
6.490182209520817,55
6.310901498166682,55
6.138517933410955,55
6.310901498166682,55
6.310901498166682,55
6.4118221171542435,65
6.4118221171542435,65
6.4118221171542435,65
6.4118221171542435,65
6.4118221171542435,65
6.281916786247169,65
5.683506516991858,65
6.4118221171542435,65
6.4118221171542435,65
6.4118221171542435,65
6.4118221171542435,65
6.285522782773787,75
6.384019497508897,75
6.285522782773787,75
6.384019497508897,75
6.285522782773787,75
7.083140075082348,75
5.823110870677181,75
6.384019497508897,75
6.285522782773787,75
6.384019497508897,75
6.384019497508897,75
5.374183395081641,43
5.263525424259972,43
2.3016370001659756,43
5.263525424259972,43
5.374183395081641,43
5.263525424259972,43
5.374183395081641,43
5.263525424259972,43
5.263525424259972,43
5.374183395081641,43
5.374183395081641,43
6.265115810739885,56
6.310901498166682,55
6.138517933410955,55
2.110707983587355,55
6.138517933410955,55
6.310901498166682,55
6.138517933410955,55
5.582585898004296,55
5.582585898004296,55
6.310901498166682,55
6.138517933410955,55
6.138517933410955,55
6.310901498166682,55
6.310901498166682,55
5.582585898004296,55
6.4118221171542435,65
6.4118221171542435,65
2.0394398694657525,65
6.4118221171542435,65
6.4118221171542435,65
6.4118221171542435,65
5.796966251029342,65
5.796966251029342,65
6.4118221171542435,65
6.4118221171542435,65
6.4118221171542435,65
6.4118221171542435,65
6.4118221171542435,65
5.796966251029342,65
6.384019497508897,75
6.285522782773787,75
2.2897021939727447,75
6.285522782773787,75
6.384019497508897,75
6.285522782773787,75
5.956894540309852,75
5.956894540309852,75
6.384019497508897,75
6.285522782773787,75
6.285522782773787,75
6.384019497508897,75
6.384019497508897,75
5.956894540309852,75
1.4405055371523754,86
6.082256469696936,39
6.316416078038494,54
6.010103150137152,24
6.138546025859608,32
6.316630932016583,32
6.179725793837952,32
6.550386915674646,50
6.0693688847202,65
6.152760171397917,64
6.367605973033433,70
5.266578196996688,65
5.356171502503779,19
4.0277565992665405,55
5.521179398294896,55
5.683506516991858,65
5.0086802835918505,65
4.596431533399473,75
4.56011124992726,31
4.56011124992726,31
4.56011124992726,31
4.56011124992726,31
4.118959927231679,31
5.9671476594952,40
5.9671476594952,40
5.9671476594952,40
4.229006903442793,42
4.3018771288022695,42
3.527294960757275,43
3.527294960757275,43
3.527294960757275,43
3.527294960757275,43
3.693572453361716,43
3.693572453361716,43
3.693572453361716,43
3.009363390138676,43
3.009363390138676,43
3.009363390138676,43
3.009363390138676,43
3.009363390138676,43
3.009363390138676,43
4.2156364107821895,43
4.2156364107821895,43
4.2156364107821895,43
4.285387548332183,43
4.285387548332183,43
4.285387548332183,43
3.468328055820896,43
3.468328055820896,43
3.468328055820896,43
3.468328055820896,43
5.896368429245722,43
5.896368429245722,43
5.896368429245722,43
4.21563641078219,43
4.2156364107821895,43
4.613442755808096,43
4.356241516253395,43
4.356241516253395,43
4.356241516253395,43
4.356241516253395,43
4.356241516253395,43
4.356241516253395,43
4.21563641078219,43
4.2156364107821895,43
4.613442755808096,43
4.21563641078219,43
4.2156364107821895,43
4.613442755808096,43
4.356241516253395,43
4.356241516253395,43
4.356241516253395,43
4.289096981706079,43
4.289096981706079,43
4.289096981706079,43
2.6904934974743866,43
2.6904934974743866,43
2.6904934974743866,43
4.2156364107821895,43
4.2156364107821895,43
4.2156364107821895,43
4.689724088919364,43
4.689724088919364,43
4.689724088919364,43
4.767326376368296,43
4.767326376368296,43
4.767326376368296,43
4.196891478614717,48
4.5192239731629495,48
4.580787588050276,48
4.627227590347069,48
4.0445353755346325,50
4.172950148870644,49
4.044164846323894,49
4.044164846323894,49
4.044164846323894,49
4.172950148870644,49
4.172950148870644,49
4.172950148870644,49
4.225518729573082,49
4.225518729573082,49
4.225518729573082,49
4.84854704574821,49
5.082413329865411,49
5.699152541308105,49
4.909727792796122,49
4.909727792796122,49
5.130687621990228,49
5.130687621990228,49
5.130687621990228,49
5.130687621990228,49
4.84854704574821,49
5.082413329865411,49
5.699152541308105,49
4.84854704574821,49
5.082413329865411,49
5.699152541308105,49
2.4216983016909657,49
4.173320678081382,50
4.7434503001916815,49
4.7434503001916815,49
4.7434503001916815,49
4.909727792796122,49
5.082413329865411,49
5.245392022087018,49
4.909727792796122,49
4.909727792796122,49
4.6844833952553016,49
4.6844833952553016,49
4.6844833952553016,49
4.051057550731866,50
4.051057550731866,50
4.051057550731866,50
3.9066488369087926,49
3.9066488369087926,49
3.9066488369087926,49
3.3515376495890017,49
3.3515376495890017,49
3.3515376495890017,49
4.13392447306466,49
4.13392447306466,49
4.13392447306466,49
4.788190306906577,49
4.788190306906577,49
4.788190306906577,49
5.018846021249878,49
5.018846021249878,49
5.018846021249878,49
4.0111451391386845,55
4.0111451391386845,55
4.0111451391386845,55
4.0111451391386845,55
5.182703700188524,55
5.182703700188524,55
5.182703700188524,55
3.169606505914303,55
3.169606505914303,55
3.169606505914303,55
3.8968964921306344,55
3.8968964921306344,55
3.8968964921306344,55
4.204617778661293,55
4.204617778661293,55
4.204617778661293,55
4.237691139975824,55
4.204617778661293,55
4.204617778661293,55
4.204617778661293,55
1.446525191086384,55
1.446525191086384,55
1.446525191086384,55
5.27937906959569,55
5.279379069595689,55
6.005231674302989,55
5.765526405493009,55
5.765526405493009,55
5.765526405493009,55
5.4356409263487215,55
5.4356409263487215,55
5.4356409263487215,55
5.4356409263487215,55
5.719086403196216,55
5.719086403196216,55
5.719086403196216,55
5.719086403196216,55
5.27937906959569,55
5.27937906959569,55
5.279379069595689,55
5.279379069595689,55
6.005231674302989,55
6.005231674302989,55
5.27937906959569,55
5.279379069595689,55
6.005231674302989,55
6.005231674302989,55
4.08539521829021,55
4.08539521829021,55
4.08539521829021,55
4.08539521829021,55
4.08539521829021,55
4.08539521829021,55
4.327098995599919,55
4.327098995599919,55
4.327098995599919,55
2.6282292742003825,55
2.6282292742003825,55
2.6282292742003825,55
4.160896259989094,55
4.160896259989094,55
4.160896259989094,55
4.327098995599919,55
4.327098995599919,55
4.327098995599919,55
3.169606505914303,55
3.169606505914303,55
5.552808910591775,55
5.765526405493009,55
5.4356409263487215,55
5.4356409263487215,55
4.160896259989094,55
4.160896259989094,55
4.160896259989094,55
4.453022021637958,55
4.453022021637958,55
4.453022021637958,55
4.1175971780535745,55
4.1175971780535745,55
4.1175971780535745,55
4.361092231544146,55
4.361092231544146,55
4.361092231544146,55
4.453022021637958,55
4.453022021637958,55
4.453022021637958,55
4.2821721018566965,55
4.2821721018566965,55
4.2821721018566965,55
4.361092231544146,55
4.361092231544146,55
4.361092231544146,55
4.582585898004297,55
4.582585898004297,55
4.582585898004297,55
3.302333486054286,55
3.302333486054286,55
3.302333486054286,55
4.160896259989094,55
4.160896259989094,55
4.160896259989094,55
4.160896259989094,55
4.160896259989094,55
4.160896259989094,55
4.204617778661293,55
4.204617778661293,55
4.204617778661293,55
4.2821721018566965,55
4.2821721018566965,55
4.2821721018566965,55
2.5213419557826757,55
2.5213419557826757,55
2.5213419557826757,55
4.1175971780535745,55
4.1175971780535745,55
4.1175971780535745,55
4.08539521829021,55
4.08539521829021,55
4.08539521829021,55
4.237691139975824,55
4.237691139975824,55
4.237691139975824,55
2.2222265247655284,55
2.2222265247655284,55
2.2222265247655284,55
1.0928454851474543,55
2.3583632635610687,55
4.487987765609641,55
4.667029690757898,55
4.1175971780535745,55
4.1175971780535745,55
4.1175971780535745,55
4.160896259989094,55
4.160896259989094,55
4.160896259989094,55
4.2821721018566965,55
4.2821721018566965,55
4.2821721018566965,55
4.327098995599919,55
4.327098995599919,55
4.327098995599919,55
3.1089873384835816,55
3.1089873384835816,55
3.1089873384835816,55
4.1175971780535745,55
4.1175971780535745,55
4.1175971780535745,55
4.237691139975824,55
4.237691139975824,55
4.237691139975824,55
4.2821721018566965,55
4.2821721018566965,55
4.2821721018566965,55
4.453022021637958,55
4.453022021637958,55
4.453022021637958,55
4.755743057431653,65
4.755743057431653,65
4.755743057431653,65
4.755743057431653,65
5.027996779523445,65
5.027996779523445,65
5.027996779523445,65
4.0183281239548,65
4.0183281239548,65
4.0183281239548,65
4.13575196273349,65
4.13575196273349,65
4.13575196273349,65
4.159610511283939,65
4.13575196273349,65
4.13575196273349,65
4.13575196273349,65
4.338565762736138,65
4.159610511283939,65
4.159610511283939,65
4.159610511283939,65
1.7976189511715273,65
1.7976189511715273,65
1.7976189511715273,65
1.609064679434909,64
5.35936125303452,65
5.751191081298563,65
6.725672011354488,65
5.627789989730242,65
5.627789989730242,65
5.627789989730242,65
5.359361253034525,65
5.359361253034525,65
5.359361253034525,65
5.359361253034525,65
5.175587070514531,65
5.175587070514531,65
5.175587070514531,65
5.175587070514531,65
5.35936125303452,65
5.35936125303452,65
5.751191081298563,65
5.751191081298563,65
6.725672011354488,65
6.725672011354488,65
5.35936125303452,65
5.35936125303452,65
5.751191081298563,65
6.725672011354488,65
6.725672011354488,65
4.248194925327537,65
4.248194925327537,65
4.248194925327537,65
4.405453871887269,65
4.405453871887269,65
4.405453871887269,65
4.499086188237998,65
4.499086188237998,65
4.499086188237998,65
2.8366240408408006,65
2.8366240408408006,65
2.8366240408408006,65
4.159610511283939,65
4.159610511283939,65
4.159610511283939,65
4.338565762736138,65
4.338565762736138,65
4.338565762736138,65
2.8604297813769004,65
2.8604297813769004,65
5.359361253034525,65
5.5509951097435115,65
5.5509951097435115,65
5.5509951097435115,65
5.925136077633466,65
5.925136077633466,65
5.925136077633466,65
5.359361253034525,65
5.359361253034525,65
4.8570744481591746,65
4.8570744481591746,65
4.8570744481591746,65
4.885112621691222,65
4.885112621691222,65
4.885112621691222,65
4.692432335808704,65
4.524965490865716,65
4.524965490865716,65
4.524965490865716,65
4.885112621691222,65
4.885112621691222,65
4.885112621691222,65
4.755743057431653,65
4.755743057431653,65
4.755743057431653,65
4.13575196273349,65
4.13575196273349,65
4.13575196273349,65
4.159610511283939,65
4.159610511283939,65
4.159610511283939,65
4.0183281239548,65
4.0183281239548,65
4.0183281239548,65
4.656652344403179,65
4.656652344403179,65
4.656652344403179,65
4.755743057431653,65
4.755743057431653,65
4.755743057431653,65
4.5597053556687195,65
4.5597053556687195,65
4.5597053556687195,65
4.885112621691222,65
4.885112621691222,65
4.885112621691222,65
2.9023965640864606,65
2.9023965640864606,65
2.9023965640864606,65
4.10413687487484,65
4.10413687487484,65
4.10413687487484,65
4.795139162334372,67
4.795139162334372,67
4.795139162334372,67
4.656652344403179,65
4.656652344403179,65
4.656652344403179,65
2.684894804699953,65
2.684894804699953,65
2.684894804699953,65
4.10413687487484,65
4.10413687487484,65
4.10413687487484,65
2.0643045550444086,65
2.0643045550444086,65
2.0643045550444086,65
3.194834430599937,65
1.069303351009141,65
1.069303351009141,65
1.069303351009141,65
1.746134707333428,65
1.746134707333428,65
1.746134707333428,65
1.7647878877196552,65
1.7647878877196552,65
1.7647878877196552,65
1.0096826918056427,65
1.0096826918056427,65
1.0096826918056427,65
1.4665188304375503,65
1.4665188304375503,65
1.4665188304375503,65
1.7976189511715273,65
1.7976189511715273,65
1.7976189511715273,65
2.0096826918056427,65
2.0096826918056427,65
2.0096826918056427,65
1.8164881163862312,65
1.8164881163862312,65
1.8164881163862312,65
4.922771835891622,65
4.960750199779175,65
4.13575196273349,65
4.13575196273349,65
4.13575196273349,65
4.371885024904951,65
4.371885024904951,65
4.371885024904951,65
4.405453871887269,65
4.6211557618454755,65
4.6211557618454755,65
4.6211557618454755,65
4.10413687487484,65
4.10413687487484,65
4.10413687487484,65
4.10413687487484,65
4.10413687487484,65
4.10413687487484,65
4.159610511283939,65
4.159610511283939,65
4.159610511283939,65
4.191620791080563,65
4.191620791080563,65
4.191620791080563,65
4.223861362639348,65
4.223861362639348,65
4.223861362639348,65
4.309046099930541,75
4.309046099930541,75
4.309046099930541,75
4.423309459921533,75
4.423309459921533,75
4.423309459921533,75
4.4491018771198965,75
4.4491018771198965,75
4.4491018771198965,75
4.7916692291663106,75
4.494598918841359,75
4.494598918841359,75
4.494598918841359,75
2.071514167786689,75
2.071514167786689,75
2.071514167786689,75
1.8253098585270005,75
4.59367635407977,75
4.593676354079774,75
6.779470139065108,75
5.984218086753248,75
5.984218086753248,75
5.984218086753248,75
5.69328632683023,75
5.69328632683023,75
5.69328632683023,75
5.69328632683023,75
4.640672950815304,75
4.640672950815304,75
4.640672950815304,75
4.640672950815304,75
4.59367635407977,75
4.59367635407977,75
4.593676354079774,75
4.593676354079774,75
6.779470139065108,75
6.779470139065108,75
4.59367635407977,75
4.59367635407977,75
4.593676354079774,75
6.779470139065108,75
6.779470139065108,75
4.840800403841541,75
4.840800403841541,75
4.840800403841541,75
5.246803153276395,75
5.246803153276395,75
5.246803153276395,75
5.277816565063631,75
5.277816565063631,75
5.277816565063631,75
2.9053437500483668,75
2.9053437500483668,75
2.9053437500483668,75
4.130871593408056,75
4.130871593408056,75
4.130871593408056,75
4.240626143176827,75
4.240626143176827,75
4.240626143176827,75
3.4400576356692643,75
5.69328632683023,75
6.113587651012818,75
6.113587651012818,75
6.113587651012818,75
6.324742858947655,75
6.324742858947655,75
6.324742858947655,75
5.69328632683023,75
5.69328632683023,75
4.7155351644065915,75
4.7155351644065915,75
4.7155351644065915,75
5.849630791167071,75
5.3090460999305416,75
5.3090460999305416,75
5.3090460999305416,75
5.849630791167071,75
5.849630791167071,75
5.849630791167071,75
4.106842473544156,75
4.106842473544156,75
4.106842473544156,75
4.4491018771198965,75
4.4491018771198965,75
4.4491018771198965,75
4.998815559326946,75
4.998815559326946,75
4.998815559326946,75
5.388085540605535,75
5.388085540605535,75
5.388085540605535,75
4.7155351644065915,75
4.7155351644065915,75
4.7155351644065915,75
5.0281539300204185,75
5.0281539300204185,75
5.0281539300204185,75
5.659271589581614,75
5.659271589581614,75
5.659271589581614,75
3.9363810276760227,75
3.9363810276760227,75
3.9363810276760227,75
4.520806128720297,75
4.520806128720297,75
4.520806128720297,75
5.277816565063631,75
5.277816565063631,75
5.277816565063631,75
5.4523363919609436,75
5.4523363919609436,75
5.4523363919609436,75
3.2927795843660035,75
3.2927795843660035,75
3.2927795843660035,75
4.334187372701929,75
4.334187372701929,75
4.334187372701929,75
2.805651830580815,75
2.805651830580815,75
2.805651830580815,75
3.8961886495860476,75
1.8416473664139523,75
1.8416473664139523,75
1.8416473664139523,75
2.506635203616076,75
2.506635203616076,75
2.506635203616076,75
2.873382391114767,75
2.873382391114767,75
2.873382391114767,75
1.1559993114001974,75
1.1559993114001974,75
1.1559993114001974,75
1.8272144389057443,75
1.8272144389057443,75
1.8272144389057443,75
2.5998249912305393,75
2.5998249912305393,75
2.5998249912305393,75
2.8416473664139534,75
2.8416473664139534,75
2.8416473664139534,75
2.61697877339104,75
2.61697877339104,75
2.61697877339104,75
6.090700128194929,77
6.126196710752632,77
4.976100869213291,77
4.976100869213291,77
4.976100869213291,77
4.976100869213291,77
5.032738566194168,77
5.060747533105207,77
5.101366108648241,77
5.101366108648241,77
5.101366108648241,77
4.032732297769424,77
4.032732297769424,77
4.032732297769424,77
4.116919246611706,77
4.116919246611706,77
4.116919246611706,77
4.116919246611706,77
4.116919246611706,77
4.116919246611706,77
4.154439171049406,77
5.395014904437214,83
5.421376275260714,83
5.252735649098687,83
5.252735649098687,83
5.252735649098687,83
4.707957376187206,83
4.7305623175219225,83
4.747591166831684,83
4.112366496844155,83
4.127197464989441,83
5.252735649098687,83
4.284977376641311,85
4.284977376641311,85
4.284977376641311,85
4.858297203336008,85
4.858297203336008,85
4.858297203336008,85
4.858297203336008,85
4.858297203336008,85
4.858297203336008,85
5.109871521703537,85
4.880592871800602,85
4.880592871800602,85
4.880592871800602,85
5.926931014214825,85
6.813691827932876,85
6.686490664599829,85
6.686490664599829,85
6.686490664599829,85
5.580729529214643,85
5.580729529214643,85
5.580729529214643,85
5.580729529214643,85
5.376412886166596,85
5.376412886166596,85
5.376412886166596,85
5.376412886166596,85
5.801665774779875,85
5.801665774779875,85
5.801665774779875,85
5.926931014214825,85
5.926931014214825,85
6.813691827932876,85
6.813691827932876,85
6.813691827932876,85
6.813691827932876,85
4.79754997459675,85
4.79754997459675,85
4.79754997459675,85
4.94248415217829,85
4.94248415217829,85
4.94248415217829,85
5.283754448507723,85
5.283754448507723,85
5.283754448507723,85
2.9531479926420383,85
2.9531479926420383,85
2.9531479926420383,85
4.1310937560811105,85
4.1310937560811105,85
4.1310937560811105,85
4.145297952180938,85
4.145297952180938,85
4.145297952180938,85
5.955249718986985,85
5.580729529214643,85
5.580729529214643,85
4.858297203336008,85
4.858297203336008,85
4.858297203336008,85
5.376412886166596,85
5.308276644402545,85
5.308276644402545,85
5.308276644402545,85
5.376412886166596,85
5.376412886166596,85
5.376412886166596,85
4.324288331500522,85
4.324288331500522,85
4.324288331500522,85
4.79754997459675,85
4.79754997459675,85
4.79754997459675,85
5.395176710303825,85
5.395176710303825,85
5.395176710303825,85
5.15122968053568,85
5.15122968053568,85
5.15122968053568,85
4.959513001488052,85
4.959513001488052,85
4.959513001488052,85
5.045641599680856,85
5.045641599680856,85
5.045641599680856,85
5.464657483755054,85
5.464657483755054,85
5.464657483755054,85
3.4120057605934937,85
3.4120057605934937,85
3.4120057605934937,85
4.378910194739287,85
4.378910194739287,85
4.378910194739287,85
5.045641599680856,85
5.045641599680856,85
5.045641599680856,85
5.045641599680856,85
5.045641599680856,85
5.045641599680856,85
4.339119299645809,85
4.339119299645809,85
4.339119299645809,85
2.310883880229027,85
2.310883880229027,85
2.310883880229027,85
3.4281405039189154,85
3.4281405039189154,85
3.4281405039189154,85
3.5635163480816754,85
3.5635163480816754,85
3.5635163480816754,85
1.7715161200342038,85
1.7715161200342038,85
1.7715161200342038,85
2.497368724741504,85
2.497368724741504,85
2.497368724741504,85
2.9386332589243565,85
2.9386332589243565,85
2.9386332589243565,85
3.685955601603823,85
3.685955601603823,85
3.685955601603823,85
3.0449459610302894,85
3.0449459610302894,85
3.0449459610302894,85
3.059809722973934,85
3.059809722973934,85
3.059809722973934,85
6.451451697702106,97
6.451451697702106,97
6.451451697702106,97
4.815246228867595,98
4.815246228867595,98
4.815246228867595,98
4.878897864259041,98
4.878897864259041,98
4.878897864259041,98
5.422817343081843,98
5.422817343081843,98
5.422817343081843,98
5.673423805130912,98
5.673423805130912,98
5.673423805130912,98
3.0196798283056934,98
3.0196798283056934,98
3.0196798283056934,98
3.550101644601151,98
3.920895160288047,98
3.920895160288047,98
3.920895160288047,98
5.167745019126502,100
5.167745019126502,100
5.167745019126502,100
5.228955611369014,100
5.228955611369014,100
5.228955611369014,100
4.529489082228129,114
4.529489082228129,114
4.529489082228129,114
5.0167187257265855,32
3.4842171489595257,50
4.9068324559328165,70
5.572538474564652,40
6.003308177326366,50
5.0167187257265855,32
5.501756976116015,50
5.552808910591775,55
5.1409897508048665,70
8.250935841299443,40
8.250935841299443,40
5.406335965700415,21
5.409893958839594,24
7.535523401336893,27
5.494129989355613,32
8.250935841299443,40
8.250935841299443,40
4.716505623764874,23
4.716688671366295,19
4.716688671366295,19
4.076493871316421,22
4.076493871316421,22
4.076493871316421,22
4.353523151201296,24
4.353523151201296,24
4.91366815087741,31
4.91366815087741,31
5.702901571552478,24
5.702901571552478,24
5.702901571552478,24
5.537230124415072,27
5.537230124415072,27
5.537230124415072,27
5.522126954239557,24
5.048057871940883,31
6.022503316218213,39
5.793854274363063,31
6.371851645208939,50
6.453747698931702,55
5.8431668676196225,65
3.44650912314627,21
5.506827258294353,42
6.316078253768346,43
6.459455558274884,43
6.082627418214837,50
4.554792152697652,50
4.638361742226943,55
5.154958966766685,32
5.113003983576456,43
6.223880897558965,55
6.223880897558965,55
4.773997339769842,65
4.54903877620938,32
6.786685432458066,65
5.374959813342991,42
5.958735139152896,48
6.254009015635187,55
5.364387670240893,19
5.940776174701802,19
5.409034620500062,32
6.455960914384086,32
4.705189047533716,42
6.080700583060862,43
5.054569779475225,43
5.054569779475225,43
6.8508337816881255,43
5.160019823949335,43
4.67338811583935,48
4.610928287797283,48
4.950744667071304,49
5.2369011346465655,49
4.617791428508175,49
5.154397771806109,55
4.522165303383788,55
5.813818228446395,55
5.598914446376031,55
4.842211692706378,55
4.880351668599854,55
4.351098007717853,55
5.451486016052559,55
4.705078263268265,55
4.742064058771265,55
4.3967108199896465,55
5.047053235603204,55
6.0873976439379245,65
5.149211315232029,65
6.667999301808216,65
6.667999301808216,65
5.055649922970425,65
5.1941595831467815,65
4.772518722227953,65
6.031360323573905,65
5.084972296619138,65
5.084972296619138,65
4.809251879677063,65
5.089853889610663,65
6.534122799891754,75
5.018896730900075,75
5.777103744055873,75
6.566521370096463,75
6.932494275476429,75
4.728380984251501,77
4.827312598314211,77
4.050316322792688,24
4.53503722787905,55
5.016707910976807,32
5.016707910976807,32
5.016707910976807,32
4.570737326913083,32
5.016707910976807,32
5.016707910976807,32
5.016707910976807,32
5.016707910976807,32
5.572538474564652,40
5.047679210920771,43
5.047679210920771,43
5.047679210920771,43
5.047679210920771,43
6.003308177326366,50
6.003308177326366,50
6.003308177326366,50
6.003308177326366,50
4.806637331227508,43
6.748617205916893,32
6.811478075798014,42
4.806637331227508,43
4.806637331227508,43
6.0285904596598705,43
4.850355399822925,50
6.154670935475992,49
4.850355399822925,50
4.850355399822925,50
5.597548917306669,55
5.597548917306669,55
6.362873505749178,55
5.597548917306669,55
5.134600946592181,65
5.134600946592181,65
6.892196061447218,65
5.134600946592181,65
4.763834232115938,75
4.763834232115938,75
6.766701504595493,75
4.763834232115938,75
7.2934680150976785,85
5.185512454710998,18
3.8315494183737586,42
4.28214341530283,48
5.642740091361378,55
5.34866930964935,55
4.524594001452291,55
3.7668919345623704,55
5.048116404602346,55
5.913327322137348,65
5.616738393210111,65
4.549516492201622,65
4.353715810350296,65
5.8199610259565295,65
6.423593808048994,75
6.766701504595493,75
5.701502244502283,77
5.152245541075576,77
7.009675422002095,77
6.944609223008149,85
6.15677413639015,65
4.549090282769516,42
5.067119924693827,42
5.070976566673033,43
5.141294446384899,49
5.1471093957013325,50
5.292298502011051,55
5.657905656148303,55
5.346992914065456,57
4.62589592565582,64
5.634761250243758,64
6.0207893291425405,65
4.021953721223637,64
4.507742024035239,65
5.509077110635397,70
5.857093446876125,75
5.632024320830119,75
5.035437844893429,75
5.63384811414874,75
5.517441046813487,75
4.00984086202183,85
4.189669496698741,97
4.191691627513516,98
4.91366815087741,31
4.91366815087741,31
5.555846834752298,31
5.555846834752298,31
5.555846834752298,31
4.611447961772836,43
4.029236682652612,43
4.029236682652612,43
4.029236682652612,43
4.029236682652612,43
4.2156364107821895,43
4.2156364107821895,43
4.2156364107821895,43
4.2156364107821895,43
4.2156364107821895,43
4.2156364107821895,43
4.2156364107821895,43
4.356241516253395,43
4.164026395642909,43
4.356241516253395,43
4.356241516253395,43
4.356241516253395,43
4.164026395642909,43
4.164026395642909,43
4.164026395642909,43
4.164026395642909,43
4.164026395642909,43
4.164026395642909,43
5.796777216979777,43
5.972593664336952,43
5.972593664336952,43
5.972593664336952,43
4.2156364107821895,43
4.2156364107821895,43
4.2156364107821895,43
4.281582860753533,42
4.281582860753533,42
4.281582860753533,42
4.281582860753533,42
4.410126976514222,43
4.356241516253395,43
4.356241516253395,43
4.410126976514222,43
4.410126976514222,43
4.356241516253395,43
4.356241516253395,43
4.410126976514222,43
4.410126976514222,43
4.356241516253395,43
4.356241516253395,43
5.380181735077315,49
4.13392447306466,49
4.13392447306466,49
4.13392447306466,49
4.13392447306466,49
4.8485470457482105,49
4.373715618999169,50
4.8485470457482105,49
4.8485470457482105,49
4.373715618999169,50
4.373715618999169,50
4.373715618999169,50
5.380181735077315,49
4.68485392446604,50
5.380181735077315,49
5.380181735077315,49
5.380181735077315,49
5.380181735077315,49
4.68485392446604,50
4.68485392446604,50
4.68485392446604,50
4.6844833952553016,49
4.6844833952553016,49
4.6844833952553016,49
6.122605707955387,49
6.122605707955387,49
6.122605707955387,49
5.245392022087018,49
5.245392022087018,49
5.245392022087018,49
4.2768165620335985,49
4.2768165620335985,49
4.2768165620335985,49
5.380181735077315,49
5.380181735077315,49
5.380181735077315,49
5.380181735077315,49
5.380181735077315,49
5.380181735077315,49
5.380181735077315,49
5.380181735077315,49
5.380181735077315,49
5.380181735077315,49
5.380181735077315,49
5.828204631649972,55
4.1175971780535745,55
4.1175971780535745,55
4.1175971780535745,55
4.1175971780535745,55
5.597548917306669,55
4.753095273755667,55
5.597548917306669,55
5.597548917306669,55
4.753095273755667,55
4.753095273755667,55
4.753095273755667,55
5.719086403196216,55
4.803028047916603,55
5.719086403196216,55
5.719086403196216,55
5.719086403196216,55
5.719086403196216,55
4.803028047916603,55
4.803028047916603,55
4.803028047916603,55
4.803028047916603,55
4.803028047916603,55
4.803028047916603,55
5.4356409263487215,55
5.4356409263487215,55
5.4356409263487215,55
5.4356409263487215,55
5.4356409263487215,55
5.4356409263487215,55
5.940046232390322,55
5.940046232390322,55
5.940046232390322,55
4.581522729005154,55
4.581522729005154,55
4.581522729005154,55
5.719086403196216,55
5.719086403196216,55
5.719086403196216,55
5.719086403196216,55
5.719086403196216,55
5.719086403196216,55
5.719086403196216,55
5.719086403196216,55
5.719086403196216,55
5.719086403196216,55
5.719086403196216,55
5.298558833368372,58
5.280728755120342,60
5.50774202403524,65
5.286995341885052,65
5.286995341885052,65
5.286995341885052,65
5.286995341885052,65
5.401243988893101,65
5.135751962733489,65
5.401243988893101,65
5.401243988893101,65
5.135751962733489,65
5.135751962733489,65
5.135751962733489,65
5.475494068044627,65
5.175587070514531,65
5.475494068044627,65
5.475494068044627,65
5.475494068044627,65
5.475494068044627,65
5.175587070514531,65
5.175587070514531,65
5.175587070514531,65
5.175587070514531,65
5.175587070514531,65
5.175587070514531,65
5.59471662841571,65
5.59471662841571,65
5.59471662841571,65
5.59471662841571,65
5.59471662841571,65
5.59471662841571,65
6.008680283591851,65
6.008680283591851,65
6.008680283591851,65
5.402392870035829,65
5.402392870035829,65
5.402392870035829,65
5.5509951097435115,65
5.507696027807992,65
5.507696027807992,65
5.5509951097435115,65
5.5509951097435115,65
5.507696027807992,65
5.507696027807992,65
5.5509951097435115,65
5.5509951097435115,65
5.507696027807992,65
5.507696027807992,65
5.611353767140227,70
5.277816565063631,75
5.277816565063631,75
5.277816565063631,75
5.823191657737304,75
5.823191657737304,75
5.823191657737304,75
5.057685635688115,75
5.057685635688115,75
5.057685635688115,75
5.057685635688115,75
5.885127373724774,75
5.109839076877291,75
5.885127373724774,75
5.885127373724774,75
5.885127373724774,75
5.885127373724774,75
5.109839076877291,75
5.109839076877291,75
5.109839076877291,75
5.109839076877291,75
5.727561217559593,75
5.727561217559593,75
5.727561217559593,75
5.727561217559593,75
5.727561217559593,75
5.727561217559593,75
6.58783628235612,75
6.58783628235612,75
6.58783628235612,75
5.376740651485925,75
5.376740651485925,75
5.376740651485925,75
6.0116274695537575,75
5.920907365130298,75
5.920907365130298,75
6.0116274695537575,75
6.0116274695537575,75
5.920907365130298,75
5.920907365130298,75
6.0116274695537575,75
6.0116274695537575,75
5.920907365130298,75
5.920907365130298,75
5.241160861305282,85
5.241160861305282,85
5.241160861305282,85
6.720059511582148,85
5.32675675355011,85
6.720059511582148,85
6.720059511582148,85
5.32675675355011,85
5.32675675355011,85
6.779416937203513,85
6.779416937203513,85
6.779416937203513,85
6.779416937203513,85
6.779416937203513,85
5.395176710303825,85
5.395176710303825,85
5.395176710303825,85
5.395176710303825,85
6.538467002334227,85
6.538467002334227,85
6.538467002334227,85
6.538467002334227,85
6.839571130560595,85
6.839571130560595,85
6.839571130560595,85
6.813691827932876,85
6.813691827932876,85
6.813691827932876,85
6.813691827932876,85
6.813691827932876,85
6.813691827932876,85
6.813691827932876,85
6.813691827932876,85
6.813691827932876,85
6.813691827932876,85
6.813691827932876,85
4.258270181780565,98
4.258270181780565,98
4.258270181780565,98
5.384875153109447,98
5.384875153109447,98
5.384875153109447,98
7.143924899602363,100
7.143924899602363,100
7.143924899602363,100
5.003308177326365,50
5.003308177326365,50
5.008515969149676,55
5.008515969149676,55
5.053262883445185,24
4.566598076666048,24
5.123962448526531,24
4.184338549835408,32
3.8510476715487516,24
3.8510476715487516,24
3.8510476715487516,24
3.8510476715487516,24
3.8510476715487516,24
5.483988771987925,32
5.483988771987925,32
5.483988771987925,32
5.483988771987925,32
5.483988771987925,32
6.120990724239581,24
5.053441577037442,32
3.683084849202257,39
4.798447235076666,24
5.570054909528788,32
5.48435437864407,32
5.3693943713016585,40
5.6001935544751715,42
4.1544565935330064,50
4.0428160845075745,55
5.52322847238293,55
5.52322847238293,55
6.122605707955387,49
5.52322847238293,55
5.796920254802094,65
5.509321611791012,75
7.192386380026285,60
5.084221683940127,50
4.887294325626479,55
4.503588370150543,64
4.732242536302513,75
5.654952556556123,40
5.600491790512466,32
5.600491790512466,32
5.600491790512466,32
5.600491790512466,32
7.035028893387631,43
7.035028893387631,43
7.035028893387631,43
7.035028893387631,43
7.087207125920074,43
7.087207125920074,43
6.528056286326917,40
6.528056286326917,40
6.528056286326917,40
6.528056286326917,40
5.154958966766685,32
4.497596729556777,42
5.566795994720792,49
5.445642872344173,55
3.9679651265589566,55
5.7272967610449665,48
5.871317766395888,55
6.159730989517401,65
4.085735586348889,42
4.226233251794239,48
4.440363968763781,55
4.440363968763781,55
4.4635838140673165,55
3.5600633737892173,55
3.764463236493867,55
5.146826473886623,65
5.146826473886623,65
4.622304642988203,65
5.136900843876218,65
4.216928329747233,65
4.381402573498731,65
2.3864312855854646,65
2.6177106701433326,65
4.201837238388788,75
5.175893306913336,75
3.3058881507510876,75
3.3058881507510876,75
5.1250055072718785,77
5.1250055072718785,77
5.778283941245271,77
4.883152215937381,83
4.5210282913933515,85
5.217002203781339,85
3.5635163480816754,85
3.7419471627696193,85
5.388586341458297,98
5.952001359469709,55
4.323802247529118,65
5.511654351347501,24
5.461003954625391,24
4.716505623764874,23
4.89517666610133,31
4.89517666610133,31
